ref,dis,mos
163.png,163_len5_len2_gb_2.png,2.6
253.png,253_len2_len5_bd_1.png,2.875
47.png,47_len3_len5_gn_2.png,2.7
211.png,211_len6_len3_st_1.png,3.0
223.png,223_len3_gn_3.png,3.1
211.png,211_len6_gb_1.png,2.8
230.png,230_len3_gb_1.png,3.444444444
178.png,178_len4_gb_3.png,3.1
289.png,289_len4_gb_1.png,3.5
180.png,180_len3_st_1.png,3.2
32.png,32_len2_len6_st_1.png,3.5
149.png,149_len3_st_3.png,1.4
258.png,258_len2_len5_bd_3.png,1.3
122.png,122_len1_len4_gn_1.png,4.1
109.png,109_len3_gb_3.png,2.7
31.png,31_len3_len5_gn_3.png,2.333333333
326.png,326_len5_len2_st_1.png,2.2
322.png,322_len1_gn_1.png,3.5
132.png,132_len6_len3_st_1.png,2.5
408.png,408_len5_len2_gb_3.png,2.2
404.png,404_len3_len1_st_3.png,1.555555556
39.png,39_len3_gn_2.png,3.2
132.png,132_len6_bd_2.png,3.0
335.png,335_len5_gb_3.png,1.888888889
200.png,200_len3_len6_gb_1.png,3.666666667
393.png,393_len3_gb_1.png,3.7
138.png,138_len4_len1_bd_2.png,2.333333333
403.png,403_len3_st_1.png,2.8
159.png,159_len4_len1_st_1.png,3.25
297.png,297_len2_len4_gn_3.png,2.222222222
39.png,39_len3_len1_bd_1.png,2.7
255.png,255_len5_st_3.png,2.6
259.png,259_len5_len2_st_3.png,1.9
193.png,193_len4_len6_gn_2.png,2.8
215.png,215_len4_gb_3.png,2.875
273.png,273_len3_gb_2.png,3.0
386.png,386_len5_len3_bd_2.png,2.444444444
283.png,283_len6_len4_gn_3.png,1.888888889
199.png,199_len2_st_3.png,2.0
115.png,115_len6_len3_gn_2.png,2.9
41.png,41_len3_len6_bd_3.png,1.9
367.png,367_len2_len5_st_3.png,2.4
341.png,341_len2_len6_st_2.png,2.7
352.png,352_len4_st_1.png,3.0
358.png,358_len6_bd_3.png,2.2
394.png,394_len5_bd_1.png,4.0
102.png,102_len2_len6_bd_3.png,2.4
217.png,217_len2_gb_2.png,3.222222222
393.png,393_len3_st_3.png,2.2
224.png,224_len3_len6_bd_2.png,2.8
64.png,64_len1_len5_st_3.png,1.2
150.png,150_len2_gn_3.png,3.0
248.png,248_len2_len5_st_2.png,2.8
407.png,407_len3_len5_st_2.png,2.2
232.png,232_len2_gb_2.png,2.5
278.png,278_len6_len2_gn_3.png,1.888888889
159.png,159_len4_len1_gb_3.png,2.3
139.png,139_len6_bd_2.png,2.142857143
161.png,161_len4_gb_2.png,3.1
200.png,200_len3_len6_gb_3.png,1.7
335.png,335_len5_st_3.png,1.888888889
125.png,125_len2_bd_1.png,3.0
133.png,133_len1_len4_gn_1.png,3.333333333
339.png,339_len4_bd_3.png,2.0
275.png,275_len3_bd_2.png,2.2
337.png,337_len3_st_2.png,2.555555556
120.png,120_len1_st_2.png,2.375
377.png,377_len4_len2_gn_2.png,2.555555556
307.png,307_len4_len2_gb_1.png,3.5
197.png,197_len1_len4_bd_2.png,2.2
90.png,90_len5_len2_st_2.png,2.333333333
108.png,108_len3_len6_st_2.png,2.1
204.png,204_len4_gn_1.png,4.2
274.png,274_len3_len5_gn_1.png,3.2
288.png,288_len4_len1_gn_1.png,3.5
154.png,154_len3_st_2.png,3.5
283.png,283_len6_len4_st_3.png,1.8
127.png,127_len1_bd_1.png,2.666666667
360.png,360_len2_len6_gn_1.png,3.444444444
372.png,372_len3_len5_gb_1.png,3.4
14.png,14_len2_len6_st_1.png,3.0
89.png,89_len2_bd_2.png,3.1
261.png,261_len4_len1_gn_2.png,2.4
100.png,100_len5_len2_gb_1.png,3.111111111
307.png,307_len4_len2_bd_2.png,2.5
401.png,401_len1_len4_bd_2.png,2.5
151.png,151_len3_bd_3.png,1.777777778
48.png,48_len4_bd_1.png,3.5
117.png,117_len3_st_1.png,3.2
278.png,278_len6_len2_gb_1.png,3.2
409.png,409_len2_len5_gb_3.png,2.1
255.png,255_len5_len1_st_1.png,2.888888889
50.png,50_len6_gn_1.png,3.6
75.png,75_len3_bd_2.png,3.1
101.png,101_len1_len4_gb_2.png,2.666666667
407.png,407_len3_gn_1.png,3.6
281.png,281_len4_len6_gb_2.png,2.5
136.png,136_len4_gb_2.png,2.857142857
256.png,256_len4_len1_st_2.png,2.6
282.png,282_len1_gb_2.png,3.2
266.png,266_len2_len5_gn_1.png,2.555555556
120.png,120_len1_len4_bd_2.png,2.3
244.png,244_len4_len1_bd_2.png,2.1
185.png,185_len6_bd_1.png,3.625
153.png,153_len1_gn_3.png,2.8
264.png,264_len2_len4_bd_1.png,3.0
59.png,59_len1_len5_bd_1.png,3.222222222
48.png,48_len4_len1_bd_3.png,2.0
3.png,3_len5_len2_gb_2.png,2.5
46.png,46_len2_gn_2.png,3.2
182.png,182_len1_st_3.png,2.375
223.png,223_len3_len6_gn_1.png,3.857142857
352.png,352_len4_len1_st_2.png,1.875
24.png,24_len2_len6_gb_2.png,2.2
20.png,20_len3_st_2.png,3.375
418.png,418_len5_bd_3.png,3.0
232.png,232_len2_gb_3.png,2.428571429
351.png,351_len2_len6_st_2.png,2.1
63.png,63_len3_gn_1.png,3.444444444
391.png,391_len4_len1_gb_3.png,2.4
166.png,166_len4_len1_bd_3.png,1.777777778
217.png,217_len2_gb_3.png,2.8
382.png,382_len4_len1_st_2.png,2.0
235.png,235_len6_len4_st_2.png,2.625
330.png,330_len3_gb_3.png,3.2
96.png,96_len2_st_3.png,2.0
40.png,40_len6_gb_1.png,3.0
213.png,213_len4_len1_bd_3.png,2.0
15.png,15_len2_gb_1.png,2.8
39.png,39_len3_st_2.png,2.9
399.png,399_len2_bd_1.png,3.3
6.png,6_len4_gb_3.png,2.4
5.png,5_len5_len3_gb_2.png,2.8
277.png,277_len4_st_2.png,3.3
408.png,408_len5_len2_gn_1.png,3.333333333
59.png,59_len1_len5_gn_3.png,2.777777778
71.png,71_len4_len1_gn_2.png,3.0
233.png,233_len4_len1_gb_1.png,3.0
213.png,213_len4_len1_gb_1.png,3.375
385.png,385_len5_st_2.png,2.5
359.png,359_len4_len1_bd_3.png,1.333333333
415.png,415_len3_len5_st_1.png,3.2
49.png,49_len5_gb_2.png,2.8
225.png,225_len3_bd_1.png,2.888888889
6.png,6_len4_gb_2.png,2.9
131.png,131_len6_len3_gn_3.png,2.2
362.png,362_len2_gb_3.png,2.666666667
410.png,410_len1_bd_1.png,3.2
367.png,367_len2_len5_gb_1.png,3.0
97.png,97_len4_bd_1.png,3.444444444
303.png,303_len5_bd_3.png,2.6
235.png,235_len6_gn_1.png,3.777777778
33.png,33_len3_len6_gb_2.png,2.6
314.png,314_len5_len2_gn_1.png,3.2
275.png,275_len3_len6_gn_3.png,2.25
206.png,206_len2_gn_2.png,2.666666667
82.png,82_len1_bd_2.png,3.3
62.png,62_len5_len2_st_3.png,2.1
224.png,224_len3_bd_3.png,2.8
393.png,393_len3_len6_bd_1.png,3.0
296.png,296_len6_gn_1.png,3.8
145.png,145_len6_st_1.png,2.444444444
304.png,304_len3_len6_gb_3.png,2.2
342.png,342_len3_gn_3.png,3.0
356.png,356_len6_gb_1.png,3.333333333
154.png,154_len3_len6_gb_2.png,2.8
93.png,93_len4_bd_3.png,2.5
358.png,358_len6_len3_bd_1.png,3.0
144.png,144_len2_bd_2.png,3.2
218.png,218_len5_gb_3.png,3.444444444
270.png,270_len1_gn_1.png,3.2
89.png,89_len2_len5_gn_2.png,3.4
216.png,216_len2_gn_3.png,3.0
416.png,416_len3_len6_gb_3.png,1.8
137.png,137_len4_gb_2.png,3.2
288.png,288_len4_len1_gb_2.png,2.8
74.png,74_len6_len2_gn_1.png,2.5
341.png,341_len2_st_3.png,3.333333333
187.png,187_len5_st_1.png,3.4
156.png,156_len1_len4_st_2.png,2.3
259.png,259_len5_len2_gn_1.png,3.5
369.png,369_len1_len3_st_3.png,2.333333333
320.png,320_len3_gb_1.png,2.6
154.png,154_len3_len6_bd_2.png,2.2
245.png,245_len2_len5_st_2.png,2.0
182.png,182_len1_len4_st_1.png,2.2
326.png,326_len5_len2_gb_3.png,2.0
78.png,78_len4_len6_gn_1.png,3.888888889
140.png,140_len4_bd_2.png,2.5
86.png,86_len4_st_2.png,2.777777778
63.png,63_len3_len6_bd_1.png,2.4
411.png,411_len4_bd_3.png,2.8
40.png,40_len6_st_3.png,2.2
21.png,21_len6_bd_2.png,2.8
411.png,411_len4_len2_gb_1.png,3.2
159.png,159_len4_gn_3.png,2.0
283.png,283_len6_len4_st_2.png,1.555555556
96.png,96_len2_len6_st_3.png,1.5
50.png,50_len6_len3_gb_2.png,2.125
128.png,128_len6_gb_2.png,2.6
424.png,424_len4_len1_bd_2.png,2.2
321.png,321_len2_bd_3.png,2.6
142.png,142_len6_st_3.png,2.444444444
424.png,424_len4_gn_3.png,3.1
308.png,308_len1_len5_gb_1.png,2.8
7.png,7_len4_len1_bd_3.png,1.5
22.png,22_len1_len4_bd_1.png,2.777777778
249.png,249_len2_len5_bd_1.png,3.1
193.png,193_len4_len6_bd_2.png,2.5
45.png,45_len2_gb_3.png,2.2
15.png,15_len2_bd_2.png,1.9
231.png,231_len1_len4_gn_3.png,2.111111111
60.png,60_len1_st_1.png,3.666666667
204.png,204_len4_len1_bd_1.png,3.111111111
405.png,405_len3_st_2.png,2.4
7.png,7_len4_len1_bd_1.png,3.2
379.png,379_len5_len3_st_3.png,1.5
26.png,26_len3_st_2.png,2.6
292.png,292_len5_gn_1.png,3.2
201.png,201_len2_st_1.png,3.2
393.png,393_len3_len6_bd_3.png,2.0
333.png,333_len3_len5_st_2.png,1.8
51.png,51_len3_len1_bd_2.png,2.222222222
39.png,39_len3_bd_1.png,3.2
421.png,421_len3_gb_2.png,2.9
380.png,380_len2_bd_2.png,3.1
402.png,402_len3_len6_st_3.png,2.5
153.png,153_len1_bd_1.png,3.5
129.png,129_len2_gn_3.png,2.7
63.png,63_len3_len6_st_3.png,1.2
88.png,88_len3_len6_gn_1.png,3.375
276.png,276_len6_len3_gn_2.png,2.3
230.png,230_len3_len6_gb_3.png,2.0
100.png,100_len5_len2_gn_3.png,2.8
167.png,167_len4_len1_st_1.png,2.8
171.png,171_len3_len6_gn_2.png,2.4
162.png,162_len1_len4_bd_2.png,2.8
105.png,105_len5_len3_gb_1.png,3.2
339.png,339_len4_bd_1.png,3.333333333
8.png,8_len1_len4_bd_1.png,3.125
272.png,272_len3_len6_gb_3.png,1.8
410.png,410_len1_st_3.png,3.222222222
141.png,141_len5_len2_gn_1.png,3.6
235.png,235_len6_bd_3.png,2.8
296.png,296_len6_len2_st_1.png,2.2
11.png,11_len3_st_3.png,2.222222222
265.png,265_len4_len1_st_2.png,2.2
176.png,176_len5_len2_bd_2.png,2.777777778
290.png,290_len3_gn_1.png,3.5
107.png,107_len1_bd_1.png,3.3
60.png,60_len1_len4_gn_1.png,3.8
172.png,172_len4_st_3.png,2.111111111
127.png,127_len1_gb_3.png,2.6
361.png,361_len2_gn_1.png,3.5
46.png,46_len2_gb_3.png,2.7
47.png,47_len3_gn_1.png,3.777777778
5.png,5_len5_len3_gn_3.png,2.0
193.png,193_len4_gb_3.png,1.777777778
300.png,300_len2_st_2.png,3.4
12.png,12_len1_gb_2.png,2.5
14.png,14_len2_bd_3.png,2.5
333.png,333_len3_len5_bd_1.png,2.9
151.png,151_len3_gn_3.png,2.5
229.png,229_len1_len5_st_3.png,2.111111111
58.png,58_len2_len4_gn_3.png,2.2
149.png,149_len3_len6_gn_1.png,3.0
299.png,299_len1_len4_gn_3.png,2.333333333
357.png,357_len5_len3_gn_2.png,3.2
258.png,258_len2_len5_bd_1.png,3.2
263.png,263_len3_len6_gb_2.png,2.6
176.png,176_len5_st_1.png,3.222222222
25.png,25_len2_st_1.png,2.5
347.png,347_len3_len6_bd_1.png,3.125
293.png,293_len6_len3_bd_3.png,1.9
19.png,19_len2_len6_bd_3.png,1.9
355.png,355_len3_gn_1.png,3.875
181.png,181_len2_len5_bd_3.png,2.111111111
254.png,254_len1_st_2.png,2.2
36.png,36_len1_st_1.png,3.8
336.png,336_len4_len1_st_1.png,2.2
117.png,117_len3_len6_gn_3.png,3.0
223.png,223_len3_len6_st_1.png,4.0
303.png,303_len5_len2_gb_3.png,2.0
364.png,364_len3_gb_1.png,3.2
130.png,130_len2_len4_st_1.png,2.333333333
230.png,230_len3_len6_gb_2.png,3.0
392.png,392_len5_len2_gn_2.png,2.8
63.png,63_len3_len6_st_2.png,1.9
273.png,273_len3_len6_gb_3.png,2.0
382.png,382_len4_len1_st_3.png,2.0
339.png,339_len4_len1_st_2.png,3.2
357.png,357_len5_len3_bd_2.png,3.0
379.png,379_len5_gb_2.png,3.222222222
156.png,156_len1_len4_gb_2.png,2.625
168.png,168_len5_len2_gb_3.png,1.8
24.png,24_len2_len6_bd_3.png,1.444444444
176.png,176_len5_len2_gn_2.png,2.1
126.png,126_len1_len4_bd_2.png,2.9
429.png,429_len3_len1_st_2.png,1.8
269.png,269_len3_gb_3.png,1.7
293.png,293_len6_st_1.png,3.25
102.png,102_len2_len6_bd_1.png,2.555555556
403.png,403_len3_len6_gb_3.png,2.2
267.png,267_len2_len5_gb_1.png,3.375
365.png,365_len3_len6_st_2.png,2.2
315.png,315_len6_gn_2.png,3.2
101.png,101_len1_st_2.png,1.8
101.png,101_len1_gn_1.png,3.8
26.png,26_len3_len6_gb_3.png,2.0
366.png,366_len3_bd_3.png,2.9
156.png,156_len1_gb_2.png,3.2
163.png,163_len5_len1_st_1.png,2.2
154.png,154_len3_bd_1.png,4.0
358.png,358_len6_gn_2.png,2.9
18.png,18_len5_gn_1.png,2.8
228.png,228_len5_len2_gb_1.png,3.0
66.png,66_len4_len6_gn_3.png,2.8
391.png,391_len4_len1_st_3.png,2.3
217.png,217_len2_len5_gb_3.png,1.9
116.png,116_len6_st_1.png,3.3
311.png,311_len5_len3_bd_3.png,2.2
309.png,309_len3_bd_1.png,3.666666667
115.png,115_len6_bd_2.png,2.3
174.png,174_len6_bd_2.png,2.666666667
270.png,270_len1_bd_3.png,2.5
333.png,333_len3_len5_bd_3.png,2.2
118.png,118_len3_len6_gn_3.png,2.5
72.png,72_len6_len2_gn_1.png,3.444444444
308.png,308_len1_len5_gn_3.png,2.333333333
242.png,242_len1_len4_gn_2.png,2.875
396.png,396_len4_gb_3.png,2.7
68.png,68_len3_gn_1.png,4.0
13.png,13_len4_st_3.png,3.0
187.png,187_len5_bd_2.png,2.333333333
312.png,312_len5_len3_bd_2.png,2.4
285.png,285_len1_st_3.png,1.8
275.png,275_len3_len6_gb_2.png,2.777777778
69.png,69_len4_len1_st_3.png,2.2
345.png,345_len2_len5_gb_3.png,1.9
130.png,130_len2_len4_st_2.png,1.7
285.png,285_len1_bd_3.png,1.9
298.png,298_len3_len1_gb_1.png,3.0
291.png,291_len3_len6_st_1.png,2.8
410.png,410_len1_gn_2.png,3.333333333
350.png,350_len2_st_2.png,2.5
104.png,104_len1_len4_gn_1.png,3.5
58.png,58_len2_bd_2.png,2.75
266.png,266_len2_bd_2.png,2.2
166.png,166_len4_len1_gn_3.png,3.0
191.png,191_len2_len5_gn_3.png,2.6
155.png,155_len2_len5_gb_1.png,3.2
181.png,181_len2_len5_gb_2.png,2.2
112.png,112_len2_gn_2.png,3.3
222.png,222_len1_st_3.png,2.2
239.png,239_len4_gn_2.png,2.8
173.png,173_len4_bd_3.png,1.8
409.png,409_len2_gb_1.png,3.3
61.png,61_len4_gb_2.png,3.8
243.png,243_len1_gn_2.png,2.714285714
272.png,272_len3_len6_gb_2.png,2.8
294.png,294_len2_len5_gn_2.png,2.2
180.png,180_len3_len6_gn_3.png,2.555555556
59.png,59_len1_bd_1.png,3.5
318.png,318_len4_len6_gn_1.png,2.875
93.png,93_len4_len1_bd_3.png,1.75
312.png,312_len5_len3_st_3.png,1.9
403.png,403_len3_st_3.png,2.333333333
291.png,291_len3_bd_1.png,3.6
13.png,13_len4_len1_st_3.png,1.5
268.png,268_len4_bd_3.png,2.666666667
418.png,418_len5_st_3.png,2.2
104.png,104_len1_gb_1.png,3.7
358.png,358_len6_st_1.png,3.0
155.png,155_len2_len5_gn_2.png,2.5
114.png,114_len1_bd_2.png,2.8
130.png,130_len2_len4_st_3.png,1.375
141.png,141_len5_len2_gb_1.png,3.1
206.png,206_len2_gn_3.png,2.5
254.png,254_len1_gb_2.png,2.3
279.png,279_len5_bd_3.png,2.444444444
378.png,378_len3_len5_gn_2.png,2.375
349.png,349_len3_bd_2.png,2.7
360.png,360_len2_len6_bd_3.png,1.8
362.png,362_len2_gn_3.png,2.666666667
153.png,153_len1_st_2.png,2.666666667
120.png,120_len1_len4_gb_1.png,3.4
422.png,422_len2_gn_1.png,3.777777778
83.png,83_len5_len2_gn_1.png,3.8
143.png,143_len5_len2_st_1.png,2.3
225.png,225_len3_st_2.png,2.4
129.png,129_len2_len5_bd_2.png,2.125
321.png,321_len2_len4_st_2.png,2.1
23.png,23_len4_len1_bd_2.png,2.5
282.png,282_len1_len4_st_2.png,1.7
81.png,81_len4_gb_3.png,2.0
376.png,376_len3_len1_gb_3.png,1.8
195.png,195_len4_len1_st_2.png,2.555555556
289.png,289_len4_len2_gn_3.png,2.6
220.png,220_len3_len6_gn_3.png,2.428571429
36.png,36_len1_bd_1.png,3.2
383.png,383_len3_len1_gn_2.png,4.0
429.png,429_len3_len1_bd_2.png,2.2
389.png,389_len5_len3_gn_2.png,3.111111111
98.png,98_len3_st_2.png,1.888888889
278.png,278_len6_bd_3.png,2.1
286.png,286_len2_len6_gb_3.png,1.777777778
123.png,123_len4_bd_2.png,2.9
61.png,61_len4_len1_gb_2.png,2.4
58.png,58_len2_len4_bd_3.png,2.0
22.png,22_len1_bd_2.png,2.4
376.png,376_len3_len1_gn_2.png,2.8
29.png,29_len6_len2_gb_3.png,1.75
358.png,358_len6_len3_gb_2.png,2.0
371.png,371_len3_gb_3.png,1.8
13.png,13_len4_len1_gb_1.png,3.333333333
395.png,395_len3_st_1.png,3.1
159.png,159_len4_st_1.png,3.571428571
258.png,258_len2_gn_3.png,2.7
288.png,288_len4_gb_2.png,3.0
420.png,420_len3_gb_2.png,2.7
107.png,107_len1_len4_gb_1.png,3.5
343.png,343_len3_bd_3.png,2.5
180.png,180_len3_gb_1.png,3.7
164.png,164_len6_len3_st_2.png,2.2
152.png,152_len2_len5_bd_3.png,1.0
375.png,375_len1_st_1.png,2.8
297.png,297_len2_st_3.png,2.0
391.png,391_len4_gb_3.png,2.7
362.png,362_len2_len5_gn_2.png,2.555555556
123.png,123_len4_len1_st_1.png,2.2
98.png,98_len3_len6_gb_1.png,3.111111111
94.png,94_len5_len2_gb_2.png,2.666666667
160.png,160_len1_len4_gn_2.png,2.2
33.png,33_len3_st_2.png,2.9
161.png,161_len4_gn_2.png,3.2
338.png,338_len2_st_3.png,2.666666667
117.png,117_len3_gn_1.png,3.8
260.png,260_len4_st_1.png,3.7
179.png,179_len1_len4_st_2.png,3.555555556
277.png,277_len4_len1_gn_2.png,2.75
233.png,233_len4_gb_3.png,2.2
386.png,386_len5_gn_2.png,2.666666667
285.png,285_len1_len3_st_1.png,2.666666667
326.png,326_len5_gb_2.png,2.8
49.png,49_len5_bd_1.png,3.333333333
31.png,31_len3_len5_gn_2.png,2.6
301.png,301_len2_len6_bd_3.png,2.0
423.png,423_len3_gb_3.png,2.2
80.png,80_len3_gb_2.png,2.6
172.png,172_len4_st_2.png,2.8
423.png,423_len3_bd_2.png,3.0
32.png,32_len2_len6_gb_3.png,2.333333333
358.png,358_len6_len3_bd_2.png,1.7
253.png,253_len2_gb_2.png,2.9
371.png,371_len3_gb_1.png,3.1
178.png,178_len4_len1_gb_3.png,2.0
387.png,387_len1_gb_3.png,2.2
69.png,69_len4_st_3.png,2.3
18.png,18_len5_len3_bd_2.png,1.875
184.png,184_len6_len3_gn_3.png,2.7
340.png,340_len3_len5_gn_2.png,2.555555556
142.png,142_len6_st_2.png,2.5
249.png,249_len2_gb_3.png,1.8
30.png,30_len5_len3_gb_3.png,1.9
262.png,262_len3_gb_3.png,2.9
318.png,318_len4_bd_2.png,2.3
192.png,192_len1_len4_st_3.png,1.2
385.png,385_len5_len2_st_3.png,2.1
150.png,150_len2_bd_3.png,2.4
160.png,160_len1_len4_st_2.png,2.5
382.png,382_len4_len1_gb_2.png,2.5
71.png,71_len4_st_3.png,2.25
363.png,363_len2_st_2.png,2.2
410.png,410_len1_len4_gn_1.png,3.666666667
278.png,278_len6_len2_st_1.png,2.2
301.png,301_len2_gn_2.png,3.2
397.png,397_len6_gb_2.png,2.8
74.png,74_len6_len2_gn_2.png,2.8
311.png,311_len5_bd_2.png,3.0
157.png,157_len3_len6_st_2.png,2.111111111
159.png,159_len4_st_3.png,2.6
289.png,289_len4_st_3.png,2.8
417.png,417_len2_bd_3.png,2.888888889
403.png,403_len3_len6_st_3.png,1.8
296.png,296_len6_st_2.png,1.8
20.png,20_len3_len6_bd_1.png,4.2
84.png,84_len4_bd_3.png,1.8
56.png,56_len1_gn_1.png,3.222222222
151.png,151_len3_len1_bd_2.png,2.0
101.png,101_len1_st_1.png,2.555555556
196.png,196_len2_st_2.png,2.8
250.png,250_len2_gn_2.png,2.7
129.png,129_len2_gb_2.png,2.2
74.png,74_len6_len2_gn_3.png,1.75
229.png,229_len1_st_1.png,3.222222222
83.png,83_len5_gb_1.png,3.888888889
338.png,338_len2_len6_st_1.png,2.888888889
352.png,352_len4_len1_st_1.png,2.7
386.png,386_len5_gb_2.png,3.0
345.png,345_len2_len5_bd_1.png,2.7
309.png,309_len3_len6_bd_2.png,2.666666667
380.png,380_len2_len6_gb_2.png,3.125
185.png,185_len6_len3_st_2.png,2.3
67.png,67_len2_len5_st_3.png,2.4
235.png,235_len6_len4_gn_3.png,2.5
2.png,2_len2_st_2.png,2.4
251.png,251_len2_len6_gn_1.png,3.4
390.png,390_len2_len5_st_3.png,1.8
353.png,353_len2_gb_1.png,3.111111111
216.png,216_len2_len5_bd_2.png,2.0
347.png,347_len3_st_3.png,2.7
289.png,289_len4_gn_2.png,2.6
387.png,387_len1_gb_1.png,3.0
86.png,86_len4_len1_gb_1.png,3.4
2.png,2_len2_len5_bd_2.png,2.2
125.png,125_len2_len4_gn_2.png,2.555555556
255.png,255_len5_gn_1.png,3.8
230.png,230_len3_bd_3.png,1.888888889
66.png,66_len4_len6_bd_2.png,1.8
86.png,86_len4_gn_3.png,2.666666667
220.png,220_len3_len6_gn_2.png,3.0
126.png,126_len1_gb_1.png,3.555555556
379.png,379_len5_len3_gb_3.png,1.8
223.png,223_len3_len6_st_3.png,2.9
413.png,413_len2_bd_2.png,2.888888889
174.png,174_len6_len3_st_1.png,3.3
16.png,16_len5_len2_gn_2.png,2.4
26.png,26_len3_st_1.png,2.4
242.png,242_len1_len4_bd_1.png,2.428571429
299.png,299_len1_gb_1.png,3.75
67.png,67_len2_bd_3.png,2.6
20.png,20_len3_st_3.png,2.5
297.png,297_len2_len4_bd_2.png,2.2
378.png,378_len3_st_1.png,3.3
214.png,214_len3_bd_3.png,2.111111111
255.png,255_len5_len1_bd_1.png,3.2
87.png,87_len3_bd_1.png,3.8
312.png,312_len5_gn_1.png,3.8
384.png,384_len1_len4_bd_3.png,1.7
116.png,116_len6_gb_1.png,2.8
123.png,123_len4_len1_gb_2.png,2.2
295.png,295_len3_st_3.png,2.5
360.png,360_len2_len6_gb_3.png,2.0
154.png,154_len3_len6_gb_3.png,1.8
355.png,355_len3_len5_gn_2.png,2.8
401.png,401_len1_st_3.png,2.2
83.png,83_len5_gn_3.png,2.777777778
309.png,309_len3_bd_2.png,2.75
300.png,300_len2_len5_gb_1.png,2.8
154.png,154_len3_bd_2.png,3.0
267.png,267_len2_gb_3.png,2.7
123.png,123_len4_gb_2.png,2.0
149.png,149_len3_bd_1.png,3.2
33.png,33_len3_gn_1.png,3.6
357.png,357_len5_gn_3.png,2.777777778
426.png,426_len2_st_3.png,2.2
85.png,85_len2_len5_st_3.png,1.7
10.png,10_len5_gn_2.png,3.1
275.png,275_len3_gb_1.png,3.5
175.png,175_len5_len2_gb_3.png,2.5
336.png,336_len4_gn_2.png,2.8
315.png,315_len6_gb_2.png,2.8
108.png,108_len3_gn_2.png,2.5
49.png,49_len5_len1_gn_2.png,2.125
119.png,119_len3_gb_3.png,2.5
345.png,345_len2_gn_3.png,2.375
244.png,244_len4_st_2.png,3.0
117.png,117_len3_st_3.png,2.8
92.png,92_len5_gn_2.png,3.2
54.png,54_len5_len2_gb_1.png,3.2
362.png,362_len2_st_2.png,2.555555556
165.png,165_len4_len1_gn_3.png,2.4
332.png,332_len4_len1_st_2.png,2.666666667
246.png,246_len4_len2_gn_3.png,2.4
417.png,417_len2_len5_gn_3.png,3.1
411.png,411_len4_st_2.png,2.444444444
334.png,334_len2_gb_3.png,2.1
227.png,227_len2_len5_bd_2.png,2.2
132.png,132_len6_st_2.png,2.7
17.png,17_len1_gn_1.png,3.6
136.png,136_len4_len1_bd_3.png,2.0
328.png,328_len2_st_2.png,2.333333333
155.png,155_len2_gb_2.png,2.3
149.png,149_len3_gn_3.png,2.6
420.png,420_len3_len6_gn_2.png,2.888888889
26.png,26_len3_len6_gn_2.png,2.9
61.png,61_len4_len1_bd_3.png,2.2
261.png,261_len4_len1_st_2.png,2.1
230.png,230_len3_len6_bd_3.png,1.7
187.png,187_len5_st_2.png,3.625
176.png,176_len5_len2_gb_1.png,3.666666667
256.png,256_len4_bd_1.png,2.8
4.png,4_len3_gb_2.png,2.8
138.png,138_len4_st_1.png,3.222222222
381.png,381_len1_bd_2.png,2.8
355.png,355_len3_gb_2.png,3.1
225.png,225_len3_gn_3.png,2.8
203.png,203_len6_len3_gb_1.png,3.125
180.png,180_len3_len6_st_3.png,2.125
272.png,272_len3_bd_2.png,3.333333333
178.png,178_len4_len1_gn_3.png,2.888888889
391.png,391_len4_bd_1.png,4.2
109.png,109_len3_len6_gb_2.png,2.111111111
225.png,225_len3_bd_3.png,2.0
29.png,29_len6_bd_2.png,2.8
348.png,348_len3_len6_gn_2.png,2.5
95.png,95_len4_len6_bd_3.png,2.222222222
71.png,71_len4_len1_st_3.png,1.0
425.png,425_len3_gb_2.png,3.0
108.png,108_len3_len6_gn_3.png,2.8
21.png,21_len6_len2_gb_2.png,2.333333333
247.png,247_len1_len5_gn_1.png,3.4
228.png,228_len5_gn_3.png,2.8
387.png,387_len1_gn_2.png,3.3
287.png,287_len4_len1_gb_2.png,2.0
292.png,292_len5_len3_st_1.png,3.2
85.png,85_len2_len5_st_1.png,2.3
166.png,166_len4_bd_1.png,3.2
268.png,268_len4_st_3.png,2.2
113.png,113_len3_bd_2.png,2.777777778
45.png,45_len2_st_3.png,2.888888889
1.png,1_len3_len6_bd_2.png,2.444444444
84.png,84_len4_gn_2.png,3.222222222
392.png,392_len5_bd_3.png,2.8
315.png,315_len6_len2_bd_3.png,1.6
147.png,147_len5_bd_3.png,2.8
43.png,43_len6_bd_3.png,2.25
347.png,347_len3_len6_st_2.png,2.777777778
253.png,253_len2_len5_gn_1.png,3.2
52.png,52_len1_gb_2.png,3.222222222
312.png,312_len5_len3_gb_1.png,3.5
17.png,17_len1_st_3.png,2.0
216.png,216_len2_gb_3.png,2.444444444
304.png,304_len3_gn_2.png,2.555555556
303.png,303_len5_gn_2.png,3.2
139.png,139_len6_len3_bd_1.png,2.8
430.png,430_len4_len1_gb_3.png,1.888888889
309.png,309_len3_gb_1.png,3.2
302.png,302_len2_gb_1.png,3.2
173.png,173_len4_gn_3.png,2.6
113.png,113_len3_len6_gb_3.png,1.8
344.png,344_len2_len5_st_2.png,2.4
183.png,183_len2_len5_gn_3.png,2.5
269.png,269_len3_len5_gn_2.png,2.6
173.png,173_len4_len1_gb_3.png,1.4
83.png,83_len5_len2_gb_1.png,3.0
295.png,295_len3_len6_bd_2.png,2.2
37.png,37_len5_len2_bd_3.png,2.2
262.png,262_len3_gn_2.png,3.222222222
121.png,121_len1_len5_gb_1.png,3.25
15.png,15_len2_st_2.png,1.2
254.png,254_len1_len4_gb_1.png,2.8
182.png,182_len1_len4_gn_1.png,3.111111111
339.png,339_len4_gn_2.png,3.2
196.png,196_len2_len5_st_3.png,2.2
263.png,263_len3_gn_3.png,2.111111111
201.png,201_len2_len5_st_2.png,2.2
184.png,184_len6_len3_st_3.png,1.2
142.png,142_len6_len3_bd_3.png,2.1
212.png,212_len5_gn_1.png,3.666666667
381.png,381_len1_gb_1.png,3.8
303.png,303_len5_len2_gn_3.png,2.888888889
289.png,289_len4_len2_gb_3.png,2.0
315.png,315_len6_gn_1.png,3.444444444
89.png,89_len2_len5_gb_2.png,2.5
131.png,131_len6_gb_3.png,2.5
305.png,305_len2_gn_1.png,3.8
186.png,186_len2_len5_gn_2.png,3.1
350.png,350_len2_bd_1.png,3.2
103.png,103_len1_len4_bd_1.png,2.8
150.png,150_len2_gb_1.png,3.125
313.png,313_len2_bd_2.png,2.8
161.png,161_len4_gn_1.png,3.2
201.png,201_len2_len5_bd_1.png,2.6
131.png,131_len6_len3_gn_1.png,3.3
260.png,260_len4_len6_gn_3.png,2.333333333
46.png,46_len2_len6_gb_1.png,3.2
191.png,191_len2_len5_st_3.png,2.111111111
350.png,350_len2_gb_3.png,2.0
261.png,261_len4_gn_3.png,2.8
209.png,209_len3_len6_gb_3.png,1.7
162.png,162_len1_len4_gn_3.png,3.0
57.png,57_len1_st_1.png,3.1
246.png,246_len4_st_1.png,3.111111111
421.png,421_len3_bd_1.png,3.6
267.png,267_len2_bd_2.png,2.8
370.png,370_len2_st_2.png,2.5
391.png,391_len4_gn_2.png,3.111111111
378.png,378_len3_len5_bd_1.png,3.555555556
208.png,208_len4_gb_1.png,4.0
201.png,201_len2_bd_2.png,3.3
258.png,258_len2_bd_1.png,3.4
204.png,204_len4_len1_bd_3.png,1.7
129.png,129_len2_gb_3.png,2.555555556
43.png,43_len6_len4_st_3.png,1.8
18.png,18_len5_st_1.png,2.625
192.png,192_len1_len4_st_1.png,2.428571429
28.png,28_len2_len6_bd_2.png,3.2
212.png,212_len5_len2_st_2.png,2.2
203.png,203_len6_st_2.png,3.125
347.png,347_len3_gb_3.png,2.444444444
383.png,383_len3_bd_3.png,3.2
57.png,57_len1_bd_1.png,3.1
282.png,282_len1_gn_1.png,3.8
380.png,380_len2_gb_1.png,3.777777778
288.png,288_len4_len1_bd_1.png,2.9
242.png,242_len1_gn_3.png,2.9
313.png,313_len2_len5_st_1.png,2.5
265.png,265_len4_len1_gn_3.png,2.8
267.png,267_len2_st_2.png,2.7
68.png,68_len3_len5_gb_1.png,3.0
27.png,27_len1_len4_st_2.png,2.0
143.png,143_len5_len2_bd_3.png,1.888888889
407.png,407_len3_gb_3.png,2.3
184.png,184_len6_st_3.png,2.2
182.png,182_len1_gb_2.png,3.2
9.png,9_len6_len2_st_1.png,3.4
358.png,358_len6_len3_st_2.png,1.8
204.png,204_len4_len1_gn_3.png,2.888888889
334.png,334_len2_gn_3.png,3.0
324.png,324_len5_len3_bd_1.png,2.8
15.png,15_len2_len4_bd_2.png,1.7
107.png,107_len1_gb_2.png,3.2
389.png,389_len5_len3_bd_2.png,1.9
179.png,179_len1_st_3.png,3.555555556
227.png,227_len2_len5_gn_1.png,3.8
358.png,358_len6_len3_gn_1.png,3.4
386.png,386_len5_bd_1.png,3.2
355.png,355_len3_st_2.png,3.111111111
299.png,299_len1_st_3.png,2.2
302.png,302_len2_bd_2.png,2.5
215.png,215_len4_st_2.png,3.125
16.png,16_len5_gn_3.png,2.8
306.png,306_len2_len5_bd_1.png,3.25
321.png,321_len2_gb_3.png,3.2
66.png,66_len4_len6_gb_1.png,3.3
300.png,300_len2_st_3.png,2.8
79.png,79_len1_len3_bd_1.png,2.8
255.png,255_len5_bd_1.png,3.8
304.png,304_len3_bd_2.png,2.8
131.png,131_len6_len3_st_1.png,2.333333333
194.png,194_len4_len1_gb_3.png,2.3
375.png,375_len1_len4_bd_1.png,3.4
266.png,266_len2_len5_bd_3.png,1.5
97.png,97_len4_len1_gb_1.png,3.5
306.png,306_len2_gb_3.png,2.3
48.png,48_len4_len1_gn_2.png,3.2
87.png,87_len3_gb_3.png,3.2
249.png,249_len2_bd_1.png,3.0
102.png,102_len2_len6_gn_3.png,2.625
23.png,23_len4_st_1.png,3.375
177.png,177_len3_gn_3.png,2.7
383.png,383_len3_len1_gb_1.png,3.222222222
113.png,113_len3_len6_st_1.png,2.555555556
261.png,261_len4_st_2.png,2.0
263.png,263_len3_st_2.png,2.375
220.png,220_len3_len6_st_1.png,2.25
169.png,169_len6_gn_3.png,3.125
59.png,59_len1_len5_bd_2.png,2.6
243.png,243_len1_bd_3.png,1.6
266.png,266_len2_len5_st_2.png,2.3
415.png,415_len3_gb_3.png,2.2
320.png,320_len3_gb_2.png,2.222222222
332.png,332_len4_len1_bd_1.png,2.888888889
118.png,118_len3_len6_gn_2.png,2.888888889
420.png,420_len3_len6_st_2.png,1.6
46.png,46_len2_len6_bd_2.png,2.7
33.png,33_len3_gb_3.png,2.5
317.png,317_len5_gn_3.png,2.111111111
424.png,424_len4_len1_st_1.png,2.6
133.png,133_len1_gb_2.png,2.75
259.png,259_len5_bd_3.png,2.2
393.png,393_len3_len6_st_3.png,3.0
157.png,157_len3_len6_st_1.png,2.2
92.png,92_len5_len1_st_3.png,1.333333333
269.png,269_len3_len5_bd_2.png,2.6
341.png,341_len2_len6_st_1.png,2.888888889
214.png,214_len3_len6_st_2.png,1.8
204.png,204_len4_len1_bd_2.png,2.8
74.png,74_len6_gb_1.png,2.8
69.png,69_len4_gn_1.png,2.8
428.png,428_len3_gn_2.png,3.111111111
259.png,259_len5_len2_bd_2.png,2.777777778
140.png,140_len4_len6_st_2.png,1.8
256.png,256_len4_st_1.png,2.6
260.png,260_len4_len6_st_2.png,2.8
372.png,372_len3_gn_2.png,2.7
274.png,274_len3_gb_3.png,2.6
96.png,96_len2_gn_1.png,3.0
292.png,292_len5_len3_gb_1.png,3.111111111
77.png,77_len5_len2_gb_2.png,2.0
383.png,383_len3_gb_2.png,3.0
338.png,338_len2_gn_2.png,3.111111111
389.png,389_len5_gn_3.png,3.2
103.png,103_len1_bd_2.png,3.1
264.png,264_len2_bd_2.png,2.4
244.png,244_len4_len1_gn_3.png,2.2
277.png,277_len4_bd_3.png,2.111111111
36.png,36_len1_len5_st_3.png,1.3
277.png,277_len4_len1_st_1.png,3.555555556
141.png,141_len5_st_1.png,3.625
381.png,381_len1_bd_3.png,2.4
82.png,82_len1_bd_1.png,3.888888889
408.png,408_len5_gn_2.png,3.0
60.png,60_len1_len4_gn_3.png,2.666666667
81.png,81_len4_bd_3.png,2.6
104.png,104_len1_st_2.png,3.222222222
177.png,177_len3_gn_1.png,3.555555556
96.png,96_len2_bd_1.png,2.9
253.png,253_len2_st_1.png,3.0
177.png,177_len3_len6_st_1.png,2.5
345.png,345_len2_bd_2.png,3.0
72.png,72_len6_st_3.png,1.8
48.png,48_len4_len1_gb_2.png,2.0
253.png,253_len2_len5_st_1.png,2.8
146.png,146_len4_len1_st_2.png,2.4
355.png,355_len3_bd_2.png,2.75
268.png,268_len4_len1_bd_2.png,2.9
225.png,225_len3_st_1.png,2.7
238.png,238_len5_gn_3.png,3.125
195.png,195_len4_len1_gb_3.png,2.333333333
422.png,422_len2_gn_3.png,3.0
393.png,393_len3_gb_2.png,3.2
251.png,251_len2_st_2.png,2.1
281.png,281_len4_gn_3.png,2.5
257.png,257_len3_gb_2.png,2.8
420.png,420_len3_gb_3.png,2.8
239.png,239_len4_len1_gn_2.png,2.8
107.png,107_len1_len4_bd_1.png,2.2
162.png,162_len1_len4_bd_3.png,1.777777778
72.png,72_len6_len2_bd_2.png,2.2
222.png,222_len1_gb_3.png,2.7
77.png,77_len5_len2_gn_3.png,2.222222222
152.png,152_len2_gn_1.png,3.444444444
165.png,165_len4_len1_gn_2.png,3.2
380.png,380_len2_bd_3.png,2.333333333
284.png,284_len1_len4_bd_3.png,1.8
186.png,186_len2_gn_3.png,2.8
103.png,103_len1_len4_gn_1.png,3.875
65.png,65_len4_gn_1.png,3.0
4.png,4_len3_bd_2.png,2.8
49.png,49_len5_len1_bd_3.png,1.0
115.png,115_len6_len3_st_2.png,2.0
234.png,234_len5_len2_bd_2.png,2.222222222
293.png,293_len6_bd_3.png,2.3
5.png,5_len5_len3_st_2.png,2.375
407.png,407_len3_bd_2.png,2.7
428.png,428_len3_len6_st_2.png,2.0
193.png,193_len4_gn_3.png,3.0
98.png,98_len3_len6_gn_2.png,2.5
184.png,184_len6_gn_1.png,2.8
139.png,139_len6_len3_st_2.png,1.666666667
89.png,89_len2_gb_3.png,3.1
154.png,154_len3_gb_3.png,2.4
192.png,192_len1_len4_gb_1.png,3.8
383.png,383_len3_len1_st_1.png,3.6
323.png,323_len4_len1_gn_2.png,2.3
64.png,64_len1_len5_gn_2.png,2.8
149.png,149_len3_gn_1.png,3.2
91.png,91_len4_st_1.png,3.777777778
204.png,204_len4_bd_1.png,3.8
353.png,353_len2_len5_st_3.png,1.5
304.png,304_len3_len6_bd_2.png,2.2
422.png,422_len2_len5_gn_2.png,2.8
175.png,175_len5_len2_bd_2.png,1.875
140.png,140_len4_gb_3.png,2.111111111
154.png,154_len3_len6_bd_1.png,3.1
368.png,368_len3_gb_1.png,3.5
381.png,381_len1_len4_st_3.png,2.8
288.png,288_len4_len1_gb_3.png,1.8
157.png,157_len3_len6_gb_3.png,1.7
238.png,238_len5_len2_st_1.png,2.222222222
44.png,44_len2_len6_bd_2.png,2.375
388.png,388_len3_gb_3.png,3.0
99.png,99_len6_gb_2.png,3.6
296.png,296_len6_len2_bd_1.png,2.333333333
299.png,299_len1_len4_st_1.png,2.8
126.png,126_len1_gn_1.png,4.0
253.png,253_len2_len5_st_2.png,2.3
269.png,269_len3_st_2.png,2.8
337.png,337_len3_len6_gb_2.png,2.777777778
87.png,87_len3_len6_gn_3.png,2.555555556
84.png,84_len4_gn_1.png,3.111111111
50.png,50_len6_len3_st_3.png,3.3
104.png,104_len1_gn_1.png,3.6
136.png,136_len4_st_1.png,2.333333333
414.png,414_len2_len5_gn_2.png,2.8
259.png,259_len5_len2_bd_1.png,3.6
329.png,329_len3_st_2.png,2.0
389.png,389_len5_len3_st_3.png,2.222222222
217.png,217_len2_bd_3.png,2.555555556
201.png,201_len2_bd_1.png,3.2
214.png,214_len3_gn_3.png,3.8
341.png,341_len2_len6_gb_2.png,3.0
95.png,95_len4_len6_gn_2.png,2.888888889
405.png,405_len3_len6_gb_1.png,3.2
222.png,222_len1_gb_2.png,2.8
280.png,280_len6_len3_gn_2.png,2.8
357.png,357_len5_gb_2.png,2.444444444
116.png,116_len6_len2_bd_2.png,1.8
350.png,350_len2_len5_st_1.png,2.5
345.png,345_len2_len5_gb_2.png,2.4
416.png,416_len3_bd_3.png,2.8
174.png,174_len6_gb_1.png,3.4
188.png,188_len2_len5_gb_3.png,1.8
187.png,187_len5_len2_st_2.png,3.2
283.png,283_len6_gb_2.png,2.8
71.png,71_len4_len1_gb_2.png,3.3
108.png,108_len3_len6_gn_2.png,3.2
373.png,373_len2_st_3.png,2.1
93.png,93_len4_len1_st_1.png,3.0
412.png,412_len3_len6_st_3.png,2.0
120.png,120_len1_bd_1.png,4.1
147.png,147_len5_len2_bd_1.png,3.1
12.png,12_len1_len4_bd_3.png,2.1
128.png,128_len6_bd_3.png,2.222222222
215.png,215_len4_bd_3.png,2.111111111
62.png,62_len5_bd_3.png,2.5
170.png,170_len2_len5_gb_1.png,3.571428571
74.png,74_len6_len2_st_3.png,1.7
398.png,398_len1_st_2.png,2.4
299.png,299_len1_len4_gb_3.png,1.9
398.png,398_len1_len4_gn_3.png,3.2
176.png,176_len5_bd_1.png,3.3
189.png,189_len4_gb_2.png,2.9
307.png,307_len4_gn_3.png,3.2
391.png,391_len4_len1_gn_3.png,2.8
314.png,314_len5_bd_1.png,3.2
375.png,375_len1_bd_2.png,3.0
375.png,375_len1_len4_gb_2.png,1.8
193.png,193_len4_st_3.png,2.6
303.png,303_len5_gb_3.png,3.0
375.png,375_len1_gb_3.png,3.0
64.png,64_len1_len5_gb_3.png,2.125
28.png,28_len2_len6_gn_3.png,2.75
153.png,153_len1_gb_2.png,2.555555556
157.png,157_len3_bd_2.png,2.555555556
289.png,289_len4_len2_st_2.png,1.8
209.png,209_len3_gb_2.png,2.7
240.png,240_len5_gb_2.png,3.2
13.png,13_len4_len1_bd_2.png,2.5
261.png,261_len4_st_3.png,2.0
243.png,243_len1_gb_1.png,3.625
394.png,394_len5_len2_gn_1.png,4.2
10.png,10_len5_len3_gn_3.png,2.285714286
81.png,81_len4_len6_gb_2.png,2.625
393.png,393_len3_len6_st_2.png,2.0
46.png,46_len2_len6_bd_3.png,1.777777778
410.png,410_len1_len4_bd_2.png,2.8
207.png,207_len1_gb_1.png,3.111111111
81.png,81_len4_len6_gn_2.png,2.666666667
17.png,17_len1_bd_2.png,3.4
127.png,127_len1_gn_1.png,4.111111111
119.png,119_len3_st_3.png,2.0
62.png,62_len5_len2_gn_2.png,2.7
54.png,54_len5_bd_1.png,3.75
151.png,151_len3_bd_2.png,2.5
327.png,327_len5_gn_3.png,2.75
307.png,307_len4_bd_1.png,3.1
185.png,185_len6_len3_gn_2.png,3.3
408.png,408_len5_len2_st_2.png,2.2
276.png,276_len6_bd_1.png,3.222222222
114.png,114_len1_len4_gb_1.png,2.444444444
428.png,428_len3_gn_1.png,3.8
314.png,314_len5_st_2.png,3.0
176.png,176_len5_len2_gb_3.png,2.375
274.png,274_len3_len5_bd_1.png,3.0
257.png,257_len3_st_2.png,2.444444444
283.png,283_len6_st_2.png,1.8
96.png,96_len2_gn_3.png,2.777777778
44.png,44_len2_bd_1.png,3.6
344.png,344_len2_st_1.png,3.222222222
17.png,17_len1_len3_gb_3.png,2.1
138.png,138_len4_len1_gb_2.png,2.8
418.png,418_len5_bd_1.png,3.555555556
265.png,265_len4_gn_2.png,2.888888889
145.png,145_len6_bd_1.png,3.444444444
120.png,120_len1_st_3.png,2.333333333
129.png,129_len2_bd_1.png,3.3
324.png,324_len5_len3_gb_2.png,2.7
400.png,400_len2_len6_st_2.png,2.0
299.png,299_len1_gn_3.png,2.444444444
284.png,284_len1_gb_3.png,2.625
42.png,42_len3_gn_2.png,3.0
390.png,390_len2_st_3.png,2.8
376.png,376_len3_len1_gb_2.png,2.375
406.png,406_len5_len3_gb_1.png,2.8
403.png,403_len3_len6_bd_2.png,2.777777778
364.png,364_len3_len6_bd_1.png,3.2
226.png,226_len5_len2_gn_1.png,3.888888889
393.png,393_len3_len6_st_1.png,3.2
358.png,358_len6_len3_bd_3.png,1.6
425.png,425_len3_bd_3.png,2.3
263.png,263_len3_len6_gn_2.png,1.8
126.png,126_len1_st_1.png,3.5
196.png,196_len2_len5_gb_2.png,1.777777778
282.png,282_len1_st_3.png,1.8
137.png,137_len4_st_2.png,2.1
397.png,397_len6_st_1.png,3.4
103.png,103_len1_gn_2.png,3.0
337.png,337_len3_st_1.png,3.2
345.png,345_len2_gn_1.png,3.2
361.png,361_len2_len4_gn_1.png,3.5
248.png,248_len2_len5_gn_2.png,3.2
64.png,64_len1_len5_gn_3.png,2.222222222
345.png,345_len2_gb_1.png,3.0
2.png,2_len2_len5_gb_1.png,3.0
10.png,10_len5_st_1.png,3.111111111
181.png,181_len2_gn_1.png,3.75
37.png,37_len5_len2_gn_2.png,3.2
186.png,186_len2_len5_gb_1.png,3.4
117.png,117_len3_len6_gb_2.png,3.0
404.png,404_len3_st_1.png,2.777777778
280.png,280_len6_gn_2.png,3.111111111
250.png,250_len2_len5_gn_3.png,2.2
368.png,368_len3_bd_1.png,3.111111111
237.png,237_len3_len5_bd_3.png,1.4
164.png,164_len6_st_1.png,3.2
352.png,352_len4_len1_gn_1.png,3.1
196.png,196_len2_gn_1.png,3.2
307.png,307_len4_gb_2.png,3.0
102.png,102_len2_len6_st_3.png,1.8
144.png,144_len2_len5_gn_2.png,3.3
102.png,102_len2_bd_1.png,3.2
13.png,13_len4_st_1.png,2.9
103.png,103_len1_len4_gb_1.png,3.3
133.png,133_len1_len4_gn_2.png,3.0
1.png,1_len3_len6_bd_3.png,2.111111111
8.png,8_len1_st_1.png,2.555555556
192.png,192_len1_len4_gn_1.png,3.5
53.png,53_len4_bd_3.png,2.222222222
332.png,332_len4_st_3.png,2.0
156.png,156_len1_gb_1.png,3.9
73.png,73_len4_gn_1.png,3.333333333
350.png,350_len2_len5_gn_2.png,2.5
192.png,192_len1_len4_gn_3.png,2.3
289.png,289_len4_len2_gn_1.png,3.333333333
109.png,109_len3_len6_gb_3.png,2.4
150.png,150_len2_bd_1.png,3.75
101.png,101_len1_len4_gn_3.png,2.2
214.png,214_len3_len6_gn_1.png,3.2
12.png,12_len1_len4_bd_1.png,3.2
59.png,59_len1_len5_st_3.png,2.375
18.png,18_len5_len3_st_3.png,2.6
166.png,166_len4_bd_2.png,2.777777778
226.png,226_len5_len2_st_2.png,2.25
122.png,122_len1_gb_1.png,3.555555556
67.png,67_len2_st_2.png,2.777777778
335.png,335_len5_len3_gb_1.png,3.0
216.png,216_len2_gn_1.png,4.0
366.png,366_len3_len6_gn_2.png,2.8
256.png,256_len4_len1_st_3.png,2.222222222
208.png,208_len4_len1_bd_3.png,1.5
157.png,157_len3_gb_1.png,2.8
404.png,404_len3_len1_st_2.png,2.5
393.png,393_len3_gn_1.png,3.9
102.png,102_len2_len6_gb_2.png,2.8
278.png,278_len6_gn_1.png,3.1
261.png,261_len4_gb_1.png,3.4
363.png,363_len2_len6_gb_3.png,1.7
115.png,115_len6_len3_st_1.png,2.625
112.png,112_len2_len4_st_3.png,3.0
179.png,179_len1_len4_st_3.png,2.6
215.png,215_len4_len1_bd_1.png,3.1
375.png,375_len1_st_3.png,2.777777778
250.png,250_len2_len5_st_2.png,1.8
106.png,106_len6_len2_st_3.png,1.444444444
73.png,73_len4_bd_1.png,3.625
202.png,202_len2_gb_1.png,3.111111111
90.png,90_len5_st_2.png,1.8
309.png,309_len3_st_2.png,2.7
347.png,347_len3_bd_2.png,2.6
203.png,203_len6_len3_st_2.png,2.9
31.png,31_len3_len5_bd_1.png,2.222222222
384.png,384_len1_gb_2.png,2.6
150.png,150_len2_len5_gb_3.png,1.6
390.png,390_len2_len5_gb_2.png,2.6
208.png,208_len4_gn_3.png,3.0
163.png,163_len5_gb_1.png,3.777777778
413.png,413_len2_len5_bd_1.png,3.1
129.png,129_len2_len5_bd_1.png,3.0
215.png,215_len4_len1_gn_2.png,2.8
420.png,420_len3_st_1.png,3.8
382.png,382_len4_bd_1.png,2.8
127.png,127_len1_len4_bd_2.png,2.222222222
211.png,211_len6_st_1.png,2.8
86.png,86_len4_bd_3.png,1.8
230.png,230_len3_len6_bd_1.png,3.25
43.png,43_len6_st_2.png,2.3
364.png,364_len3_gn_3.png,3.0
95.png,95_len4_len6_gb_3.png,2.5
84.png,84_len4_bd_2.png,2.222222222
219.png,219_len3_gn_2.png,2.3
250.png,250_len2_len5_st_1.png,2.2
82.png,82_len1_st_1.png,3.6
60.png,60_len1_gn_2.png,3.2
16.png,16_len5_len2_bd_2.png,2.6
22.png,22_len1_len4_gb_2.png,3.2
319.png,319_len3_gn_2.png,3.111111111
56.png,56_len1_len4_bd_1.png,2.8
281.png,281_len4_len6_gn_3.png,2.375
305.png,305_len2_gb_2.png,2.7
37.png,37_len5_len2_gb_3.png,1.8
391.png,391_len4_st_2.png,2.9
233.png,233_len4_gn_2.png,3.0
417.png,417_len2_gn_2.png,3.8
186.png,186_len2_gn_1.png,3.555555556
185.png,185_len6_len3_gb_3.png,1.777777778
131.png,131_len6_len3_st_2.png,1.8
425.png,425_len6_len3_gn_1.png,3.125
429.png,429_len1_bd_2.png,2.2
117.png,117_len3_bd_1.png,2.888888889
246.png,246_len4_st_2.png,3.333333333
251.png,251_len2_st_1.png,4.0
411.png,411_len4_len2_gn_3.png,3.2
22.png,22_len1_len4_gn_2.png,2.666666667
40.png,40_len6_st_2.png,2.8
31.png,31_len3_bd_2.png,2.4
145.png,145_len6_len3_gn_3.png,2.2
37.png,37_len5_gn_2.png,3.8
20.png,20_len3_bd_3.png,2.222222222
31.png,31_len3_len5_st_1.png,3.111111111
58.png,58_len2_bd_3.png,2.3
91.png,91_len4_len6_gn_3.png,3.2
71.png,71_len4_gn_3.png,3.111111111
283.png,283_len6_len4_gb_3.png,1.888888889
75.png,75_len3_len1_st_1.png,2.7
239.png,239_len4_len1_gb_1.png,2.777777778
202.png,202_len2_len5_gn_3.png,2.25
96.png,96_len2_len6_gn_1.png,4.0
249.png,249_len2_len5_gb_1.png,3.4
117.png,117_len3_bd_2.png,2.6
296.png,296_len6_st_1.png,2.777777778
382.png,382_len4_gb_2.png,2.875
64.png,64_len1_st_2.png,2.222222222
104.png,104_len1_gn_3.png,2.7
243.png,243_len1_st_3.png,2.6
163.png,163_len5_bd_1.png,3.4
374.png,374_len1_len4_gb_1.png,3.3
158.png,158_len2_st_1.png,3.1
212.png,212_len5_len2_bd_2.png,1.888888889
289.png,289_len4_st_1.png,2.8
150.png,150_len2_len5_gb_1.png,3.2
310.png,310_len4_st_3.png,2.2
274.png,274_len3_len5_bd_3.png,1.888888889
61.png,61_len4_len1_bd_1.png,3.555555556
155.png,155_len2_gb_1.png,3.625
308.png,308_len1_len5_bd_1.png,2.5
108.png,108_len3_st_2.png,2.75
316.png,316_len5_gn_2.png,3.2
355.png,355_len3_bd_1.png,3.5
20.png,20_len3_gn_1.png,4.2
281.png,281_len4_len6_gb_1.png,3.4
407.png,407_len3_gb_1.png,3.444444444
154.png,154_len3_gb_1.png,3.333333333
358.png,358_len6_len3_gn_3.png,2.25
429.png,429_len1_gn_1.png,3.8
107.png,107_len1_len4_gb_2.png,2.555555556
400.png,400_len2_len6_st_3.png,1.666666667
4.png,4_len3_bd_1.png,3.3
192.png,192_len1_st_2.png,1.8
314.png,314_len5_len2_st_1.png,3.0
413.png,413_len2_st_2.png,2.2
329.png,329_len3_len1_gn_1.png,3.333333333
69.png,69_len4_gb_3.png,1.9
340.png,340_len3_gb_2.png,2.9
413.png,413_len2_len5_st_1.png,2.2
21.png,21_len6_gb_2.png,2.8
146.png,146_len4_st_3.png,2.375
302.png,302_len2_bd_3.png,2.3
102.png,102_len2_st_2.png,2.0
120.png,120_len1_len4_gn_2.png,3.0
146.png,146_len4_gb_2.png,2.555555556
407.png,407_len3_gn_2.png,3.2
420.png,420_len3_len6_gb_3.png,1.8
65.png,65_len4_len1_gb_1.png,2.0
219.png,219_len3_bd_3.png,2.0
81.png,81_len4_st_1.png,2.75
88.png,88_len3_gn_1.png,3.5
240.png,240_len5_st_2.png,3.0
52.png,52_len1_len4_st_3.png,2.0
273.png,273_len3_bd_1.png,2.9
79.png,79_len1_len3_gn_3.png,2.2
75.png,75_len3_len1_gb_1.png,3.5
133.png,133_len1_len4_gb_2.png,2.444444444
64.png,64_len1_len5_st_1.png,2.444444444
108.png,108_len3_gb_2.png,3.222222222
90.png,90_len5_bd_1.png,4.0
258.png,258_len2_len5_st_1.png,2.8
353.png,353_len2_len5_bd_2.png,2.6
212.png,212_len5_st_1.png,3.555555556
198.png,198_len2_gb_1.png,3.555555556
258.png,258_len2_len5_gn_3.png,2.4
391.png,391_len4_len1_st_1.png,3.2
46.png,46_len2_st_3.png,2.6
75.png,75_len3_len1_gn_3.png,3.0
348.png,348_len3_len6_st_1.png,3.222222222
95.png,95_len4_len6_st_1.png,2.6
426.png,426_len5_len2_gn_2.png,2.5
62.png,62_len5_gb_1.png,3.7
208.png,208_len4_len1_gb_1.png,3.4
202.png,202_len2_gn_1.png,3.25
48.png,48_len4_gb_1.png,3.4
257.png,257_len3_len6_bd_1.png,3.0
237.png,237_len3_gn_3.png,2.5
56.png,56_len1_len4_st_3.png,2.2
314.png,314_len5_len2_gn_3.png,2.4
378.png,378_len3_gb_2.png,3.2
397.png,397_len6_len2_st_1.png,3.3
200.png,200_len3_len6_st_1.png,2.333333333
397.png,397_len6_len2_gn_1.png,2.8
246.png,246_len4_gb_3.png,2.5
54.png,54_len5_len2_gb_2.png,2.0
423.png,423_len3_gn_2.png,2.888888889
109.png,109_len3_bd_3.png,2.7
294.png,294_len2_len5_st_2.png,2.75
28.png,28_len2_len6_st_2.png,2.5
54.png,54_len5_len2_bd_1.png,3.0
196.png,196_len2_st_3.png,2.888888889
406.png,406_len5_gb_3.png,2.0
147.png,147_len5_len2_st_3.png,2.0
116.png,116_len6_len2_gb_1.png,2.8
80.png,80_len3_gn_3.png,3.0
41.png,41_len3_len6_st_1.png,3.1
178.png,178_len4_len1_st_1.png,3.0
42.png,42_len3_bd_1.png,3.777777778
421.png,421_len3_gn_1.png,3.777777778
248.png,248_len2_st_1.png,3.666666667
282.png,282_len1_gb_3.png,2.3
144.png,144_len2_len5_gb_3.png,2.2
10.png,10_len5_len3_gb_3.png,1.8
116.png,116_len6_gn_2.png,3.0
236.png,236_len5_len2_gb_3.png,1.5
97.png,97_len4_st_3.png,2.0
239.png,239_len4_bd_2.png,2.0
277.png,277_len4_gb_2.png,2.888888889
129.png,129_len2_len5_gn_1.png,3.6
152.png,152_len2_len5_gn_3.png,1.888888889
125.png,125_len2_gn_1.png,3.0
146.png,146_len4_bd_2.png,2.777777778
191.png,191_len2_len5_gb_2.png,2.111111111
339.png,339_len4_len1_gb_3.png,1.8
272.png,272_len3_len6_gn_1.png,3.0
303.png,303_len5_gb_1.png,3.3
370.png,370_len2_st_3.png,2.5
326.png,326_len5_st_1.png,3.0
214.png,214_len3_len6_st_3.png,1.2
206.png,206_len2_st_2.png,2.0
301.png,301_len2_st_3.png,2.777777778
112.png,112_len2_len4_gn_2.png,2.375
55.png,55_len5_bd_2.png,2.9
349.png,349_len3_gb_1.png,4.0
292.png,292_len5_len3_bd_2.png,2.1
409.png,409_len2_gn_1.png,3.875
178.png,178_len4_st_3.png,2.666666667
365.png,365_len3_gn_1.png,3.222222222
263.png,263_len3_gn_1.png,3.111111111
214.png,214_len3_len6_bd_1.png,3.4
425.png,425_len6_len3_gb_3.png,2.0
244.png,244_len4_len1_bd_3.png,1.0
375.png,375_len1_bd_1.png,3.111111111
413.png,413_len2_gn_1.png,3.4
149.png,149_len3_len6_bd_1.png,2.2
213.png,213_len4_len1_st_2.png,2.222222222
214.png,214_len3_gb_3.png,2.5
247.png,247_len1_bd_2.png,2.6
19.png,19_len2_len6_st_3.png,2.0
257.png,257_len3_len6_bd_2.png,1.8
35.png,35_len4_gn_3.png,3.333333333
281.png,281_len4_bd_1.png,3.555555556
213.png,213_len4_len1_st_1.png,2.9
210.png,210_len1_len5_gn_3.png,2.3
346.png,346_len1_len3_gn_3.png,2.444444444
297.png,297_len2_len4_gb_2.png,2.2
354.png,354_len5_len3_gb_1.png,3.0
80.png,80_len3_gb_3.png,1.9
1.png,1_len3_st_3.png,2.285714286
421.png,421_len3_bd_2.png,3.5
149.png,149_len3_len6_bd_2.png,2.0
250.png,250_len2_len5_st_3.png,1.875
151.png,151_len3_len1_st_1.png,2.875
67.png,67_len2_bd_1.png,3.7
251.png,251_len2_len6_st_3.png,2.2
154.png,154_len3_st_1.png,4.0
86.png,86_len4_bd_2.png,2.6
4.png,4_len3_len5_bd_2.png,2.8
102.png,102_len2_gn_3.png,2.777777778
286.png,286_len2_gb_2.png,3.0
429.png,429_len1_st_1.png,3.0
277.png,277_len4_len1_gb_2.png,2.428571429
16.png,16_len5_len2_st_3.png,1.6
394.png,394_len5_gb_1.png,3.5
44.png,44_len2_len6_gn_1.png,3.8
324.png,324_len5_len3_st_3.png,2.2
209.png,209_len3_bd_1.png,3.5
166.png,166_len4_len1_gn_1.png,3.375
77.png,77_len5_bd_1.png,3.111111111
246.png,246_len4_gn_3.png,3.333333333
269.png,269_len3_len5_bd_3.png,1.5
264.png,264_len2_st_3.png,2.888888889
254.png,254_len1_len4_st_3.png,1.9
128.png,128_len6_len2_st_3.png,2.333333333
357.png,357_len5_len3_gb_1.png,2.444444444
50.png,50_len6_len3_gn_2.png,2.2
302.png,302_len2_gb_3.png,2.2
161.png,161_len4_len1_gn_2.png,3.0
11.png,11_len3_len5_st_3.png,2.1
79.png,79_len1_len3_st_2.png,1.666666667
371.png,371_len3_bd_1.png,3.4
221.png,221_len6_len3_st_2.png,2.9
422.png,422_len2_bd_1.png,3.3
222.png,222_len1_len4_gn_3.png,2.3
319.png,319_len3_gn_1.png,3.2
36.png,36_len1_len5_bd_3.png,1.4
264.png,264_len2_len4_bd_2.png,2.333333333
117.png,117_len3_gb_1.png,3.9
333.png,333_len3_gn_3.png,2.666666667
302.png,302_len2_gn_3.png,2.888888889
111.png,111_len5_len2_st_3.png,2.5
15.png,15_len2_gb_3.png,2.375
19.png,19_len2_len6_gn_1.png,2.777777778
344.png,344_len2_len5_gb_1.png,2.8
357.png,357_len5_len3_gn_1.png,3.2
115.png,115_len6_len3_gn_3.png,2.5
25.png,25_len2_len6_gb_2.png,2.625
215.png,215_len4_len1_st_3.png,2.111111111
133.png,133_len1_len4_gn_3.png,3.0
117.png,117_len3_bd_3.png,2.3
54.png,54_len5_len2_st_1.png,2.5
224.png,224_len3_len6_bd_1.png,2.9
363.png,363_len2_gb_3.png,2.0
407.png,407_len3_len5_bd_1.png,3.2
426.png,426_len2_gn_1.png,3.8
317.png,317_len5_len1_gn_1.png,3.2
413.png,413_len2_len5_gn_1.png,3.2
385.png,385_len5_st_1.png,2.9
111.png,111_len5_bd_1.png,3.2
395.png,395_len3_gn_2.png,3.2
422.png,422_len2_len5_st_2.png,2.555555556
19.png,19_len2_gn_2.png,3.2
63.png,63_len3_len6_st_1.png,2.777777778
118.png,118_len3_len6_st_3.png,1.8
383.png,383_len3_gn_1.png,3.8
77.png,77_len5_len2_bd_3.png,2.0
109.png,109_len3_len6_gn_1.png,3.777777778
251.png,251_len2_gb_2.png,3.444444444
40.png,40_len6_len3_st_2.png,1.8
128.png,128_len6_len2_gn_3.png,2.888888889
284.png,284_len1_bd_1.png,3.2
132.png,132_len6_bd_3.png,2.2
364.png,364_len3_len6_bd_3.png,2.111111111
318.png,318_len4_len6_bd_3.png,1.666666667
324.png,324_len5_gb_3.png,2.0
298.png,298_len3_gn_2.png,2.9
222.png,222_len1_len4_bd_3.png,2.125
294.png,294_len2_len5_st_3.png,2.222222222
306.png,306_len2_len5_st_2.png,2.2
287.png,287_len4_gb_3.png,2.0
337.png,337_len3_gn_3.png,2.888888889
150.png,150_len2_bd_2.png,3.0
16.png,16_len5_len2_gn_1.png,4.2
176.png,176_len5_gb_1.png,3.888888889
190.png,190_len2_st_3.png,2.3
379.png,379_len5_len3_bd_1.png,2.8
241.png,241_len4_len1_bd_3.png,1.0
352.png,352_len4_st_3.png,2.7
322.png,322_len1_len3_bd_2.png,2.666666667
130.png,130_len2_gn_3.png,2.8
250.png,250_len2_gb_3.png,2.666666667
329.png,329_len3_gn_3.png,3.2
153.png,153_len1_len4_gb_2.png,2.6
319.png,319_len3_len6_bd_3.png,1.75
102.png,102_len2_st_1.png,2.2
330.png,330_len3_len5_bd_1.png,3.0
203.png,203_len6_st_3.png,2.8
378.png,378_len3_len5_bd_3.png,1.8
27.png,27_len1_len4_st_3.png,1.888888889
160.png,160_len1_bd_3.png,2.333333333
271.png,271_len5_len2_st_1.png,3.0
90.png,90_len5_len2_bd_1.png,3.2
325.png,325_len3_gb_2.png,2.6
140.png,140_len4_len6_st_1.png,2.3
232.png,232_len2_len5_gn_2.png,2.8
331.png,331_len3_len5_gb_1.png,2.6
156.png,156_len1_gb_3.png,3.2
259.png,259_len5_len2_gn_3.png,2.0
86.png,86_len4_len1_st_1.png,2.9
199.png,199_len2_len5_bd_3.png,2.111111111
347.png,347_len3_bd_3.png,2.2
15.png,15_len2_len4_st_2.png,1.666666667
28.png,28_len2_gn_2.png,2.875
249.png,249_len2_len5_gn_2.png,2.333333333
326.png,326_len5_bd_2.png,3.2
116.png,116_len6_bd_2.png,2.5
99.png,99_len6_bd_3.png,2.444444444
211.png,211_len6_bd_1.png,3.2
326.png,326_len5_bd_1.png,3.2
42.png,42_len3_len1_gb_3.png,2.5
53.png,53_len4_gn_1.png,3.222222222
216.png,216_len2_len5_st_2.png,1.8
202.png,202_len2_len5_gb_3.png,2.111111111
118.png,118_len3_st_1.png,3.333333333
150.png,150_len2_len5_bd_1.png,2.8
187.png,187_len5_gb_1.png,4.2
86.png,86_len4_len1_gn_2.png,3.2
285.png,285_len1_gb_1.png,3.222222222
168.png,168_len5_bd_2.png,2.9
414.png,414_len2_len5_gn_1.png,3.5
129.png,129_len2_gn_2.png,3.1
333.png,333_len3_len5_gb_1.png,3.222222222
264.png,264_len2_len4_gn_1.png,3.2
388.png,388_len3_len6_gn_3.png,2.3
342.png,342_len3_st_3.png,2.222222222
371.png,371_len3_gn_2.png,3.2
29.png,29_len6_st_2.png,2.25
139.png,139_len6_st_3.png,2.4
30.png,30_len5_bd_3.png,2.0
308.png,308_len1_gn_1.png,3.6
118.png,118_len3_len6_gb_1.png,3.444444444
159.png,159_len4_len1_bd_1.png,2.9
354.png,354_len5_len3_st_1.png,2.7
44.png,44_len2_gb_2.png,3.111111111
200.png,200_len3_len6_st_2.png,1.8
38.png,38_len5_len1_bd_1.png,2.7
78.png,78_len4_gn_3.png,3.2
139.png,139_len6_len3_gn_3.png,2.1
282.png,282_len1_bd_2.png,2.6
319.png,319_len3_len6_st_1.png,2.1
332.png,332_len4_bd_3.png,2.1
233.png,233_len4_len1_bd_2.png,2.7
18.png,18_len5_bd_3.png,2.5
37.png,37_len5_len2_gn_1.png,3.555555556
96.png,96_len2_len6_st_2.png,1.2
12.png,12_len1_gb_3.png,2.6
386.png,386_len5_st_2.png,3.4
85.png,85_len2_gb_3.png,2.3
99.png,99_len6_len2_bd_1.png,2.888888889
422.png,422_len2_len5_st_3.png,2.222222222
124.png,124_len3_len6_gn_3.png,1.444444444
35.png,35_len4_bd_2.png,3.2
382.png,382_len4_len1_bd_1.png,2.2
284.png,284_len1_gn_2.png,2.8
378.png,378_len3_st_3.png,3.1
426.png,426_len5_len2_bd_3.png,1.555555556
430.png,430_len4_len1_gn_1.png,3.555555556
142.png,142_len6_gb_2.png,2.5
253.png,253_len2_bd_3.png,2.666666667
251.png,251_len2_len6_gn_2.png,3.0
154.png,154_len3_gb_2.png,3.25
301.png,301_len2_len6_gb_1.png,3.25
260.png,260_len4_len6_gn_2.png,3.0
299.png,299_len1_len4_bd_1.png,3.3
53.png,53_len4_len1_bd_1.png,2.5
48.png,48_len4_len1_st_2.png,2.666666667
377.png,377_len4_len2_bd_3.png,1.2
137.png,137_len4_bd_3.png,3.333333333
164.png,164_len6_bd_1.png,2.5
370.png,370_len2_len6_gn_1.png,3.2
124.png,124_len3_len6_bd_1.png,3.2
198.png,198_len2_bd_2.png,2.888888889
340.png,340_len3_bd_3.png,2.2
340.png,340_len3_gb_3.png,1.9
224.png,224_len3_st_1.png,3.0
182.png,182_len1_gn_1.png,3.6
114.png,114_len1_gb_1.png,2.8
372.png,372_len3_st_3.png,1.8
206.png,206_len2_len5_gn_3.png,1.888888889
89.png,89_len2_len5_gb_3.png,2.0
351.png,351_len2_len6_st_1.png,2.2
53.png,53_len4_bd_1.png,3.5
38.png,38_len5_gb_2.png,3.444444444
252.png,252_len2_len5_gb_3.png,1.8
329.png,329_len3_len1_gb_1.png,2.555555556
8.png,8_len1_gn_2.png,3.0
226.png,226_len5_bd_3.png,2.5
349.png,349_len3_gb_2.png,3.3
144.png,144_len2_len5_st_3.png,2.5
285.png,285_len1_gn_2.png,2.4
2.png,2_len2_len5_gb_2.png,2.125
293.png,293_len6_len3_gb_2.png,2.6
198.png,198_len2_gn_3.png,3.0
175.png,175_len5_st_1.png,3.8
380.png,380_len2_st_3.png,2.333333333
234.png,234_len5_gb_1.png,3.2
242.png,242_len1_len4_gb_2.png,2.9
94.png,94_len5_len2_st_2.png,2.2
284.png,284_len1_len4_gb_1.png,3.4
239.png,239_len4_len1_st_3.png,2.3
247.png,247_len1_st_2.png,2.444444444
19.png,19_len2_len6_gb_1.png,3.3
114.png,114_len1_len4_gn_3.png,2.7
153.png,153_len1_len4_st_1.png,2.888888889
420.png,420_len3_gn_3.png,2.8
57.png,57_len1_len4_gb_3.png,1.8
273.png,273_len3_len6_st_3.png,1.8
307.png,307_len4_len2_st_2.png,1.8
372.png,372_len3_gb_3.png,2.2
364.png,364_len3_len6_gn_1.png,3.1
130.png,130_len2_st_3.png,2.25
191.png,191_len2_gb_2.png,2.2
68.png,68_len3_gb_1.png,3.1
99.png,99_len6_bd_2.png,3.1
87.png,87_len3_len6_gb_2.png,2.8
180.png,180_len3_len6_st_2.png,2.2
168.png,168_len5_st_1.png,3.1
216.png,216_len2_len5_st_1.png,2.8
285.png,285_len1_gb_3.png,2.3
304.png,304_len3_len6_gn_3.png,2.375
218.png,218_len5_bd_3.png,2.3
89.png,89_len2_gb_1.png,3.9
302.png,302_len2_len6_st_3.png,1.8
270.png,270_len1_bd_2.png,2.888888889
105.png,105_len5_bd_3.png,2.0
107.png,107_len1_len4_bd_3.png,1.9
70.png,70_len1_len4_gn_2.png,2.6
322.png,322_len1_len3_gb_3.png,2.222222222
282.png,282_len1_len4_st_3.png,1.7
429.png,429_len1_st_3.png,2.1
418.png,418_len5_len3_gb_1.png,3.4
301.png,301_len2_bd_3.png,2.2
144.png,144_len2_gb_3.png,2.555555556
109.png,109_len3_st_1.png,3.4
158.png,158_len2_len5_st_3.png,2.375
340.png,340_len3_gn_1.png,3.444444444
229.png,229_len1_bd_3.png,2.777777778
354.png,354_len5_len3_bd_2.png,2.5
65.png,65_len4_len1_gn_2.png,2.5
158.png,158_len2_st_3.png,3.444444444
228.png,228_len5_len2_bd_1.png,2.5
320.png,320_len3_len6_bd_2.png,1.8
404.png,404_len3_len1_bd_2.png,2.333333333
134.png,134_len4_len1_bd_2.png,2.1
199.png,199_len2_len5_gb_2.png,1.8
165.png,165_len4_len1_st_1.png,2.444444444
383.png,383_len3_st_3.png,4.0
3.png,3_len5_len2_bd_1.png,3.5
182.png,182_len1_len4_gn_3.png,1.8
414.png,414_len2_bd_3.png,2.222222222
189.png,189_len4_st_3.png,2.6
225.png,225_len3_len6_gb_2.png,2.111111111
241.png,241_len4_bd_3.png,2.2
61.png,61_len4_len1_gb_1.png,3.0
353.png,353_len2_gn_3.png,2.8
251.png,251_len2_st_3.png,2.2
180.png,180_len3_st_2.png,1.9
156.png,156_len1_len4_gn_2.png,2.9
205.png,205_len3_len6_bd_1.png,2.777777778
405.png,405_len3_bd_2.png,2.777777778
91.png,91_len4_len6_gb_1.png,3.3
98.png,98_len3_bd_2.png,2.6
378.png,378_len3_len5_st_1.png,3.2
381.png,381_len1_len4_bd_3.png,2.4
402.png,402_len3_gn_2.png,3.333333333
259.png,259_len5_st_2.png,2.2
293.png,293_len6_len3_gn_3.png,2.2
288.png,288_len4_len1_gn_3.png,2.8
375.png,375_len1_len4_st_2.png,2.0
349.png,349_len3_gn_2.png,2.9
174.png,174_len6_gn_3.png,2.5
121.png,121_len1_gb_1.png,3.375
272.png,272_len3_bd_1.png,2.75
144.png,144_len2_len5_bd_3.png,2.4
160.png,160_len1_bd_1.png,4.2
7.png,7_len4_gb_3.png,2.4
9.png,9_len6_st_3.png,2.5
346.png,346_len1_st_2.png,2.0
335.png,335_len5_len3_bd_2.png,2.7
77.png,77_len5_gn_2.png,3.5
387.png,387_len1_len4_gn_2.png,2.666666667
155.png,155_len2_len5_st_2.png,1.2
307.png,307_len4_len2_gn_2.png,2.4
160.png,160_len1_len4_gb_3.png,1.75
38.png,38_len5_gb_3.png,2.6
111.png,111_len5_len2_gb_1.png,3.3
426.png,426_len2_st_1.png,3.0
87.png,87_len3_len6_bd_2.png,2.8
352.png,352_len4_bd_1.png,3.7
269.png,269_len3_len5_st_2.png,2.7
237.png,237_len3_st_2.png,2.4
328.png,328_len2_len5_gn_3.png,2.2
275.png,275_len3_len6_bd_1.png,3.0
208.png,208_len4_bd_3.png,2.2
294.png,294_len2_len5_gn_1.png,3.0
98.png,98_len3_len6_gn_1.png,3.444444444
218.png,218_len5_st_2.png,2.0
151.png,151_len3_len1_gn_1.png,2.714285714
53.png,53_len4_bd_2.png,2.555555556
173.png,173_len4_len1_gn_1.png,2.888888889
220.png,220_len3_len6_gb_2.png,2.0
42.png,42_len3_len1_gn_2.png,2.8
119.png,119_len3_gn_1.png,3.555555556
68.png,68_len3_len5_gb_3.png,2.555555556
281.png,281_len4_bd_3.png,2.444444444
85.png,85_len2_len5_bd_2.png,2.111111111
301.png,301_len2_len6_st_2.png,2.222222222
297.png,297_len2_bd_3.png,2.0
92.png,92_len5_len1_gb_3.png,2.2
226.png,226_len5_bd_2.png,3.1
236.png,236_len5_gn_3.png,3.0
397.png,397_len6_bd_3.png,2.1
144.png,144_len2_bd_1.png,3.2
317.png,317_len5_len1_bd_1.png,2.111111111
8.png,8_len1_len4_st_2.png,1.6
146.png,146_len4_len1_gb_1.png,3.2
115.png,115_len6_st_3.png,2.777777778
297.png,297_len2_len4_st_2.png,2.0
345.png,345_len2_gb_2.png,2.625
34.png,34_len3_gb_1.png,3.1
89.png,89_len2_gb_2.png,3.25
420.png,420_len3_len6_gb_1.png,2.8
343.png,343_len3_len5_st_3.png,2.444444444
337.png,337_len3_len6_st_2.png,2.2
322.png,322_len1_len3_gn_3.png,2.0
125.png,125_len2_len4_gn_3.png,2.888888889
245.png,245_len2_len5_st_3.png,2.333333333
318.png,318_len4_len6_st_2.png,2.285714286
393.png,393_len3_len6_gn_3.png,2.444444444
124.png,124_len3_len6_st_1.png,2.9
70.png,70_len1_gn_3.png,3.0
107.png,107_len1_gn_3.png,2.9
356.png,356_len6_len3_bd_3.png,1.9
97.png,97_len4_bd_2.png,3.2
421.png,421_len3_len6_gb_3.png,2.2
12.png,12_len1_len4_st_1.png,2.888888889
358.png,358_len6_gn_3.png,2.6
416.png,416_len3_st_3.png,2.555555556
71.png,71_len4_len1_gb_3.png,1.7
220.png,220_len3_len6_bd_2.png,2.6
373.png,373_len2_gn_2.png,2.8
317.png,317_len5_gn_2.png,3.1
413.png,413_len2_bd_1.png,3.555555556
240.png,240_len5_bd_2.png,2.8
103.png,103_len1_len4_st_2.png,2.7
331.png,331_len3_st_3.png,1.888888889
89.png,89_len2_len5_gn_1.png,4.0
80.png,80_len3_len5_gb_3.png,2.0
420.png,420_len3_bd_2.png,3.0
175.png,175_len5_gb_1.png,3.8
20.png,20_len3_bd_2.png,3.375
120.png,120_len1_bd_3.png,2.4
256.png,256_len4_gb_2.png,2.4
138.png,138_len4_len1_gb_1.png,2.75
248.png,248_len2_gn_1.png,3.7
404.png,404_len3_len1_bd_3.png,2.0
306.png,306_len2_len5_gb_1.png,2.7
352.png,352_len4_gb_1.png,3.222222222
188.png,188_len2_gn_3.png,2.5
379.png,379_len5_len3_gb_2.png,2.222222222
181.png,181_len2_len5_st_1.png,2.7
74.png,74_len6_bd_1.png,2.3
385.png,385_len5_len2_gb_2.png,3.0
154.png,154_len3_len6_bd_3.png,2.333333333
320.png,320_len3_len6_gb_2.png,2.2
300.png,300_len2_bd_1.png,3.4
86.png,86_len4_len1_bd_2.png,2.0
416.png,416_len3_gb_2.png,3.4
254.png,254_len1_bd_1.png,3.0
311.png,311_len5_len3_gn_2.png,3.2
216.png,216_len2_len5_gb_2.png,2.2
338.png,338_len2_bd_1.png,2.777777778
351.png,351_len2_gn_3.png,2.8
402.png,402_len3_len6_gb_1.png,3.1
312.png,312_len5_len3_bd_3.png,1.8
306.png,306_len2_gn_2.png,2.8
119.png,119_len3_len6_gn_1.png,3.4
258.png,258_len2_len5_gn_2.png,2.9
188.png,188_len2_len5_gn_3.png,2.4
272.png,272_len3_gb_2.png,2.8
307.png,307_len4_st_1.png,3.111111111
106.png,106_len6_gn_2.png,2.8
269.png,269_len3_bd_1.png,3.333333333
126.png,126_len1_st_2.png,3.1
44.png,44_len2_gb_1.png,3.444444444
32.png,32_len2_gb_2.png,3.333333333
166.png,166_len4_len1_bd_2.png,2.4
213.png,213_len4_bd_2.png,2.888888889
106.png,106_len6_st_3.png,2.2
352.png,352_len4_gb_2.png,3.0
287.png,287_len4_gn_3.png,2.4
208.png,208_len4_len1_bd_1.png,2.444444444
90.png,90_len5_st_3.png,2.666666667
258.png,258_len2_len5_gn_1.png,3.5
399.png,399_len2_len5_bd_2.png,2.2
209.png,209_len3_gb_1.png,3.222222222
240.png,240_len5_bd_1.png,3.777777778
214.png,214_len3_gn_2.png,3.666666667
332.png,332_len4_len1_st_1.png,3.4
430.png,430_len4_len1_st_2.png,2.625
255.png,255_len5_len1_gn_3.png,2.8
263.png,263_len3_len6_gn_1.png,3.2
245.png,245_len2_len5_gn_1.png,3.444444444
341.png,341_len2_gb_2.png,2.8
186.png,186_len2_len5_st_3.png,2.0
383.png,383_len3_len1_bd_3.png,2.75
341.png,341_len2_len6_st_3.png,2.6
123.png,123_len4_gn_3.png,3.3
342.png,342_len3_len6_gb_1.png,3.2
273.png,273_len3_st_1.png,2.7
231.png,231_len1_len4_gn_1.png,3.555555556
397.png,397_len6_len2_bd_3.png,2.1
116.png,116_len6_len2_st_3.png,1.75
385.png,385_len5_gb_1.png,3.222222222
357.png,357_len5_gb_3.png,2.222222222
26.png,26_len3_len6_gn_3.png,2.6
116.png,116_len6_len2_st_1.png,3.4
184.png,184_len6_len3_gn_1.png,3.111111111
104.png,104_len1_gb_2.png,3.2
68.png,68_len3_len5_st_2.png,2.4
319.png,319_len3_gb_3.png,2.3
204.png,204_len4_bd_3.png,1.8
336.png,336_len4_gn_1.png,3.555555556
291.png,291_len3_len6_gb_1.png,3.3
298.png,298_len3_gb_1.png,3.4
346.png,346_len1_len3_st_2.png,2.2
86.png,86_len4_gb_3.png,2.222222222
223.png,223_len3_st_2.png,3.7
27.png,27_len1_len4_st_1.png,2.5
39.png,39_len3_len1_st_3.png,1.6
252.png,252_len2_len5_bd_3.png,1.625
70.png,70_len1_len4_st_2.png,1.6
344.png,344_len2_len5_gn_1.png,3.0
364.png,364_len3_len6_gb_1.png,3.2
70.png,70_len1_bd_2.png,3.2
281.png,281_len4_st_2.png,2.25
156.png,156_len1_bd_2.png,3.2
300.png,300_len2_gb_1.png,3.666666667
185.png,185_len6_bd_3.png,2.8
360.png,360_len2_len6_gb_2.png,2.2
166.png,166_len4_len1_gn_2.png,3.2
330.png,330_len3_gb_1.png,3.8
345.png,345_len2_len5_st_2.png,2.1
48.png,48_len4_len1_st_3.png,2.6
44.png,44_len2_len6_st_1.png,3.0
7.png,7_len4_bd_3.png,2.0
331.png,331_len3_len5_gn_3.png,2.2
51.png,51_len3_st_2.png,3.0
70.png,70_len1_bd_1.png,3.0
242.png,242_len1_len4_st_2.png,2.666666667
175.png,175_len5_len2_gn_1.png,4.1
377.png,377_len4_gb_3.png,2.0
316.png,316_len5_bd_2.png,2.9
94.png,94_len5_len2_gb_1.png,3.2
23.png,23_len4_bd_3.png,2.0
180.png,180_len3_len6_bd_1.png,3.2
391.png,391_len4_len1_gn_2.png,3.2
51.png,51_len3_len1_st_2.png,2.444444444
213.png,213_len4_gb_1.png,3.222222222
277.png,277_len4_bd_1.png,3.1
135.png,135_len5_gb_2.png,2.9
43.png,43_len6_len4_gb_2.png,2.2
392.png,392_len5_gn_2.png,3.444444444
79.png,79_len1_gn_3.png,2.444444444
219.png,219_len3_len5_gn_3.png,2.2
244.png,244_len4_len1_st_1.png,2.555555556
297.png,297_len2_gn_2.png,2.8
430.png,430_len4_bd_1.png,3.4
402.png,402_len3_len6_gb_3.png,1.666666667
60.png,60_len1_bd_1.png,3.222222222
146.png,146_len4_gb_1.png,3.2
188.png,188_len2_len5_gb_2.png,2.2
397.png,397_len6_len2_gn_3.png,2.625
2.png,2_len2_len5_bd_1.png,2.6
123.png,123_len4_len1_gn_2.png,2.3
173.png,173_len4_gn_1.png,3.444444444
217.png,217_len2_len5_st_1.png,3.111111111
1.png,1_len3_bd_2.png,2.555555556
419.png,419_len5_len2_bd_3.png,2.428571429
397.png,397_len6_bd_1.png,3.333333333
317.png,317_len5_gn_1.png,2.888888889
197.png,197_len1_len4_st_1.png,1.888888889
406.png,406_len5_gn_2.png,2.8
265.png,265_len4_bd_1.png,2.9
202.png,202_len2_len5_gn_2.png,3.0
184.png,184_len6_gn_3.png,2.444444444
253.png,253_len2_len5_st_3.png,2.333333333
255.png,255_len5_len1_st_2.png,3.222222222
409.png,409_len2_gn_3.png,2.888888889
7.png,7_len4_bd_1.png,3.1
19.png,19_len2_len6_bd_2.png,2.2
180.png,180_len3_len6_gb_3.png,2.0
273.png,273_len3_len6_bd_1.png,2.9
41.png,41_len3_st_2.png,3.222222222
56.png,56_len1_gb_1.png,3.4
2.png,2_len2_gb_3.png,2.5
379.png,379_len5_st_2.png,2.3
130.png,130_len2_len4_gb_2.png,2.444444444
294.png,294_len2_gn_3.png,2.8
132.png,132_len6_gn_2.png,3.0
239.png,239_len4_gn_3.png,2.888888889
417.png,417_len2_bd_2.png,3.1
269.png,269_len3_len5_st_3.png,2.125
25.png,25_len2_len6_gb_3.png,2.1
370.png,370_len2_len6_bd_1.png,3.0
27.png,27_len1_st_3.png,1.888888889
147.png,147_len5_len2_st_1.png,3.2
37.png,37_len5_len2_st_1.png,2.75
324.png,324_len5_gb_2.png,2.7
260.png,260_len4_len6_gb_3.png,2.2
120.png,120_len1_len4_st_2.png,2.0
213.png,213_len4_st_2.png,2.333333333
246.png,246_len4_len2_bd_1.png,3.0
263.png,263_len3_st_3.png,2.125
101.png,101_len1_bd_3.png,2.444444444
2.png,2_len2_gn_3.png,3.0
272.png,272_len3_len6_gb_1.png,3.3
195.png,195_len4_len1_gb_1.png,2.8
154.png,154_len3_len6_gn_3.png,2.7
198.png,198_len2_len5_gb_3.png,1.8
14.png,14_len2_gn_1.png,4.222222222
334.png,334_len2_len4_bd_1.png,3.375
68.png,68_len3_len5_gn_3.png,2.6
262.png,262_len3_gn_1.png,3.222222222
276.png,276_len6_bd_2.png,2.8
146.png,146_len4_st_1.png,2.8
321.png,321_len2_st_3.png,2.0
197.png,197_len1_gb_2.png,3.1
129.png,129_len2_gn_1.png,2.9
117.png,117_len3_gb_3.png,2.3
316.png,316_len5_st_2.png,2.555555556
229.png,229_len1_gb_1.png,3.8
428.png,428_len3_st_3.png,2.222222222
207.png,207_len1_len4_gn_1.png,3.2
144.png,144_len2_st_1.png,4.0
401.png,401_len1_bd_3.png,2.2
201.png,201_len2_len5_bd_3.png,2.2
25.png,25_len2_st_2.png,3.0
414.png,414_len2_len5_st_2.png,2.2
62.png,62_len5_len2_st_1.png,2.6
194.png,194_len4_len1_bd_1.png,3.3
265.png,265_len4_len1_gb_2.png,2.8
427.png,427_len4_gn_3.png,2.8
201.png,201_len2_len5_st_1.png,2.444444444
319.png,319_len3_len6_gn_2.png,2.5
112.png,112_len2_len4_gb_3.png,2.0
13.png,13_len4_gn_2.png,3.222222222
19.png,19_len2_st_1.png,2.9
53.png,53_len4_gb_1.png,3.4
195.png,195_len4_gb_1.png,3.222222222
138.png,138_len4_len1_st_3.png,2.2
208.png,208_len4_gb_3.png,1.8
221.png,221_len6_len3_gn_3.png,2.777777778
170.png,170_len2_st_2.png,2.777777778
381.png,381_len1_bd_1.png,3.666666667
46.png,46_len2_bd_1.png,2.888888889
425.png,425_len3_gn_3.png,2.8
353.png,353_len2_len5_st_2.png,1.8
120.png,120_len1_gn_1.png,3.8
80.png,80_len3_len5_st_2.png,2.1
226.png,226_len5_gn_3.png,3.1
73.png,73_len4_len1_bd_3.png,1.6
397.png,397_len6_gb_3.png,2.5
122.png,122_len1_len4_bd_1.png,2.6
41.png,41_len3_len6_gn_3.png,2.5
97.png,97_len4_gb_3.png,3.1
214.png,214_len3_len6_bd_3.png,1.8
279.png,279_len5_len3_gb_1.png,2.75
198.png,198_len2_len5_gn_3.png,2.8
164.png,164_len6_st_3.png,2.666666667
387.png,387_len1_len4_st_1.png,3.2
324.png,324_len5_len3_gb_1.png,2.8
119.png,119_len3_len6_bd_3.png,1.7
254.png,254_len1_len4_gn_3.png,2.6
307.png,307_len4_gn_1.png,3.6
207.png,207_len1_gb_2.png,2.2
186.png,186_len2_len5_bd_2.png,2.4
293.png,293_len6_gn_3.png,3.111111111
25.png,25_len2_gb_2.png,3.0
361.png,361_len2_len4_st_2.png,2.0
295.png,295_len3_len6_st_3.png,2.8
402.png,402_len3_len6_bd_3.png,2.0
233.png,233_len4_len1_st_3.png,1.8
209.png,209_len3_len6_st_3.png,2.2
131.png,131_len6_gb_1.png,3.1
210.png,210_len1_len5_gn_2.png,2.555555556
172.png,172_len4_len1_st_3.png,1.2
21.png,21_len6_len2_gn_3.png,2.7
418.png,418_len5_len3_gb_2.png,2.7
340.png,340_len3_len5_bd_3.png,1.8
334.png,334_len2_gn_2.png,3.111111111
392.png,392_len5_len2_bd_2.png,3.1
255.png,255_len5_gn_3.png,3.1
271.png,271_len5_bd_2.png,2.4
373.png,373_len2_bd_2.png,3.2
143.png,143_len5_gb_3.png,2.5
308.png,308_len1_bd_2.png,2.0
44.png,44_len2_gn_2.png,3.1
195.png,195_len4_st_2.png,2.142857143
115.png,115_len6_len3_gb_2.png,2.625
14.png,14_len2_st_1.png,3.142857143
94.png,94_len5_gn_2.png,3.4
105.png,105_len5_bd_2.png,2.666666667
81.png,81_len4_len6_st_1.png,2.4
193.png,193_len4_bd_2.png,2.7
262.png,262_len3_st_1.png,2.444444444
221.png,221_len6_len3_gb_2.png,3.1
15.png,15_len2_gn_1.png,3.8
175.png,175_len5_len2_gn_2.png,3.3
275.png,275_len3_gn_1.png,3.444444444
199.png,199_len2_len5_bd_1.png,2.333333333
31.png,31_len3_gb_3.png,2.2
399.png,399_len2_gb_2.png,3.1
319.png,319_len3_st_2.png,2.222222222
182.png,182_len1_len4_gb_2.png,3.0
223.png,223_len3_len6_st_2.png,2.666666667
42.png,42_len3_bd_3.png,3.0
236.png,236_len5_gb_3.png,2.5
45.png,45_len2_bd_3.png,1.8
189.png,189_len4_gb_3.png,2.1
121.png,121_len1_st_1.png,3.2
85.png,85_len2_gb_2.png,2.555555556
268.png,268_len4_bd_2.png,3.2
64.png,64_len1_gb_2.png,3.0
254.png,254_len1_len4_bd_3.png,1.0
247.png,247_len1_len5_gb_3.png,2.0
137.png,137_len4_st_1.png,2.888888889
64.png,64_len1_len5_bd_1.png,2.75
231.png,231_len1_st_2.png,3.333333333
153.png,153_len1_len4_gn_1.png,3.3
120.png,120_len1_gn_2.png,3.333333333
328.png,328_len2_len5_bd_1.png,2.666666667
308.png,308_len1_len5_st_1.png,2.888888889
399.png,399_len2_len5_st_3.png,1.777777778
351.png,351_len2_st_1.png,3.0
387.png,387_len1_len4_gn_3.png,3.0
154.png,154_len3_len6_st_1.png,4.0
381.png,381_len1_st_1.png,4.0
198.png,198_len2_len5_bd_3.png,2.0
305.png,305_len2_len5_st_2.png,2.2
223.png,223_len3_gb_3.png,2.714285714
82.png,82_len1_len3_gn_3.png,2.6
241.png,241_len4_st_3.png,2.25
84.png,84_len4_gb_1.png,3.111111111
227.png,227_len2_len5_bd_1.png,3.555555556
170.png,170_len2_len5_st_2.png,1.8
155.png,155_len2_len5_gb_3.png,1.8
168.png,168_len5_len2_bd_2.png,2.2
97.png,97_len4_gb_1.png,4.0
414.png,414_len2_len5_gn_3.png,2.2
196.png,196_len2_bd_2.png,3.2
280.png,280_len6_len3_gb_2.png,2.2
169.png,169_len6_len3_st_3.png,1.555555556
27.png,27_len1_st_1.png,3.111111111
210.png,210_len1_bd_2.png,2.777777778
102.png,102_len2_gb_1.png,3.7
76.png,76_len5_st_3.png,2.6
289.png,289_len4_len2_bd_3.png,2.333333333
32.png,32_len2_st_3.png,2.5
392.png,392_len5_bd_1.png,3.2
235.png,235_len6_bd_2.png,3.2
118.png,118_len3_len6_gb_2.png,2.2
19.png,19_len2_len6_gb_2.png,2.25
309.png,309_len3_len6_st_3.png,2.333333333
245.png,245_len2_gn_1.png,3.444444444
85.png,85_len2_len5_gn_1.png,3.3
41.png,41_len3_len6_gb_2.png,2.8
5.png,5_len5_len3_bd_1.png,3.5
343.png,343_len3_len5_gn_2.png,3.0
170.png,170_len2_len5_bd_2.png,2.777777778
303.png,303_len5_st_1.png,3.2
81.png,81_len4_len6_st_2.png,1.777777778
133.png,133_len1_bd_2.png,2.5
425.png,425_len3_gb_3.png,2.5
55.png,55_len5_bd_3.png,2.2
299.png,299_len1_st_1.png,3.2
94.png,94_len5_gn_1.png,3.625
6.png,6_len4_len1_gb_3.png,1.888888889
335.png,335_len5_gn_2.png,2.8
353.png,353_len2_gb_2.png,3.444444444
414.png,414_len2_gn_2.png,2.777777778
116.png,116_len6_len2_gn_3.png,2.2
107.png,107_len1_len4_st_3.png,2.0
327.png,327_len5_gn_1.png,3.375
276.png,276_len6_len3_bd_1.png,3.0
109.png,109_len3_len6_gb_1.png,3.8
40.png,40_len6_len3_bd_2.png,3.2
309.png,309_len3_len6_gb_1.png,3.8
203.png,203_len6_gb_3.png,1.9
13.png,13_len4_len1_bd_1.png,3.0
52.png,52_len1_len4_bd_1.png,3.0
66.png,66_len4_st_3.png,1.8
295.png,295_len3_len6_gb_2.png,2.2
266.png,266_len2_len5_gb_1.png,3.2
118.png,118_len3_len6_gn_1.png,3.7
20.png,20_len3_len6_gn_3.png,2.5
172.png,172_len4_len1_bd_1.png,3.1
56.png,56_len1_len4_gn_1.png,3.0
130.png,130_len2_len4_bd_1.png,2.7
156.png,156_len1_st_3.png,2.2
58.png,58_len2_len4_bd_1.png,3.333333333
238.png,238_len5_gb_3.png,2.3
242.png,242_len1_gb_1.png,3.2
109.png,109_len3_len6_bd_3.png,2.2
265.png,265_len4_gn_3.png,2.625
143.png,143_len5_bd_1.png,3.0
304.png,304_len3_len6_gn_2.png,2.6
386.png,386_len5_len3_gn_2.png,2.9
184.png,184_len6_bd_1.png,2.7
302.png,302_len2_len6_bd_2.png,2.2
57.png,57_len1_len4_gn_3.png,3.0
425.png,425_len3_bd_1.png,3.3
297.png,297_len2_gb_1.png,3.111111111
219.png,219_len3_len5_bd_1.png,2.2
75.png,75_len3_len1_st_2.png,2.2
401.png,401_len1_len4_gb_1.png,3.1
303.png,303_len5_gn_1.png,3.8
389.png,389_len5_gn_2.png,3.3
84.png,84_len4_len1_st_1.png,2.333333333
181.png,181_len2_gn_3.png,3.4
399.png,399_len2_gn_1.png,2.8
344.png,344_len2_len5_gn_2.png,2.5
18.png,18_len5_st_2.png,3.125
198.png,198_len2_len5_bd_1.png,3.428571429
162.png,162_len1_bd_1.png,3.1
295.png,295_len3_st_1.png,4.0
187.png,187_len5_len2_st_1.png,3.111111111
302.png,302_len2_st_3.png,2.777777778
106.png,106_len6_len2_gb_1.png,2.8
258.png,258_len2_gb_3.png,2.555555556
370.png,370_len2_gb_3.png,2.555555556
226.png,226_len5_len2_gb_2.png,2.1
257.png,257_len3_len6_st_1.png,2.7
208.png,208_len4_st_3.png,2.9
229.png,229_len1_gb_3.png,2.4
387.png,387_len1_len4_st_2.png,2.8
249.png,249_len2_len5_bd_2.png,2.6
278.png,278_len6_bd_2.png,2.6
329.png,329_len3_bd_3.png,2.4
242.png,242_len1_bd_1.png,3.25
95.png,95_len4_len6_st_3.png,1.9
276.png,276_len6_len3_gn_1.png,3.2
358.png,358_len6_len3_st_1.png,2.222222222
157.png,157_len3_st_3.png,1.2
56.png,56_len1_len4_st_1.png,2.8
35.png,35_len4_len1_gb_3.png,2.2
262.png,262_len3_len6_st_2.png,2.2
348.png,348_len3_len6_gn_3.png,2.0
272.png,272_len3_len6_st_3.png,1.8
41.png,41_len3_gb_2.png,3.0
332.png,332_len4_gb_3.png,2.3
197.png,197_len1_gn_1.png,3.8
397.png,397_len6_len2_gn_2.png,2.7
136.png,136_len4_bd_3.png,2.777777778
305.png,305_len2_len5_bd_3.png,1.8
60.png,60_len1_st_2.png,2.777777778
316.png,316_len5_gb_3.png,2.5
8.png,8_len1_bd_2.png,2.666666667
1.png,1_len3_gb_2.png,2.9
219.png,219_len3_st_1.png,2.5
237.png,237_len3_len5_gn_1.png,3.222222222
178.png,178_len4_st_1.png,3.0
273.png,273_len3_len6_gb_2.png,2.6
206.png,206_len2_gb_2.png,2.5
76.png,76_len5_gn_2.png,3.375
47.png,47_len3_gn_3.png,2.8
60.png,60_len1_len4_st_2.png,2.2
197.png,197_len1_gb_3.png,2.0
344.png,344_len2_len5_st_1.png,3.125
397.png,397_len6_st_2.png,2.2
312.png,312_len5_bd_3.png,2.8
51.png,51_len3_bd_3.png,2.0
139.png,139_len6_len3_gn_2.png,2.9
398.png,398_len1_gn_2.png,2.8
317.png,317_len5_len1_st_3.png,1.6
174.png,174_len6_gn_2.png,3.1
40.png,40_len6_gn_3.png,2.1
113.png,113_len3_len6_gn_1.png,2.8
85.png,85_len2_gn_1.png,3.75
238.png,238_len5_len2_gb_3.png,2.0
44.png,44_len2_len6_gb_3.png,1.6
259.png,259_len5_len2_gn_2.png,2.2
219.png,219_len3_gn_1.png,2.2
382.png,382_len4_len1_gb_1.png,2.8
68.png,68_len3_len5_bd_2.png,2.285714286
61.png,61_len4_bd_2.png,2.555555556
210.png,210_len1_len5_bd_3.png,1.9
150.png,150_len2_len5_st_3.png,1.4
75.png,75_len3_len1_st_3.png,1.0
342.png,342_len3_len6_gn_2.png,2.8
4.png,4_len3_len5_bd_1.png,3.444444444
286.png,286_len2_len6_st_1.png,3.0
4.png,4_len3_len5_gb_1.png,2.888888889
278.png,278_len6_gn_3.png,2.4
15.png,15_len2_st_3.png,2.1
153.png,153_len1_len4_st_3.png,2.111111111
266.png,266_len2_bd_3.png,1.8
51.png,51_len3_bd_1.png,3.111111111
408.png,408_len5_gb_2.png,3.2
393.png,393_len3_len6_bd_2.png,3.111111111
184.png,184_len6_gb_2.png,2.2
19.png,19_len2_gn_1.png,2.8
3.png,3_len5_len2_gn_1.png,3.777777778
237.png,237_len3_bd_1.png,3.2
59.png,59_len1_len5_bd_3.png,2.2
9.png,9_len6_bd_2.png,3.1
118.png,118_len3_gn_2.png,3.2
167.png,167_len4_bd_3.png,2.0
285.png,285_len1_len3_gn_3.png,2.6
352.png,352_len4_len1_bd_3.png,2.2
39.png,39_len3_bd_3.png,2.0
114.png,114_len1_len4_st_1.png,2.125
217.png,217_len2_len5_bd_2.png,2.7
150.png,150_len2_len5_gn_1.png,3.7
88.png,88_len3_len6_gn_3.png,2.444444444
202.png,202_len2_gb_2.png,3.0
386.png,386_len5_len3_gn_3.png,2.555555556
424.png,424_len4_bd_1.png,3.111111111
83.png,83_len5_st_3.png,2.333333333
306.png,306_len2_bd_3.png,2.142857143
169.png,169_len6_len3_bd_3.png,1.666666667
171.png,171_len3_st_2.png,1.625
368.png,368_len3_gn_2.png,3.2
341.png,341_len2_bd_2.png,2.6
145.png,145_len6_len3_gb_2.png,1.8
406.png,406_len5_len3_bd_3.png,1.8
410.png,410_len1_gn_1.png,3.2
22.png,22_len1_st_2.png,2.7
313.png,313_len2_bd_1.png,2.8
261.png,261_len4_gb_3.png,2.2
7.png,7_len4_gb_2.png,3.2
388.png,388_len3_len6_gn_1.png,3.8
373.png,373_len2_len4_bd_2.png,2.0
250.png,250_len2_gn_3.png,2.333333333
38.png,38_len5_st_3.png,2.125
139.png,139_len6_st_2.png,2.777777778
82.png,82_len1_st_2.png,3.75
386.png,386_len5_len3_gb_3.png,2.0
242.png,242_len1_gn_1.png,3.6
348.png,348_len3_bd_2.png,2.777777778
395.png,395_len3_len6_gb_3.png,2.25
167.png,167_len4_gb_1.png,3.571428571
301.png,301_len2_gb_3.png,2.7
378.png,378_len3_gn_3.png,2.6
104.png,104_len1_len4_gb_3.png,3.0
365.png,365_len3_len6_gn_2.png,3.1
384.png,384_len1_len4_gn_1.png,3.5
20.png,20_len3_len6_gb_2.png,2.2
158.png,158_len2_gb_1.png,4.1
6.png,6_len4_gb_1.png,3.111111111
63.png,63_len3_len6_gb_3.png,1.7
426.png,426_len5_len2_gb_3.png,2.555555556
186.png,186_len2_gn_2.png,2.8
42.png,42_len3_gb_3.png,2.5
342.png,342_len3_bd_3.png,2.8
134.png,134_len4_gb_3.png,2.375
157.png,157_len3_bd_3.png,1.8
170.png,170_len2_bd_3.png,2.2
112.png,112_len2_len4_gb_1.png,3.25
146.png,146_len4_len1_gn_1.png,3.0
210.png,210_len1_gb_3.png,2.444444444
369.png,369_len1_len3_st_1.png,2.3
354.png,354_len5_gb_3.png,2.0
45.png,45_len2_gb_2.png,2.7
349.png,349_len3_gb_3.png,2.888888889
8.png,8_len1_bd_3.png,2.0
143.png,143_len5_bd_2.png,2.444444444
293.png,293_len6_len3_st_1.png,2.888888889
20.png,20_len3_len6_gb_3.png,1.7
216.png,216_len2_len5_gb_1.png,2.8
205.png,205_len3_len6_bd_3.png,1.666666667
403.png,403_len3_len6_st_2.png,2.285714286
130.png,130_len2_gn_1.png,3.222222222
128.png,128_len6_len2_gb_3.png,1.888888889
51.png,51_len3_bd_2.png,2.6
185.png,185_len6_len3_gb_1.png,3.0
107.png,107_len1_len4_bd_2.png,1.625
335.png,335_len5_gb_1.png,3.777777778
382.png,382_len4_len1_bd_3.png,2.1
144.png,144_len2_st_2.png,3.5
335.png,335_len5_st_1.png,3.1
16.png,16_len5_gn_2.png,3.2
414.png,414_len2_gn_1.png,3.2
273.png,273_len3_len6_gn_3.png,2.8
412.png,412_len3_bd_1.png,3.4
392.png,392_len5_st_2.png,2.2
220.png,220_len3_len6_bd_1.png,2.666666667
108.png,108_len3_gn_1.png,3.666666667
357.png,357_len5_len3_st_3.png,2.111111111
254.png,254_len1_gn_2.png,2.8
120.png,120_len1_len4_st_3.png,1.6
418.png,418_len5_st_2.png,2.5
361.png,361_len2_len4_bd_2.png,2.222222222
88.png,88_len3_len6_st_2.png,2.8
196.png,196_len2_len5_gb_1.png,3.2
188.png,188_len2_len5_bd_2.png,2.2
92.png,92_len5_gn_3.png,2.666666667
102.png,102_len2_len6_st_1.png,3.333333333
222.png,222_len1_len4_st_3.png,2.3
198.png,198_len2_gb_2.png,2.9
329.png,329_len3_st_3.png,1.555555556
94.png,94_len5_gn_3.png,3.375
123.png,123_len4_st_2.png,2.0
164.png,164_len6_bd_2.png,2.222222222
12.png,12_len1_len4_st_2.png,2.6
225.png,225_len3_len6_st_3.png,1.9
2.png,2_len2_len5_st_2.png,1.428571429
388.png,388_len3_gb_2.png,3.0
223.png,223_len3_len6_gn_2.png,2.8
291.png,291_len3_gn_1.png,3.4
325.png,325_len3_gb_1.png,3.222222222
427.png,427_len2_len4_gb_3.png,1.5
91.png,91_len4_len6_bd_2.png,2.666666667
118.png,118_len3_st_2.png,2.9
32.png,32_len2_gb_3.png,2.7
1.png,1_len3_gn_2.png,2.8
30.png,30_len5_len3_bd_3.png,1.888888889
370.png,370_len2_bd_3.png,2.0
13.png,13_len4_bd_2.png,2.8
28.png,28_len2_gb_1.png,3.875
199.png,199_len2_gn_1.png,3.1
52.png,52_len1_len4_gn_1.png,3.0
325.png,325_len3_gb_3.png,3.2
28.png,28_len2_len6_st_1.png,3.666666667
113.png,113_len3_gn_3.png,2.8
264.png,264_len2_gb_1.png,3.0
170.png,170_len2_st_3.png,2.5
57.png,57_len1_gb_3.png,3.222222222
402.png,402_len3_gn_1.png,3.666666667
84.png,84_len4_len1_st_3.png,1.666666667
209.png,209_len3_gn_3.png,2.6
109.png,109_len3_gb_2.png,3.2
69.png,69_len4_bd_2.png,3.0
428.png,428_len3_len6_gn_1.png,3.2
419.png,419_len5_len2_st_3.png,2.0
251.png,251_len2_gn_3.png,3.2
266.png,266_len2_bd_1.png,3.5
260.png,260_len4_bd_1.png,3.5
67.png,67_len2_len5_gb_2.png,2.888888889
33.png,33_len3_len6_st_2.png,2.7
94.png,94_len5_gb_3.png,2.0
69.png,69_len4_len1_gn_3.png,1.8
360.png,360_len2_bd_2.png,2.8
25.png,25_len2_len6_gn_3.png,2.888888889
270.png,270_len1_len4_gb_2.png,1.8
65.png,65_len4_bd_1.png,2.888888889
362.png,362_len2_st_3.png,2.111111111
209.png,209_len3_bd_2.png,2.8
163.png,163_len5_st_1.png,3.5
273.png,273_len3_st_2.png,2.4
134.png,134_len4_len1_gb_2.png,2.7
416.png,416_len3_len6_gb_1.png,3.0
187.png,187_len5_len2_gn_2.png,2.9
351.png,351_len2_len6_gb_1.png,3.1
26.png,26_len3_bd_2.png,2.111111111
111.png,111_len5_gn_3.png,3.0
52.png,52_len1_len4_bd_2.png,2.125
257.png,257_len3_bd_2.png,2.5
277.png,277_len4_len1_gb_3.png,1.888888889
101.png,101_len1_gb_1.png,3.6
278.png,278_len6_len2_gb_3.png,1.8
90.png,90_len5_len2_gn_3.png,2.7
368.png,368_len3_len6_gb_1.png,2.8
71.png,71_len4_len1_gn_3.png,2.2
222.png,222_len1_gn_3.png,3.2
408.png,408_len5_len2_gb_1.png,3.375
198.png,198_len2_len5_gb_1.png,3.2
348.png,348_len3_bd_1.png,3.0
152.png,152_len2_bd_3.png,2.2
94.png,94_len5_len2_gn_3.png,2.2
76.png,76_len5_len2_bd_3.png,2.5
413.png,413_len2_gb_1.png,3.8
290.png,290_len3_len5_bd_2.png,2.6
126.png,126_len1_len4_bd_1.png,2.888888889
219.png,219_len3_len5_gn_1.png,3.0
212.png,212_len5_len2_bd_3.png,2.2
171.png,171_len3_len6_bd_2.png,2.2
173.png,173_len4_len1_st_3.png,2.111111111
224.png,224_len3_gn_3.png,2.8
233.png,233_len4_gn_1.png,3.444444444
240.png,240_len5_len2_bd_1.png,3.666666667
350.png,350_len2_len5_gb_3.png,2.0
145.png,145_len6_gb_3.png,2.5
152.png,152_len2_gn_2.png,2.7
39.png,39_len3_len1_gn_1.png,4.2
300.png,300_len2_len5_gn_2.png,2.857142857
124.png,124_len3_bd_3.png,2.222222222
180.png,180_len3_bd_1.png,4.0
334.png,334_len2_bd_1.png,3.333333333
264.png,264_len2_bd_1.png,3.2
364.png,364_len3_gb_3.png,2.5
350.png,350_len2_gb_1.png,3.2
258.png,258_len2_gb_2.png,2.666666667
381.png,381_len1_len4_gb_1.png,3.6
62.png,62_len5_len2_gn_3.png,2.9
155.png,155_len2_st_2.png,2.444444444
209.png,209_len3_gn_2.png,3.0
412.png,412_len3_len6_gb_1.png,3.444444444
126.png,126_len1_len4_gb_1.png,3.111111111
390.png,390_len2_len5_bd_1.png,3.2
403.png,403_len3_st_2.png,2.2
151.png,151_len3_st_2.png,2.222222222
248.png,248_len2_gb_2.png,2.7
19.png,19_len2_st_3.png,2.111111111
82.png,82_len1_len3_st_3.png,3.0
62.png,62_len5_len2_gb_3.png,1.9
334.png,334_len2_len4_gn_1.png,3.444444444
187.png,187_len5_len2_st_3.png,2.2
210.png,210_len1_len5_bd_2.png,3.2
329.png,329_len3_len1_st_3.png,2.2
48.png,48_len4_gn_1.png,4.111111111
302.png,302_len2_gn_1.png,3.2
175.png,175_len5_len2_bd_3.png,1.777777778
243.png,243_len1_len4_bd_3.png,1.6
291.png,291_len3_gn_2.png,3.5
354.png,354_len5_st_1.png,2.666666667
284.png,284_len1_len4_gn_3.png,2.444444444
291.png,291_len3_bd_2.png,3.2
187.png,187_len5_bd_1.png,3.333333333
279.png,279_len5_len3_st_2.png,1.8
70.png,70_len1_gb_3.png,2.3
415.png,415_len3_len5_bd_3.png,1.9
256.png,256_len4_bd_3.png,1.888888889
344.png,344_len2_gn_2.png,3.2
92.png,92_len5_len1_st_1.png,2.6
168.png,168_len5_gn_3.png,3.0
21.png,21_len6_len2_gb_3.png,1.666666667
119.png,119_len3_len6_gb_3.png,1.8
39.png,39_len3_len1_st_1.png,2.444444444
268.png,268_len4_gn_3.png,2.8
208.png,208_len4_gb_2.png,3.1
343.png,343_len3_gn_1.png,4.25
252.png,252_len2_len5_bd_1.png,3.0
38.png,38_len5_bd_2.png,3.1
209.png,209_len3_len6_gn_3.png,2.222222222
114.png,114_len1_gn_1.png,2.9
132.png,132_len6_len3_bd_1.png,3.0
309.png,309_len3_len6_st_2.png,2.0
279.png,279_len5_gn_1.png,4.0
315.png,315_len6_st_3.png,1.8
273.png,273_len3_len6_st_1.png,2.222222222
1.png,1_len3_len6_gb_2.png,2.3
231.png,231_len1_st_3.png,3.0
159.png,159_len4_gb_3.png,2.555555556
83.png,83_len5_len2_gn_2.png,3.0
56.png,56_len1_gb_3.png,2.2
112.png,112_len2_len4_bd_2.png,2.8
177.png,177_len3_len6_gn_1.png,3.444444444
130.png,130_len2_st_1.png,2.5
404.png,404_len3_len1_bd_1.png,2.9
76.png,76_len5_bd_1.png,4.0
69.png,69_len4_gn_3.png,2.0
140.png,140_len4_st_3.png,2.0
184.png,184_len6_len3_st_1.png,2.5
66.png,66_len4_len6_st_2.png,2.1
380.png,380_len2_len6_gb_3.png,2.7
201.png,201_len2_len5_gn_3.png,2.666666667
375.png,375_len1_len4_gb_1.png,3.2
326.png,326_len5_gn_3.png,3.2
144.png,144_len2_len5_gb_1.png,3.5
222.png,222_len1_st_1.png,2.2
362.png,362_len2_bd_2.png,3.0
155.png,155_len2_len5_bd_2.png,2.2
25.png,25_len2_gb_3.png,2.555555556
245.png,245_len2_st_2.png,2.625
346.png,346_len1_gb_2.png,2.666666667
378.png,378_len3_bd_2.png,2.0
387.png,387_len1_len4_bd_3.png,2.2
87.png,87_len3_st_1.png,2.9
416.png,416_len3_st_2.png,2.666666667
350.png,350_len2_len5_bd_2.png,2.333333333
367.png,367_len2_gb_2.png,3.555555556
287.png,287_len4_len1_gn_2.png,2.9
253.png,253_len2_bd_1.png,3.0
80.png,80_len3_st_1.png,2.8
212.png,212_len5_st_3.png,2.666666667
62.png,62_len5_bd_2.png,2.6
147.png,147_len5_gn_2.png,2.8
158.png,158_len2_bd_3.png,2.7
188.png,188_len2_len5_bd_1.png,3.0
155.png,155_len2_len5_bd_3.png,2.2
27.png,27_len1_gn_2.png,2.2
330.png,330_len3_gn_3.png,3.1
56.png,56_len1_gn_3.png,2.8
263.png,263_len3_bd_2.png,2.8
81.png,81_len4_len6_bd_1.png,3.2
131.png,131_len6_st_2.png,2.9
97.png,97_len4_gn_1.png,3.444444444
91.png,91_len4_bd_1.png,3.666666667
359.png,359_len4_gn_3.png,2.5
42.png,42_len3_len1_bd_3.png,2.3
234.png,234_len5_len2_gn_1.png,4.0
71.png,71_len4_gn_1.png,3.3
216.png,216_len2_len5_gn_1.png,3.4
47.png,47_len3_len5_gn_1.png,3.3
165.png,165_len4_len1_bd_2.png,2.666666667
260.png,260_len4_st_2.png,3.4
113.png,113_len3_gb_1.png,3.625
371.png,371_len3_len6_bd_2.png,2.5
33.png,33_len3_bd_1.png,3.6
306.png,306_len2_len5_gn_3.png,3.0
416.png,416_len3_len6_bd_2.png,2.3
333.png,333_len3_len5_gn_3.png,2.444444444
122.png,122_len1_len4_gb_1.png,3.2
227.png,227_len2_gb_3.png,2.7
200.png,200_len3_gn_1.png,3.6
235.png,235_len6_len4_gb_2.png,2.333333333
101.png,101_len1_len4_bd_2.png,2.3
101.png,101_len1_gb_2.png,2.8
386.png,386_len5_len3_gb_2.png,2.0
8.png,8_len1_len4_gb_1.png,2.2
182.png,182_len1_len4_bd_2.png,2.2
351.png,351_len2_bd_2.png,3.2
310.png,310_len4_len1_gb_3.png,1.8
134.png,134_len4_bd_2.png,2.222222222
361.png,361_len2_len4_st_3.png,1.7
225.png,225_len3_len6_bd_2.png,1.6
76.png,76_len5_st_1.png,1.8
232.png,232_len2_len5_bd_2.png,2.4
279.png,279_len5_gb_1.png,3.6
423.png,423_len3_st_2.png,3.0
316.png,316_len5_len2_gb_1.png,3.222222222
240.png,240_len5_len2_gb_2.png,2.8
79.png,79_len1_st_1.png,2.0
8.png,8_len1_len4_bd_2.png,1.6
162.png,162_len1_st_2.png,2.8
308.png,308_len1_gn_2.png,2.777777778
302.png,302_len2_st_2.png,2.5
109.png,109_len3_gn_2.png,3.3
46.png,46_len2_len6_st_3.png,2.8
58.png,58_len2_st_3.png,2.111111111
25.png,25_len2_len6_gn_1.png,3.3
160.png,160_len1_gn_1.png,3.222222222
4.png,4_len3_bd_3.png,2.111111111
222.png,222_len1_len4_gn_2.png,3.0
287.png,287_len4_gn_1.png,3.875
292.png,292_len5_st_3.png,2.555555556
182.png,182_len1_st_1.png,2.777777778
301.png,301_len2_len6_gn_2.png,2.8
49.png,49_len5_len1_gb_1.png,4.111111111
299.png,299_len1_len4_gb_2.png,2.0
373.png,373_len2_len4_st_2.png,2.0
357.png,357_len5_len3_gb_2.png,2.2
146.png,146_len4_len1_bd_1.png,2.625
116.png,116_len6_len2_gb_2.png,2.2
50.png,50_len6_len3_gn_3.png,2.2
165.png,165_len4_bd_3.png,2.2
144.png,144_len2_gn_1.png,4.1
188.png,188_len2_bd_3.png,2.2
110.png,110_len5_len2_bd_1.png,3.4
107.png,107_len1_gb_1.png,3.8
249.png,249_len2_len5_st_3.png,1.8
351.png,351_len2_gn_1.png,3.7
21.png,21_len6_len2_st_3.png,2.1
165.png,165_len4_st_1.png,3.1
427.png,427_len4_bd_2.png,2.5
63.png,63_len3_gb_2.png,3.4
15.png,15_len2_gb_2.png,2.444444444
168.png,168_len5_gn_1.png,3.4
132.png,132_len6_gb_1.png,3.4
74.png,74_len6_len2_st_1.png,2.6
70.png,70_len1_st_1.png,2.777777778
134.png,134_len4_len1_gn_2.png,3.2
338.png,338_len2_len6_gb_3.png,1.9
87.png,87_len3_len6_st_3.png,1.7
306.png,306_len2_len5_gn_1.png,3.888888889
159.png,159_len4_len1_bd_3.png,2.375
179.png,179_len1_len4_gn_2.png,3.3
281.png,281_len4_gn_2.png,2.8
250.png,250_len2_bd_2.png,2.875
360.png,360_len2_len6_gn_3.png,2.222222222
369.png,369_len1_len3_gb_3.png,2.0
34.png,34_len3_gn_1.png,3.444444444
95.png,95_len4_len6_gn_1.png,3.4
418.png,418_len5_st_1.png,3.571428571
244.png,244_len4_gb_2.png,2.333333333
1.png,1_len3_gn_1.png,3.8
27.png,27_len1_len4_gn_2.png,2.6
389.png,389_len5_gn_1.png,3.8
419.png,419_len5_len2_bd_1.png,3.375
380.png,380_len2_bd_1.png,3.444444444
382.png,382_len4_gn_2.png,2.2
264.png,264_len2_gn_1.png,3.5
344.png,344_len2_len5_st_3.png,1.8
181.png,181_len2_len5_st_2.png,2.5
406.png,406_len5_len3_bd_2.png,1.8
23.png,23_len4_len1_st_2.png,2.8
253.png,253_len2_bd_2.png,2.9
89.png,89_len2_len5_gb_1.png,3.333333333
355.png,355_len3_st_3.png,2.4
365.png,365_len3_len6_gn_1.png,3.2
217.png,217_len2_gn_1.png,3.5
121.png,121_len1_gn_1.png,3.2
53.png,53_len4_len1_st_3.png,2.0
277.png,277_len4_gb_3.png,2.9
154.png,154_len3_len6_st_3.png,2.666666667
11.png,11_len3_gb_1.png,3.8
269.png,269_len3_gn_3.png,2.777777778
170.png,170_len2_st_1.png,3.6
129.png,129_len2_len5_bd_3.png,2.0
318.png,318_len4_st_3.png,2.2
252.png,252_len2_len5_st_1.png,3.0
340.png,340_len3_len5_gn_1.png,3.8
244.png,244_len4_len1_st_3.png,2.0
265.png,265_len4_len1_st_1.png,2.8
289.png,289_len4_bd_2.png,3.1
180.png,180_len3_gn_1.png,3.7
348.png,348_len3_gn_3.png,2.8
402.png,402_len3_gb_1.png,3.428571429
119.png,119_len3_st_1.png,2.875
319.png,319_len3_len6_gb_1.png,2.6
355.png,355_len3_len5_gn_3.png,2.8
367.png,367_len2_len5_gb_2.png,2.2
159.png,159_len4_gb_1.png,3.444444444
347.png,347_len3_len6_st_3.png,2.0
146.png,146_len4_len1_bd_3.png,1.5
66.png,66_len4_gb_2.png,2.5
126.png,126_len1_bd_1.png,3.6
227.png,227_len2_len5_gn_3.png,2.6
269.png,269_len3_len5_gb_1.png,3.2
65.png,65_len4_st_2.png,2.125
156.png,156_len1_bd_1.png,3.2
58.png,58_len2_len4_st_1.png,2.375
145.png,145_len6_len3_gn_2.png,2.5
381.png,381_len1_len4_bd_2.png,2.4
171.png,171_len3_bd_1.png,3.3
235.png,235_len6_len4_gb_3.png,1.9
371.png,371_len3_gb_2.png,3.0
413.png,413_len2_st_3.png,2.0
11.png,11_len3_bd_2.png,2.5
10.png,10_len5_gb_1.png,3.6
11.png,11_len3_bd_3.png,2.2
418.png,418_len5_gn_3.png,3.2
370.png,370_len2_bd_1.png,3.3
307.png,307_len4_gn_2.png,3.111111111
301.png,301_len2_len6_bd_2.png,2.444444444
167.png,167_len4_st_1.png,3.0
328.png,328_len2_len5_gb_2.png,2.6
299.png,299_len1_gn_1.png,3.5
417.png,417_len2_st_2.png,2.7
130.png,130_len2_gb_3.png,2.375
387.png,387_len1_len4_gn_1.png,4.125
385.png,385_len5_gb_3.png,3.2
206.png,206_len2_st_1.png,2.666666667
73.png,73_len4_len1_gn_2.png,3.0
50.png,50_len6_len3_gb_3.png,2.125
112.png,112_len2_bd_1.png,3.0
129.png,129_len2_bd_3.png,2.2
234.png,234_len5_len2_gn_3.png,2.2
12.png,12_len1_st_2.png,2.375
194.png,194_len4_gb_2.png,2.777777778
73.png,73_len4_st_2.png,2.8
198.png,198_len2_bd_3.png,2.444444444
37.png,37_len5_bd_2.png,3.0
310.png,310_len4_gb_1.png,3.7
264.png,264_len2_len4_bd_3.png,1.222222222
182.png,182_len1_gb_1.png,3.888888889
96.png,96_len2_len6_gb_2.png,2.142857143
391.png,391_len4_len1_bd_3.png,1.8
114.png,114_len1_len4_st_3.png,1.571428571
396.png,396_len4_len6_gb_2.png,3.0
149.png,149_len3_len6_st_3.png,2.2
172.png,172_len4_len1_gn_2.png,2.777777778
122.png,122_len1_st_3.png,2.2
247.png,247_len1_gb_2.png,2.5
256.png,256_len4_len1_gb_2.png,2.2
162.png,162_len1_len4_st_3.png,2.75
310.png,310_len4_len1_gb_2.png,2.1
171.png,171_len3_st_1.png,2.0
174.png,174_len6_bd_1.png,3.5
228.png,228_len5_len2_bd_3.png,1.7
324.png,324_len5_gn_3.png,2.2
264.png,264_len2_len4_st_1.png,3.2
91.png,91_len4_bd_2.png,3.625
114.png,114_len1_len4_gn_1.png,3.2
174.png,174_len6_st_2.png,2.777777778
249.png,249_len2_st_1.png,2.4
388.png,388_len3_bd_3.png,2.0
267.png,267_len2_gn_2.png,2.8
400.png,400_len2_gn_1.png,2.777777778
282.png,282_len1_bd_1.png,3.2
421.png,421_len3_gb_1.png,3.777777778
36.png,36_len1_st_2.png,3.375
156.png,156_len1_gn_2.png,3.4
226.png,226_len5_len2_bd_2.png,3.0
270.png,270_len1_len4_bd_2.png,2.2
383.png,383_len3_bd_1.png,4.111111111
207.png,207_len1_st_1.png,3.625
26.png,26_len3_len6_st_1.png,2.333333333
60.png,60_len1_len4_gb_1.png,3.333333333
91.png,91_len4_gn_2.png,4.2
360.png,360_len2_gn_3.png,2.8
253.png,253_len2_gn_1.png,3.8
294.png,294_len2_gb_2.png,2.555555556
262.png,262_len3_len6_bd_2.png,2.2
297.png,297_len2_st_1.png,2.777777778
392.png,392_len5_gb_1.png,3.6
312.png,312_len5_len3_gn_3.png,2.3
250.png,250_len2_gn_1.png,3.666666667
13.png,13_len4_len1_gn_3.png,3.0
349.png,349_len3_len5_gb_2.png,2.6
418.png,418_len5_len3_st_3.png,2.2
411.png,411_len4_gb_2.png,3.375
177.png,177_len3_len6_st_2.png,2.25
252.png,252_len2_gn_2.png,2.8
310.png,310_len4_st_1.png,2.2
75.png,75_len3_gb_1.png,3.2
175.png,175_len5_gb_2.png,3.1
95.png,95_len4_gn_3.png,2.8
17.png,17_len1_len3_bd_3.png,2.142857143
157.png,157_len3_len6_bd_3.png,1.4
428.png,428_len3_len6_gb_2.png,2.4
125.png,125_len2_gb_2.png,2.2
107.png,107_len1_bd_3.png,2.625
254.png,254_len1_gb_3.png,2.3
10.png,10_len5_bd_3.png,2.222222222
32.png,32_len2_len6_gn_3.png,2.6
265.png,265_len4_gb_1.png,3.6
401.png,401_len1_len4_bd_1.png,2.8
203.png,203_len6_len3_st_3.png,2.1
378.png,378_len3_gb_1.png,3.444444444
31.png,31_len3_bd_3.png,1.8
179.png,179_len1_len4_gb_1.png,2.7
254.png,254_len1_st_3.png,2.2
83.png,83_len5_bd_1.png,3.2
352.png,352_len4_len1_bd_1.png,3.125
296.png,296_len6_len2_gb_3.png,2.2
298.png,298_len3_len1_st_1.png,2.444444444
305.png,305_len2_st_2.png,1.8
40.png,40_len6_len3_gb_3.png,2.0
294.png,294_len2_st_3.png,2.75
98.png,98_len3_len6_st_2.png,1.9
386.png,386_len5_len3_gn_1.png,3.333333333
315.png,315_len6_st_1.png,3.25
9.png,9_len6_len2_gb_3.png,1.9
422.png,422_len2_st_1.png,3.1
276.png,276_len6_gb_3.png,2.2
253.png,253_len2_st_2.png,2.0
124.png,124_len3_len6_gn_2.png,3.0
148.png,148_len6_st_2.png,2.777777778
204.png,204_len4_len1_st_1.png,3.222222222
312.png,312_len5_bd_1.png,3.4
175.png,175_len5_len2_gn_3.png,2.555555556
245.png,245_len2_st_1.png,2.9
231.png,231_len1_bd_1.png,3.2
158.png,158_len2_st_2.png,2.6
112.png,112_len2_len4_gb_2.png,2.2
189.png,189_len4_len1_bd_2.png,2.625
24.png,24_len2_len6_st_3.png,2.285714286
377.png,377_len4_len2_st_3.png,2.0
252.png,252_len2_st_2.png,2.75
185.png,185_len6_gb_3.png,2.5
386.png,386_len5_st_1.png,3.4
390.png,390_len2_len5_gb_1.png,3.555555556
87.png,87_len3_len6_st_1.png,2.625
46.png,46_len2_len6_gn_3.png,2.666666667
133.png,133_len1_bd_1.png,3.888888889
329.png,329_len3_len1_gn_2.png,3.0
415.png,415_len3_len5_st_3.png,1.888888889
30.png,30_len5_len3_gb_1.png,3.2
114.png,114_len1_len4_bd_3.png,1.4
396.png,396_len4_gn_2.png,2.857142857
323.png,323_len4_len1_gn_3.png,1.8
330.png,330_len3_gn_1.png,3.444444444
404.png,404_len3_bd_1.png,2.8
338.png,338_len2_bd_3.png,2.2
72.png,72_len6_gb_3.png,2.2
72.png,72_len6_gn_3.png,2.5
18.png,18_len5_len3_gb_1.png,3.4
220.png,220_len3_st_1.png,2.5
134.png,134_len4_st_3.png,3.555555556
63.png,63_len3_bd_1.png,3.2
386.png,386_len5_len3_gb_1.png,3.2
363.png,363_len2_len6_gb_2.png,2.222222222
427.png,427_len2_len4_st_1.png,2.3
48.png,48_len4_len1_st_1.png,3.222222222
33.png,33_len3_gb_2.png,3.222222222
154.png,154_len3_gn_2.png,3.25
92.png,92_len5_len1_gn_2.png,2.8
118.png,118_len3_st_3.png,2.8
125.png,125_len2_len4_gb_3.png,2.0
280.png,280_len6_len3_st_1.png,2.2
60.png,60_len1_gn_1.png,3.75
415.png,415_len3_st_2.png,3.0
212.png,212_len5_len2_gb_1.png,2.555555556
142.png,142_len6_len3_gn_1.png,3.111111111
204.png,204_len4_len1_gn_2.png,2.8
270.png,270_len1_st_3.png,2.9
98.png,98_len3_bd_3.png,1.8
301.png,301_len2_len6_gb_2.png,2.555555556
417.png,417_len2_len5_gb_3.png,2.2
381.png,381_len1_len4_gn_3.png,2.888888889
267.png,267_len2_len5_bd_3.png,1.555555556
39.png,39_len3_gb_1.png,3.1
24.png,24_len2_st_1.png,3.5
356.png,356_len6_len3_gn_2.png,3.0
209.png,209_len3_len6_gb_2.png,2.0
200.png,200_len3_gb_3.png,2.8
24.png,24_len2_len6_gn_3.png,2.375
392.png,392_len5_len2_st_1.png,2.777777778
110.png,110_len5_len2_gn_1.png,3.333333333
371.png,371_len3_len6_bd_1.png,3.0
346.png,346_len1_gb_3.png,2.8
4.png,4_len3_len5_st_2.png,2.1
333.png,333_len3_gb_2.png,3.0
164.png,164_len6_len3_gb_3.png,2.1
58.png,58_len2_gb_2.png,3.0
230.png,230_len3_st_3.png,2.1
267.png,267_len2_bd_1.png,3.1
73.png,73_len4_gb_3.png,2.5
405.png,405_len3_len6_bd_2.png,2.8
34.png,34_len3_len1_gn_1.png,3.222222222
314.png,314_len5_st_1.png,2.9
46.png,46_len2_len6_gb_3.png,1.777777778
40.png,40_len6_len3_st_3.png,1.5
262.png,262_len3_bd_1.png,3.6
348.png,348_len3_len6_st_3.png,1.8
397.png,397_len6_len2_gb_1.png,3.0
296.png,296_len6_len2_gb_1.png,3.333333333
184.png,184_len6_bd_2.png,2.1
406.png,406_len5_bd_1.png,2.9
321.png,321_len2_len4_gb_2.png,2.4
65.png,65_len4_len1_bd_1.png,2.7
107.png,107_len1_len4_gn_2.png,2.444444444
294.png,294_len2_len5_bd_1.png,3.2
296.png,296_len6_len2_gb_2.png,2.3
270.png,270_len1_gb_2.png,2.8
189.png,189_len4_st_2.png,2.7
121.png,121_len1_bd_2.png,3.8
153.png,153_len1_gb_3.png,2.9
152.png,152_len2_len5_gn_2.png,2.7
5.png,5_len5_gn_3.png,2.7
62.png,62_len5_len2_gn_1.png,4.0
111.png,111_len5_len2_bd_1.png,3.1
117.png,117_len3_len6_bd_3.png,1.8
99.png,99_len6_st_3.png,2.444444444
179.png,179_len1_len4_gb_2.png,2.444444444
279.png,279_len5_st_3.png,2.777777778
410.png,410_len1_len4_bd_1.png,2.8
184.png,184_len6_st_1.png,2.8
207.png,207_len1_len4_bd_2.png,2.125
196.png,196_len2_len5_gn_3.png,2.7
352.png,352_len4_len1_bd_2.png,2.8
422.png,422_len2_bd_2.png,3.2
35.png,35_len4_len1_gn_2.png,3.111111111
227.png,227_len2_gn_2.png,3.222222222
4.png,4_len3_len5_gn_3.png,2.555555556
198.png,198_len2_len5_bd_2.png,2.2
143.png,143_len5_gb_1.png,3.2
295.png,295_len3_gb_3.png,2.3
394.png,394_len5_len2_bd_3.png,1.555555556
112.png,112_len2_gn_3.png,3.1
152.png,152_len2_gb_1.png,3.777777778
252.png,252_len2_len5_bd_2.png,2.8
36.png,36_len1_len5_bd_1.png,2.8
389.png,389_len5_gb_1.png,3.8
134.png,134_len4_len1_st_2.png,2.375
409.png,409_len2_st_3.png,2.2
249.png,249_len2_len5_gb_3.png,2.222222222
419.png,419_len5_bd_3.png,3.0
57.png,57_len1_bd_3.png,2.0
36.png,36_len1_len5_gn_3.png,1.9
300.png,300_len2_len5_bd_3.png,2.0
345.png,345_len2_len5_gn_3.png,2.0
426.png,426_len2_gn_3.png,2.777777778
135.png,135_len5_len2_gb_3.png,1.5
370.png,370_len2_len6_st_1.png,2.666666667
100.png,100_len5_len2_gn_1.png,3.6
105.png,105_len5_st_3.png,2.555555556
18.png,18_len5_len3_bd_3.png,1.7
105.png,105_len5_len3_bd_1.png,3.0
144.png,144_len2_len5_bd_1.png,3.3
39.png,39_len3_gn_1.png,3.875
347.png,347_len3_gn_3.png,2.7
400.png,400_len2_gb_3.png,2.333333333
55.png,55_len5_gb_1.png,3.666666667
349.png,349_len3_st_2.png,2.4
171.png,171_len3_gb_2.png,3.2
194.png,194_len4_len1_gn_2.png,2.428571429
75.png,75_len3_gb_3.png,2.5
399.png,399_len2_len5_gb_3.png,1.7
145.png,145_len6_gn_1.png,3.4
398.png,398_len1_len4_gb_3.png,2.1
64.png,64_len1_len5_gb_1.png,3.0
144.png,144_len2_len5_st_1.png,3.0
34.png,34_len3_st_2.png,3.1
182.png,182_len1_st_2.png,3.0
307.png,307_len4_gb_3.png,2.625
227.png,227_len2_len5_bd_3.png,1.2
415.png,415_len3_gb_1.png,3.2
170.png,170_len2_len5_bd_3.png,1.9
315.png,315_len6_bd_1.png,3.2
329.png,329_len3_bd_1.png,3.0
313.png,313_len2_len5_st_3.png,2.1
418.png,418_len5_gn_1.png,3.666666667
297.png,297_len2_gn_3.png,3.1
55.png,55_len5_len2_gn_2.png,3.0
326.png,326_len5_st_2.png,2.0
218.png,218_len5_bd_2.png,3.111111111
115.png,115_len6_gb_1.png,4.111111111
14.png,14_len2_len6_gn_1.png,4.2
13.png,13_len4_bd_1.png,3.4
410.png,410_len1_st_2.png,3.111111111
366.png,366_len3_st_1.png,3.375
135.png,135_len5_len2_st_2.png,3.25
251.png,251_len2_len6_bd_3.png,1.8
126.png,126_len1_len4_st_2.png,2.0
313.png,313_len2_len5_st_2.png,2.222222222
369.png,369_len1_bd_3.png,2.1
131.png,131_len6_len3_gb_2.png,2.4
231.png,231_len1_len4_st_1.png,3.1
179.png,179_len1_len4_gn_3.png,3.0
58.png,58_len2_gb_1.png,3.8
78.png,78_len4_st_1.png,3.444444444
101.png,101_len1_len4_st_3.png,1.2
249.png,249_len2_gb_1.png,3.444444444
312.png,312_len5_bd_2.png,2.6
5.png,5_len5_gb_2.png,3.444444444
262.png,262_len3_st_3.png,2.444444444
211.png,211_len6_len3_gb_2.png,2.3
24.png,24_len2_len6_bd_1.png,3.555555556
145.png,145_len6_len3_bd_3.png,2.333333333
110.png,110_len5_len2_st_3.png,2.555555556
56.png,56_len1_len4_gb_1.png,3.0
257.png,257_len3_gn_2.png,3.0
216.png,216_len2_len5_st_3.png,2.8
32.png,32_len2_len6_gn_1.png,3.555555556
271.png,271_len5_len2_st_3.png,1.7
77.png,77_len5_len2_gb_3.png,2.3
263.png,263_len3_gb_1.png,2.666666667
426.png,426_len5_len2_gn_1.png,3.285714286
314.png,314_len5_len2_st_2.png,2.2
227.png,227_len2_gb_2.png,2.0
407.png,407_len3_gn_3.png,2.8
220.png,220_len3_gb_1.png,3.0
410.png,410_len1_len4_gn_3.png,2.2
137.png,137_len4_len1_bd_1.png,3.333333333
240.png,240_len5_len2_gb_3.png,2.0
135.png,135_len5_len2_gb_2.png,2.1
80.png,80_len3_gn_1.png,4.0
360.png,360_len2_bd_1.png,3.2
278.png,278_len6_st_1.png,3.222222222
327.png,327_len5_gb_1.png,3.3
207.png,207_len1_len4_st_2.png,2.777777778
420.png,420_len3_bd_1.png,3.2
309.png,309_len3_len6_gn_1.png,3.8
421.png,421_len3_len6_st_3.png,2.0
56.png,56_len1_gb_2.png,2.6
416.png,416_len3_gn_3.png,2.7
269.png,269_len3_gn_2.png,3.0
344.png,344_len2_len5_bd_3.png,2.2
264.png,264_len2_gb_2.png,2.555555556
85.png,85_len2_gb_1.png,3.4
237.png,237_len3_bd_3.png,2.2
168.png,168_len5_len2_gb_2.png,2.7
421.png,421_len3_len6_gb_1.png,3.8
178.png,178_len4_len1_st_2.png,2.7
298.png,298_len3_bd_3.png,2.0
251.png,251_len2_gb_3.png,2.888888889
172.png,172_len4_gn_1.png,4.2
277.png,277_len4_gn_1.png,3.2
324.png,324_len5_len3_st_1.png,2.666666667
379.png,379_len5_len3_st_2.png,1.8
103.png,103_len1_gb_1.png,3.3
189.png,189_len4_len1_gn_3.png,3.2
320.png,320_len3_len6_st_1.png,3.2
116.png,116_len6_st_2.png,2.0
273.png,273_len3_bd_3.png,2.8
380.png,380_len2_len6_gn_3.png,2.2
328.png,328_len2_len5_st_1.png,2.9
417.png,417_len2_len5_bd_3.png,2.8
38.png,38_len5_bd_1.png,3.4
159.png,159_len4_len1_gn_3.png,2.2
10.png,10_len5_bd_1.png,3.333333333
12.png,12_len1_len4_gn_1.png,3.5
215.png,215_len4_len1_st_1.png,2.2
137.png,137_len4_len1_gn_3.png,2.2
285.png,285_len1_len3_bd_1.png,3.2
210.png,210_len1_len5_gb_2.png,2.6
317.png,317_len5_gb_2.png,3.222222222
401.png,401_len1_len4_st_2.png,1.8
318.png,318_len4_len6_st_1.png,2.1
161.png,161_len4_len1_gb_1.png,3.2
181.png,181_len2_len5_bd_2.png,2.555555556
169.png,169_len6_bd_2.png,2.5
17.png,17_len1_gn_2.png,3.0
344.png,344_len2_st_3.png,2.777777778
96.png,96_len2_len6_st_1.png,2.4
151.png,151_len3_len1_gb_2.png,2.2
415.png,415_len3_len5_gn_1.png,3.1
343.png,343_len3_st_2.png,2.444444444
424.png,424_len4_len1_gn_1.png,3.0
293.png,293_len6_len3_gn_2.png,2.8
342.png,342_len3_len6_bd_2.png,2.555555556
97.png,97_len4_st_2.png,2.555555556
52.png,52_len1_bd_1.png,4.333333333
319.png,319_len3_st_3.png,2.3
161.png,161_len4_bd_2.png,3.333333333
217.png,217_len2_bd_1.png,3.888888889
323.png,323_len4_bd_1.png,3.1
191.png,191_len2_len5_gn_1.png,3.4
177.png,177_len3_bd_2.png,2.75
342.png,342_len3_len6_bd_3.png,1.8
255.png,255_len5_st_1.png,3.7
92.png,92_len5_len1_bd_3.png,1.8
222.png,222_len1_gn_1.png,4.1
105.png,105_len5_gb_2.png,2.6
359.png,359_len4_len1_st_3.png,2.0
74.png,74_len6_len2_bd_2.png,1.888888889
333.png,333_len3_bd_3.png,2.0
53.png,53_len4_len1_gn_3.png,1.7
67.png,67_len2_len5_gn_2.png,3.111111111
226.png,226_len5_gb_3.png,1.8
122.png,122_len1_st_2.png,1.8
180.png,180_len3_len6_bd_3.png,2.0
386.png,386_len5_len3_bd_1.png,3.5
416.png,416_len3_gn_1.png,3.5
81.png,81_len4_len6_gb_3.png,1.6
87.png,87_len3_len6_bd_3.png,2.2
183.png,183_len2_len5_gb_2.png,2.333333333
252.png,252_len2_len5_st_2.png,2.666666667
344.png,344_len2_bd_3.png,2.3
227.png,227_len2_bd_3.png,1.8
376.png,376_len3_len1_gn_3.png,1.8
128.png,128_len6_gb_3.png,2.2
418.png,418_len5_len3_gn_1.png,3.444444444
137.png,137_len4_len1_st_1.png,2.2
130.png,130_len2_len4_gn_2.png,2.8
304.png,304_len3_len6_gb_1.png,4.1
156.png,156_len1_len4_bd_3.png,1.75
285.png,285_len1_len3_bd_2.png,1.777777778
339.png,339_len4_len1_gn_1.png,3.875
62.png,62_len5_len2_gb_2.png,2.777777778
286.png,286_len2_len6_bd_2.png,1.6
395.png,395_len3_st_2.png,2.2
24.png,24_len2_bd_3.png,2.4
49.png,49_len5_bd_3.png,2.666666667
299.png,299_len1_gb_3.png,2.3
147.png,147_len5_len2_bd_3.png,2.0
147.png,147_len5_bd_2.png,3.25
167.png,167_len4_len1_gb_1.png,3.0
352.png,352_len4_st_2.png,2.3
313.png,313_len2_len5_gn_2.png,2.8
325.png,325_len3_len6_bd_3.png,2.0
28.png,28_len2_len6_gb_3.png,2.5
221.png,221_len6_bd_2.png,3.222222222
110.png,110_len5_st_3.png,2.5
320.png,320_len3_gn_1.png,3.2
211.png,211_len6_len3_gb_3.png,1.875
219.png,219_len3_len5_st_3.png,1.5
341.png,341_len2_len6_gn_2.png,2.333333333
57.png,57_len1_gb_1.png,3.2
163.png,163_len5_bd_2.png,2.7
175.png,175_len5_gn_2.png,3.7
190.png,190_len2_st_1.png,2.888888889
117.png,117_len3_len6_st_3.png,1.9
201.png,201_len2_st_2.png,3.0
77.png,77_len5_len2_st_3.png,2.333333333
239.png,239_len4_len1_bd_1.png,2.222222222
116.png,116_len6_len2_gb_3.png,1.555555556
427.png,427_len4_st_1.png,2.5
125.png,125_len2_len4_bd_1.png,3.2
224.png,224_len3_len6_gb_2.png,2.333333333
335.png,335_len5_len3_gn_1.png,3.6
207.png,207_len1_len4_gb_2.png,1.8
342.png,342_len3_gb_3.png,2.7
401.png,401_len1_gb_2.png,2.2
138.png,138_len4_len1_gn_3.png,3.0
258.png,258_len2_st_2.png,1.888888889
191.png,191_len2_len5_st_1.png,3.111111111
82.png,82_len1_len3_gb_3.png,2.333333333
313.png,313_len2_gb_3.png,1.8
245.png,245_len2_gn_2.png,3.25
137.png,137_len4_bd_2.png,3.222222222
15.png,15_len2_len4_st_3.png,1.5
301.png,301_len2_len6_gn_3.png,2.555555556
183.png,183_len2_st_2.png,2.9
419.png,419_len5_len2_gb_2.png,2.75
86.png,86_len4_len1_bd_3.png,1.555555556
97.png,97_len4_len1_gb_2.png,3.2
25.png,25_len2_gn_2.png,3.1
129.png,129_len2_len5_gb_2.png,2.2
283.png,283_len6_len4_st_1.png,1.9
187.png,187_len5_gb_2.png,2.2
369.png,369_len1_gn_2.png,3.1
292.png,292_len5_gn_2.png,3.2
282.png,282_len1_gb_1.png,3.0
430.png,430_len4_len1_st_3.png,2.5
130.png,130_len2_len4_gn_1.png,3.555555556
406.png,406_len5_len3_gn_3.png,2.0
98.png,98_len3_len6_gn_3.png,2.2
174.png,174_len6_len3_gb_1.png,3.555555556
192.png,192_len1_st_1.png,2.625
366.png,366_len3_gb_3.png,2.8
417.png,417_len2_len5_gn_2.png,3.1
347.png,347_len3_len6_gn_3.png,2.1
417.png,417_len2_len5_gb_2.png,2.555555556
191.png,191_len2_bd_3.png,1.8
140.png,140_len4_len6_gn_3.png,1.8
364.png,364_len3_len6_gn_3.png,1.555555556
25.png,25_len2_len6_gn_2.png,3.0
42.png,42_len3_len1_gn_3.png,3.0
17.png,17_len1_gb_1.png,3.8
270.png,270_len1_len4_gn_1.png,3.5
424.png,424_len4_gb_3.png,2.9
392.png,392_len5_len2_bd_3.png,2.0
391.png,391_len4_len1_gn_1.png,4.0
399.png,399_len2_len5_st_1.png,2.8
398.png,398_len1_len4_bd_1.png,2.9
376.png,376_len3_bd_3.png,2.25
138.png,138_len4_len1_st_2.png,2.25
65.png,65_len4_gb_3.png,2.2
364.png,364_len3_st_2.png,2.2
402.png,402_len3_st_2.png,2.777777778
275.png,275_len3_len6_st_2.png,2.0
314.png,314_len5_len2_bd_2.png,2.2
156.png,156_len1_st_1.png,3.8
406.png,406_len5_gb_2.png,2.333333333
153.png,153_len1_len4_st_2.png,2.444444444
78.png,78_len4_len6_gb_1.png,3.5
91.png,91_len4_len6_bd_3.png,1.888888889
127.png,127_len1_len4_gb_2.png,2.1
360.png,360_len2_len6_bd_1.png,3.125
236.png,236_len5_gb_1.png,3.375
75.png,75_len3_st_1.png,2.8
216.png,216_len2_gb_2.png,2.6
338.png,338_len2_len6_bd_2.png,2.444444444
390.png,390_len2_len5_gn_1.png,4.0
254.png,254_len1_st_1.png,2.9
80.png,80_len3_bd_1.png,2.8
202.png,202_len2_len5_bd_2.png,2.333333333
75.png,75_len3_gn_3.png,2.8
148.png,148_len6_len3_st_3.png,2.0
193.png,193_len4_len6_gb_3.png,1.777777778
31.png,31_len3_st_1.png,2.8
110.png,110_len5_gb_2.png,2.8
235.png,235_len6_gb_2.png,3.7
279.png,279_len5_st_2.png,3.0
316.png,316_len5_bd_1.png,3.8
381.png,381_len1_len4_gb_2.png,2.8
91.png,91_len4_gb_1.png,3.8
62.png,62_len5_st_3.png,2.2
206.png,206_len2_len5_gb_2.png,2.4
319.png,319_len3_len6_gn_3.png,2.8
122.png,122_len1_len4_gb_2.png,2.7
95.png,95_len4_gb_2.png,3.0
78.png,78_len4_len6_bd_1.png,3.2
349.png,349_len3_st_1.png,2.2
92.png,92_len5_len1_bd_2.png,2.6
408.png,408_len5_gn_3.png,2.8
177.png,177_len3_st_1.png,3.222222222
31.png,31_len3_len5_st_2.png,2.222222222
354.png,354_len5_len3_bd_1.png,2.555555556
177.png,177_len3_len6_gb_1.png,3.222222222
375.png,375_len1_gn_1.png,3.444444444
126.png,126_len1_gb_3.png,2.8
69.png,69_len4_len1_gb_3.png,1.777777778
147.png,147_len5_gn_3.png,3.3
313.png,313_len2_len5_gn_3.png,2.111111111
386.png,386_len5_len3_st_1.png,3.222222222
303.png,303_len5_bd_1.png,3.428571429
283.png,283_len6_gn_3.png,3.0
31.png,31_len3_gn_3.png,2.2
192.png,192_len1_gn_3.png,3.75
355.png,355_len3_gb_1.png,3.5
413.png,413_len2_len5_bd_3.png,1.6
343.png,343_len3_gb_2.png,3.2
351.png,351_len2_len6_bd_2.png,2.222222222
134.png,134_len4_gn_3.png,2.9
161.png,161_len4_gb_1.png,3.8
361.png,361_len2_gb_1.png,3.666666667
322.png,322_len1_bd_2.png,3.2
425.png,425_len3_st_1.png,2.8
243.png,243_len1_len4_gb_3.png,2.1
408.png,408_len5_len2_gb_2.png,2.2
323.png,323_len4_gn_2.png,3.0
277.png,277_len4_st_1.png,3.222222222
24.png,24_len2_bd_2.png,2.5
318.png,318_len4_st_1.png,2.333333333
397.png,397_len6_bd_2.png,3.0
134.png,134_len4_bd_3.png,2.444444444
301.png,301_len2_len6_bd_1.png,3.0
401.png,401_len1_len4_gb_2.png,3.0
377.png,377_len4_len2_gb_1.png,3.3
340.png,340_len3_gn_3.png,3.0
305.png,305_len2_len5_st_1.png,2.888888889
41.png,41_len3_bd_1.png,3.5
374.png,374_len1_len4_bd_2.png,3.0
205.png,205_len3_len6_gn_1.png,3.3
122.png,122_len1_gn_3.png,2.8
223.png,223_len3_gb_2.png,3.2
248.png,248_len2_len5_st_3.png,2.8
287.png,287_len4_st_1.png,3.8
148.png,148_len6_len3_gb_1.png,3.8
396.png,396_len4_len6_bd_3.png,2.3
111.png,111_len5_st_2.png,2.555555556
165.png,165_len4_len1_gb_1.png,3.4
2.png,2_len2_bd_1.png,2.9
350.png,350_len2_bd_2.png,3.0
343.png,343_len3_gb_3.png,2.888888889
276.png,276_len6_len3_gb_1.png,3.333333333
262.png,262_len3_bd_3.png,1.777777778
242.png,242_len1_len4_gn_1.png,2.8
139.png,139_len6_bd_1.png,3.1
424.png,424_len4_bd_2.png,3.222222222
183.png,183_len2_bd_2.png,2.666666667
236.png,236_len5_st_3.png,2.8
383.png,383_len3_st_1.png,4.0
299.png,299_len1_st_2.png,2.625
87.png,87_len3_st_3.png,2.0
45.png,45_len2_len5_gb_3.png,1.5
323.png,323_len4_gn_3.png,2.333333333
282.png,282_len1_len4_bd_2.png,2.4
340.png,340_len3_len5_bd_1.png,3.0
27.png,27_len1_gb_2.png,2.8
332.png,332_len4_len1_st_3.png,2.1
103.png,103_len1_len4_st_1.png,3.8
340.png,340_len3_len5_bd_2.png,2.8
359.png,359_len4_len1_gb_1.png,3.4
404.png,404_len3_bd_2.png,2.6
325.png,325_len3_st_2.png,2.9
412.png,412_len3_gn_1.png,3.5
180.png,180_len3_gb_3.png,2.888888889
210.png,210_len1_len5_bd_1.png,3.0
35.png,35_len4_len1_bd_3.png,1.4
137.png,137_len4_st_3.png,2.555555556
380.png,380_len2_gn_2.png,3.3
314.png,314_len5_gn_3.png,2.8
45.png,45_len2_st_2.png,3.2
20.png,20_len3_st_1.png,3.4
415.png,415_len3_len5_gb_3.png,2.0
220.png,220_len3_st_2.png,2.8
35.png,35_len4_len1_st_3.png,3.0
55.png,55_len5_gn_3.png,2.9
344.png,344_len2_len5_gb_3.png,2.2
400.png,400_len2_st_1.png,2.75
331.png,331_len3_gn_3.png,2.7
124.png,124_len3_gb_1.png,3.2
287.png,287_len4_gb_1.png,3.2
52.png,52_len1_len4_bd_3.png,2.0
25.png,25_len2_len6_st_3.png,1.777777778
31.png,31_len3_len5_gb_3.png,1.777777778
27.png,27_len1_len4_gb_2.png,2.1
160.png,160_len1_len4_gn_3.png,2.5
84.png,84_len4_len1_gb_3.png,2.0
148.png,148_len6_st_1.png,3.8
105.png,105_len5_gn_3.png,2.9
337.png,337_len3_len6_bd_2.png,2.444444444
165.png,165_len4_gn_2.png,3.2
258.png,258_len2_gn_1.png,3.7
25.png,25_len2_len6_bd_3.png,1.6
35.png,35_len4_bd_1.png,4.2
190.png,190_len2_st_2.png,2.0
319.png,319_len3_len6_gb_3.png,2.2
344.png,344_len2_gb_3.png,2.0
79.png,79_len1_gn_1.png,3.9
145.png,145_len6_len3_bd_2.png,2.222222222
342.png,342_len3_gn_1.png,3.888888889
92.png,92_len5_bd_3.png,2.0
342.png,342_len3_bd_2.png,2.888888889
175.png,175_len5_len2_bd_1.png,3.7
96.png,96_len2_bd_3.png,2.0
25.png,25_len2_st_3.png,1.2
408.png,408_len5_len2_gn_2.png,2.8
135.png,135_len5_gb_1.png,2.9
14.png,14_len2_len6_bd_1.png,3.333333333
31.png,31_len3_len5_bd_3.png,2.2
215.png,215_len4_bd_2.png,2.8
83.png,83_len5_len2_bd_1.png,3.111111111
149.png,149_len3_bd_2.png,2.666666667
415.png,415_len3_len5_bd_1.png,2.6
205.png,205_len3_len6_gb_1.png,3.111111111
153.png,153_len1_gn_1.png,3.8
226.png,226_len5_st_2.png,2.5
107.png,107_len1_len4_gn_1.png,3.5
311.png,311_len5_st_3.png,2.2
32.png,32_len2_bd_3.png,2.333333333
38.png,38_len5_len1_bd_2.png,2.4
314.png,314_len5_len2_gb_1.png,2.7
349.png,349_len3_gn_1.png,3.9
381.png,381_len1_len4_gb_3.png,2.0
272.png,272_len3_gn_2.png,2.8
389.png,389_len5_len3_gb_2.png,3.0
415.png,415_len3_bd_2.png,3.0
1.png,1_len3_len6_gn_2.png,3.2
422.png,422_len2_gb_2.png,2.555555556
377.png,377_len4_bd_1.png,3.2
174.png,174_len6_len3_gn_3.png,2.3
289.png,289_len4_bd_1.png,3.2
284.png,284_len1_len4_st_2.png,2.0
358.png,358_len6_bd_1.png,3.375
379.png,379_len5_st_1.png,2.8
99.png,99_len6_st_1.png,3.625
148.png,148_len6_gb_1.png,3.444444444
21.png,21_len6_gn_3.png,2.9
291.png,291_len3_gn_3.png,3.4
226.png,226_len5_st_3.png,2.2
302.png,302_len2_bd_1.png,3.2
396.png,396_len4_bd_3.png,3.0
363.png,363_len2_st_3.png,2.3
224.png,224_len3_bd_2.png,3.1
35.png,35_len4_st_1.png,3.7
50.png,50_len6_gb_1.png,3.2
406.png,406_len5_gn_3.png,2.4
38.png,38_len5_bd_3.png,2.222222222
388.png,388_len3_len6_bd_2.png,2.2
13.png,13_len4_len1_st_2.png,3.1
253.png,253_len2_len5_gb_2.png,2.6
342.png,342_len3_len6_gn_1.png,3.625
371.png,371_len3_len6_gn_3.png,2.6
110.png,110_len5_gn_3.png,3.1
178.png,178_len4_bd_3.png,2.8
27.png,27_len1_len4_bd_3.png,1.2
300.png,300_len2_gb_3.png,1.8
30.png,30_len5_len3_gn_1.png,3.625
313.png,313_len2_gb_1.png,3.4
141.png,141_len5_gn_1.png,3.2
333.png,333_len3_st_1.png,3.2
7.png,7_len4_bd_2.png,2.9
320.png,320_len3_bd_2.png,2.75
370.png,370_len2_len6_gb_1.png,3.1
263.png,263_len3_bd_3.png,2.111111111
37.png,37_len5_len2_st_2.png,2.3
40.png,40_len6_gb_3.png,2.8
396.png,396_len4_len6_gn_3.png,2.4
333.png,333_len3_gn_2.png,3.2
5.png,5_len5_gb_3.png,3.444444444
83.png,83_len5_st_1.png,3.0
278.png,278_len6_gb_3.png,2.2
328.png,328_len2_len5_gb_3.png,1.8
416.png,416_len3_len6_st_1.png,3.1
7.png,7_len4_gn_1.png,3.5
373.png,373_len2_len4_gn_3.png,2.7
230.png,230_len3_st_2.png,2.111111111
387.png,387_len1_gn_1.png,3.888888889
248.png,248_len2_len5_gb_1.png,2.8
166.png,166_len4_len6_st_3.png,1.9
128.png,128_len6_len2_gb_1.png,3.444444444
197.png,197_len1_len4_bd_1.png,4.0
346.png,346_len1_len3_gn_1.png,4.0
7.png,7_len4_len1_bd_2.png,2.5
1.png,1_len3_st_2.png,1.8
379.png,379_len5_st_3.png,2.222222222
335.png,335_len5_gn_3.png,2.8
217.png,217_len2_len5_gn_3.png,3.2
224.png,224_len3_len6_gn_1.png,3.8
151.png,151_len3_bd_1.png,3.111111111
164.png,164_len6_len3_bd_2.png,2.3
302.png,302_len2_len6_gb_2.png,2.777777778
85.png,85_len2_len5_gn_3.png,2.2
290.png,290_len3_gn_3.png,2.7
303.png,303_len5_len2_bd_3.png,1.333333333
224.png,224_len3_len6_st_3.png,2.2
157.png,157_len3_len6_gn_2.png,2.875
169.png,169_len6_gn_1.png,3.666666667
382.png,382_len4_gb_3.png,2.2
316.png,316_len5_len2_st_3.png,1.8
242.png,242_len1_st_3.png,2.7
297.png,297_len2_len4_bd_1.png,2.222222222
81.png,81_len4_gn_1.png,4.2
395.png,395_len3_len6_gn_2.png,3.2
338.png,338_len2_len6_gb_1.png,3.2
327.png,327_len5_bd_2.png,2.75
392.png,392_len5_len2_st_2.png,2.3
170.png,170_len2_bd_1.png,3.8
270.png,270_len1_bd_1.png,3.4
192.png,192_len1_gn_2.png,3.5
276.png,276_len6_gb_2.png,2.8
374.png,374_len1_st_1.png,3.0
325.png,325_len3_gn_1.png,3.2
76.png,76_len5_gb_1.png,3.625
105.png,105_len5_st_2.png,2.9
51.png,51_len3_len1_gn_1.png,3.6
322.png,322_len1_st_3.png,2.2
29.png,29_len6_len2_bd_2.png,2.5
312.png,312_len5_gn_3.png,2.8
229.png,229_len1_bd_2.png,3.0
142.png,142_len6_len3_gb_2.png,2.2
167.png,167_len4_gb_2.png,2.714285714
119.png,119_len3_len6_gn_3.png,2.555555556
375.png,375_len1_len4_bd_2.png,2.0
133.png,133_len1_gn_1.png,3.444444444
226.png,226_len5_st_1.png,2.75
135.png,135_len5_bd_1.png,3.0
128.png,128_len6_bd_2.png,2.8
205.png,205_len3_st_1.png,3.1
98.png,98_len3_len6_bd_3.png,2.111111111
133.png,133_len1_st_2.png,2.7
84.png,84_len4_len1_gb_1.png,2.8
365.png,365_len3_st_3.png,2.5
389.png,389_len5_st_1.png,3.4
158.png,158_len2_gn_3.png,3.0
49.png,49_len5_len1_gb_2.png,2.444444444
203.png,203_len6_len3_bd_2.png,1.6
329.png,329_len3_gb_2.png,2.0
48.png,48_len4_gn_3.png,3.2
112.png,112_len2_bd_3.png,2.5
168.png,168_len5_st_3.png,2.888888889
112.png,112_len2_len4_gn_1.png,3.2
327.png,327_len5_len3_st_3.png,2.2
259.png,259_len5_gb_2.png,2.8
218.png,218_len5_len2_bd_1.png,3.444444444
377.png,377_len4_gb_1.png,3.4
96.png,96_len2_len6_bd_3.png,2.2
24.png,24_len2_gn_3.png,3.0
331.png,331_len3_gb_1.png,3.3
373.png,373_len2_len4_gb_1.png,3.571428571
175.png,175_len5_gb_3.png,2.4
113.png,113_len3_bd_1.png,3.1
204.png,204_len4_gb_2.png,2.8
82.png,82_len1_gb_1.png,4.125
110.png,110_len5_len2_bd_3.png,1.4
212.png,212_len5_len2_bd_1.png,3.5
412.png,412_len3_len6_bd_1.png,3.0
425.png,425_len6_len3_gb_2.png,2.6
230.png,230_len3_st_1.png,2.8
7.png,7_len4_len1_st_2.png,2.555555556
234.png,234_len5_gn_1.png,3.5
206.png,206_len2_bd_2.png,2.25
65.png,65_len4_len1_st_2.png,1.0
283.png,283_len6_len4_gb_2.png,2.666666667
365.png,365_len3_st_2.png,2.555555556
298.png,298_len3_len1_gb_3.png,2.0
229.png,229_len1_gn_3.png,2.555555556
111.png,111_len5_len2_st_2.png,2.666666667
247.png,247_len1_len5_st_3.png,2.375
384.png,384_len1_len4_gn_3.png,2.4
113.png,113_len3_len6_gb_1.png,3.8
131.png,131_len6_len3_bd_2.png,3.0
29.png,29_len6_len2_gn_2.png,3.0
80.png,80_len3_len5_bd_3.png,1.7
269.png,269_len3_len5_st_1.png,3.222222222
365.png,365_len3_len6_gb_1.png,3.222222222
239.png,239_len4_len1_bd_2.png,1.666666667
337.png,337_len3_gb_1.png,3.555555556
425.png,425_len3_st_3.png,1.8
178.png,178_len4_len1_gb_2.png,2.4
102.png,102_len2_st_3.png,2.333333333
321.png,321_len2_len4_st_3.png,1.222222222
382.png,382_len4_len1_gn_3.png,2.2
353.png,353_len2_gb_3.png,3.0
68.png,68_len3_len5_gb_2.png,2.125
301.png,301_len2_gb_2.png,3.2
163.png,163_len5_len1_st_2.png,2.6
34.png,34_len3_bd_1.png,2.6
360.png,360_len2_st_1.png,3.222222222
339.png,339_len4_gb_3.png,2.777777778
155.png,155_len2_gb_3.png,2.5
310.png,310_len4_len1_gn_2.png,2.6
83.png,83_len5_len2_st_2.png,2.0
164.png,164_len6_len3_gn_1.png,3.0
209.png,209_len3_len6_gb_1.png,3.3
9.png,9_len6_len2_st_3.png,1.6
15.png,15_len2_len4_gb_3.png,2.222222222
220.png,220_len3_len6_bd_3.png,2.0
266.png,266_len2_len5_gb_2.png,2.2
161.png,161_len4_st_2.png,2.25
413.png,413_len2_gb_3.png,2.25
171.png,171_len3_len6_bd_1.png,2.666666667
293.png,293_len6_bd_1.png,3.444444444
291.png,291_len3_len6_bd_2.png,2.2
54.png,54_len5_gn_2.png,3.2
325.png,325_len3_gn_2.png,3.2
132.png,132_len6_gn_3.png,2.7
341.png,341_len2_len6_bd_2.png,2.5
386.png,386_len5_bd_3.png,2.5
67.png,67_len2_len5_gb_3.png,2.2
208.png,208_len4_st_1.png,3.444444444
107.png,107_len1_len4_st_1.png,3.333333333
242.png,242_len1_len4_bd_3.png,1.8
16.png,16_len5_gn_1.png,3.7
211.png,211_len6_gn_2.png,2.8
70.png,70_len1_gn_2.png,3.2
357.png,357_len5_len3_st_2.png,2.3
147.png,147_len5_len2_bd_2.png,2.5
340.png,340_len3_gn_2.png,3.5
248.png,248_len2_gb_1.png,3.4
117.png,117_len3_len6_gb_3.png,1.8
132.png,132_len6_gb_2.png,3.2
39.png,39_len3_bd_2.png,2.8
332.png,332_len4_len1_bd_3.png,1.5
318.png,318_len4_gn_1.png,3.7
192.png,192_len1_len4_gn_2.png,3.111111111
217.png,217_len2_gn_2.png,2.8
45.png,45_len2_gb_1.png,3.2
374.png,374_len1_bd_1.png,3.2
403.png,403_len3_gb_3.png,2.25
149.png,149_len3_st_2.png,2.4
422.png,422_len2_st_3.png,1.7
61.png,61_len4_len1_gn_3.png,2.0
291.png,291_len3_gb_1.png,3.2
22.png,22_len1_len4_bd_2.png,2.444444444
428.png,428_len3_gb_1.png,3.666666667
393.png,393_len3_gb_3.png,2.8
423.png,423_len3_len6_gb_1.png,3.2
404.png,404_len3_len1_st_1.png,2.2
12.png,12_len1_gn_3.png,2.777777778
89.png,89_len2_len5_st_1.png,1.888888889
181.png,181_len2_len5_gn_3.png,2.888888889
286.png,286_len2_bd_1.png,3.0
316.png,316_len5_len2_bd_3.png,1.5
80.png,80_len3_bd_3.png,2.1
322.png,322_len1_len3_st_3.png,1.571428571
398.png,398_len1_len4_st_2.png,2.222222222
427.png,427_len2_len4_gn_3.png,2.5
21.png,21_len6_len2_gn_1.png,3.444444444
374.png,374_len1_bd_2.png,3.2
220.png,220_len3_gn_2.png,3.2
383.png,383_len3_gb_3.png,2.8
149.png,149_len3_len6_gn_3.png,1.8
272.png,272_len3_st_1.png,2.2
350.png,350_len2_gn_1.png,3.444444444
59.png,59_len1_gb_3.png,2.2
7.png,7_len4_len1_gn_3.png,2.1
373.png,373_len2_len4_bd_1.png,3.2
255.png,255_len5_bd_3.png,2.2
255.png,255_len5_st_2.png,3.222222222
419.png,419_len5_gb_1.png,3.3
24.png,24_len2_gn_1.png,3.4
171.png,171_len3_gn_2.png,2.875
42.png,42_len3_gb_1.png,3.428571429
72.png,72_len6_len2_st_1.png,2.7
305.png,305_len2_len5_bd_1.png,2.8
308.png,308_len1_bd_3.png,1.75
235.png,235_len6_len4_bd_3.png,2.111111111
397.png,397_len6_len2_gb_2.png,2.6
246.png,246_len4_bd_2.png,3.0
181.png,181_len2_len5_gb_1.png,3.4
256.png,256_len4_gb_1.png,3.2
13.png,13_len4_gb_2.png,3.4
124.png,124_len3_len6_gb_1.png,3.2
321.png,321_len2_st_2.png,2.4
256.png,256_len4_gn_1.png,3.2
80.png,80_len3_len5_gn_2.png,2.8
141.png,141_len5_gb_1.png,3.3
132.png,132_len6_st_1.png,2.3
297.png,297_len2_gb_2.png,3.222222222
134.png,134_len4_len1_gn_1.png,3.444444444
107.png,107_len1_st_3.png,2.5
104.png,104_len1_len4_gb_2.png,3.222222222
268.png,268_len4_len1_gn_1.png,3.5
173.png,173_len4_st_2.png,1.7
430.png,430_len4_st_2.png,2.9
263.png,263_len3_len6_bd_3.png,1.5
55.png,55_len5_len2_gb_3.png,2.1
43.png,43_len6_gb_2.png,3.0
178.png,178_len4_bd_1.png,3.8
78.png,78_len4_gn_1.png,3.5
376.png,376_len3_len1_st_1.png,2.8
284.png,284_len1_gn_1.png,3.444444444
276.png,276_len6_gb_1.png,3.777777778
400.png,400_len2_len6_gb_2.png,3.0
204.png,204_len4_len1_gn_1.png,3.9
256.png,256_len4_len1_gn_3.png,1.7
188.png,188_len2_len5_st_2.png,1.4
129.png,129_len2_len5_st_1.png,2.888888889
19.png,19_len2_bd_2.png,2.5
191.png,191_len2_len5_bd_3.png,1.666666667
141.png,141_len5_len2_gb_3.png,1.777777778
53.png,53_len4_gb_2.png,3.0
384.png,384_len1_gn_1.png,3.0
52.png,52_len1_len4_st_1.png,3.8
218.png,218_len5_len2_gn_1.png,3.8
50.png,50_len6_bd_2.png,2.444444444
290.png,290_len3_bd_1.png,3.0
304.png,304_len3_gb_2.png,2.555555556
243.png,243_len1_len4_gb_2.png,2.2
133.png,133_len1_len4_st_3.png,1.7
1.png,1_len3_len6_gb_3.png,1.555555556
314.png,314_len5_gn_2.png,3.2
34.png,34_len3_bd_2.png,2.7
118.png,118_len3_gn_3.png,3.0
59.png,59_len1_len5_gb_3.png,1.7
407.png,407_len3_bd_1.png,2.875
329.png,329_len3_len1_bd_3.png,1.3
382.png,382_len4_len1_bd_2.png,2.8
296.png,296_len6_gn_3.png,2.7
88.png,88_len3_len6_gb_1.png,3.375
29.png,29_len6_len2_st_3.png,1.777777778
183.png,183_len2_len5_st_1.png,2.9
346.png,346_len1_gn_3.png,2.666666667
357.png,357_len5_bd_3.png,2.2
148.png,148_len6_len3_gb_3.png,2.6
315.png,315_len6_len2_gn_3.png,2.0
137.png,137_len4_len1_gn_1.png,3.2
335.png,335_len5_gb_2.png,3.2
286.png,286_len2_gb_3.png,1.8
136.png,136_len4_gb_3.png,2.0
299.png,299_len1_gn_2.png,3.0
278.png,278_len6_len2_st_2.png,2.2
190.png,190_len2_len5_bd_3.png,2.0
8.png,8_len1_gn_1.png,3.2
28.png,28_len2_gb_3.png,2.7
265.png,265_len4_st_3.png,2.2
294.png,294_len2_len5_gb_1.png,2.2
221.png,221_len6_gb_3.png,3.0
246.png,246_len4_len2_st_1.png,2.0
78.png,78_len4_len6_st_2.png,2.0
367.png,367_len2_len5_gn_1.png,3.8
338.png,338_len2_st_1.png,2.2
205.png,205_len3_gb_3.png,2.2
136.png,136_len4_gn_3.png,2.777777778
58.png,58_len2_bd_1.png,3.333333333
170.png,170_len2_len5_bd_1.png,3.8
82.png,82_len1_gb_3.png,3.222222222
255.png,255_len5_gb_2.png,3.444444444
297.png,297_len2_gb_3.png,2.6
44.png,44_len2_bd_3.png,2.8
222.png,222_len1_len4_gn_1.png,4.125
201.png,201_len2_bd_3.png,2.5
97.png,97_len4_st_1.png,3.0
374.png,374_len1_gb_3.png,2.5
14.png,14_len2_st_3.png,2.111111111
381.png,381_len1_gn_2.png,3.444444444
95.png,95_len4_len6_st_2.png,1.875
295.png,295_len3_bd_3.png,2.2
399.png,399_len2_gb_1.png,3.4
4.png,4_len3_gn_1.png,4.2
33.png,33_len3_len6_gn_3.png,3.1
351.png,351_len2_len6_gb_2.png,2.666666667
230.png,230_len3_len6_st_2.png,2.222222222
232.png,232_len2_bd_2.png,2.444444444
279.png,279_len5_st_1.png,3.111111111
194.png,194_len4_gb_3.png,2.4
320.png,320_len3_len6_st_3.png,1.666666667
406.png,406_len5_len3_gn_1.png,3.2
413.png,413_len2_st_1.png,2.7
405.png,405_len3_gb_2.png,3.0
315.png,315_len6_len2_st_2.png,2.0
95.png,95_len4_bd_3.png,2.8
372.png,372_len3_len5_gb_3.png,1.8
171.png,171_len3_bd_3.png,2.222222222
430.png,430_len4_bd_2.png,2.9
312.png,312_len5_len3_gb_3.png,2.0
401.png,401_len1_bd_1.png,3.2
292.png,292_len5_gn_3.png,2.666666667
20.png,20_len3_bd_1.png,3.2
121.png,121_len1_len5_st_1.png,2.888888889
155.png,155_len2_gn_3.png,2.375
33.png,33_len3_st_3.png,2.222222222
351.png,351_len2_len6_gn_3.png,2.2
356.png,356_len6_len3_bd_2.png,3.25
375.png,375_len1_len4_bd_3.png,1.5
363.png,363_len2_len6_bd_3.png,1.666666667
221.png,221_len6_len3_bd_2.png,2.8
8.png,8_len1_st_2.png,2.5
24.png,24_len2_len6_st_1.png,3.1
265.png,265_len4_len1_gn_1.png,3.2
408.png,408_len5_bd_3.png,2.8
233.png,233_len4_len1_bd_3.png,2.111111111
329.png,329_len3_len1_gb_2.png,1.9
377.png,377_len4_len2_st_1.png,2.6
206.png,206_len2_len5_st_2.png,2.0
371.png,371_len3_len6_st_3.png,1.7
289.png,289_len4_gb_2.png,3.1
150.png,150_len2_len5_st_1.png,1.888888889
222.png,222_len1_st_2.png,2.5
358.png,358_len6_gb_1.png,3.2
341.png,341_len2_st_1.png,3.7
125.png,125_len2_bd_3.png,2.2
209.png,209_len3_st_2.png,2.1
186.png,186_len2_bd_3.png,2.777777778
302.png,302_len2_len6_st_2.png,2.0
97.png,97_len4_len1_gn_3.png,3.0
232.png,232_len2_len5_gn_3.png,2.5
202.png,202_len2_len5_st_1.png,2.7
88.png,88_len3_len6_bd_2.png,2.2
269.png,269_len3_len5_gb_3.png,1.666666667
160.png,160_len1_len4_gb_1.png,3.2
47.png,47_len3_len5_gb_1.png,3.4
198.png,198_len2_len5_gn_2.png,3.333333333
319.png,319_len3_st_1.png,2.4
220.png,220_len3_gb_2.png,2.8
343.png,343_len3_len5_st_2.png,2.625
2.png,2_len2_st_3.png,2.8
408.png,408_len5_st_2.png,2.444444444
317.png,317_len5_gb_1.png,3.111111111
148.png,148_len6_len3_bd_2.png,3.111111111
387.png,387_len1_len4_gb_2.png,2.8
138.png,138_len4_gn_2.png,3.3
232.png,232_len2_bd_1.png,3.2
104.png,104_len1_len4_gn_3.png,2.2
135.png,135_len5_gn_2.png,2.8
195.png,195_len4_len1_gb_2.png,3.0
77.png,77_len5_gn_1.png,3.8
106.png,106_len6_st_1.png,3.111111111
353.png,353_len2_gn_1.png,3.5
391.png,391_len4_len1_bd_1.png,3.6
273.png,273_len3_len6_st_2.png,2.2
136.png,136_len4_len1_gb_2.png,2.7
273.png,273_len3_len6_bd_2.png,2.111111111
330.png,330_len3_len5_bd_2.png,2.3
242.png,242_len1_bd_3.png,1.9
195.png,195_len4_len1_bd_2.png,2.222222222
292.png,292_len5_len3_st_2.png,2.444444444
207.png,207_len1_len4_st_1.png,2.666666667
361.png,361_len2_len4_gn_2.png,2.9
316.png,316_len5_len2_gb_2.png,1.8
39.png,39_len3_len1_gb_3.png,2.2
268.png,268_len4_gn_1.png,3.8
268.png,268_len4_len1_st_3.png,1.9
374.png,374_len1_len4_st_1.png,3.111111111
195.png,195_len4_len1_bd_1.png,3.2
142.png,142_len6_len3_bd_2.png,2.6
425.png,425_len6_len3_st_1.png,2.7
111.png,111_len5_len2_bd_2.png,2.3
163.png,163_len5_len2_gn_2.png,3.8
226.png,226_len5_len2_bd_3.png,1.8
202.png,202_len2_st_3.png,2.0
410.png,410_len1_len4_bd_3.png,2.2
288.png,288_len4_len1_st_3.png,2.444444444
60.png,60_len1_len4_st_3.png,1.7
415.png,415_len3_st_1.png,3.111111111
263.png,263_len3_gb_3.png,2.8
62.png,62_len5_gn_3.png,3.1
338.png,338_len2_len6_gn_2.png,2.2
271.png,271_len5_len2_gb_3.png,1.8
357.png,357_len5_st_1.png,3.4
410.png,410_len1_len4_st_3.png,2.2
17.png,17_len1_len3_gn_1.png,4.111111111
300.png,300_len2_gn_3.png,3.0
334.png,334_len2_len4_bd_2.png,2.3
374.png,374_len1_len4_bd_1.png,3.2
3.png,3_len5_gb_1.png,3.4
16.png,16_len5_len2_gb_2.png,2.3
412.png,412_len3_gb_1.png,3.888888889
422.png,422_len2_len5_gb_2.png,2.8
79.png,79_len1_len3_bd_3.png,1.8
123.png,123_len4_gn_2.png,3.3
343.png,343_len3_gb_1.png,3.428571429
141.png,141_len5_len2_gb_2.png,2.111111111
70.png,70_len1_gb_1.png,3.375
355.png,355_len3_len5_bd_3.png,2.1
5.png,5_len5_len3_bd_3.png,2.3
269.png,269_len3_st_3.png,2.2
106.png,106_len6_len2_gn_2.png,3.8
108.png,108_len3_len6_bd_3.png,2.2
383.png,383_len3_st_2.png,3.8
337.png,337_len3_len6_st_3.png,1.8
286.png,286_len2_len6_gb_2.png,2.3
210.png,210_len1_gn_1.png,3.333333333
50.png,50_len6_bd_3.png,1.8
192.png,192_len1_len4_bd_3.png,2.3
147.png,147_len5_gn_1.png,3.75
48.png,48_len4_st_3.png,2.555555556
214.png,214_len3_st_2.png,2.8
87.png,87_len3_gb_2.png,2.8
330.png,330_len3_gn_2.png,3.1
64.png,64_len1_gn_3.png,2.8
359.png,359_len4_bd_1.png,3.666666667
260.png,260_len4_gb_1.png,3.8
324.png,324_len5_st_2.png,2.4
224.png,224_len3_gb_3.png,2.6
252.png,252_len2_bd_3.png,1.9
202.png,202_len2_len5_gb_2.png,2.25
261.png,261_len4_len1_st_1.png,2.2
263.png,263_len3_len6_gb_3.png,2.2
339.png,339_len4_len1_bd_3.png,1.75
246.png,246_len4_len2_gb_2.png,2.3
319.png,319_len3_gn_3.png,2.333333333
327.png,327_len5_gb_3.png,2.2
27.png,27_len1_bd_2.png,2.666666667
284.png,284_len1_len4_gb_3.png,2.0
132.png,132_len6_len3_gn_3.png,2.3
399.png,399_len2_len5_gn_3.png,2.25
424.png,424_len4_st_2.png,3.1
197.png,197_len1_len4_gn_3.png,2.666666667
243.png,243_len1_len4_bd_1.png,4.0
1.png,1_len3_bd_1.png,3.4
305.png,305_len2_gn_2.png,3.1
408.png,408_len5_st_3.png,2.2
26.png,26_len3_bd_3.png,2.2
189.png,189_len4_len1_st_2.png,2.8
125.png,125_len2_bd_2.png,2.5
204.png,204_len4_st_1.png,4.2
328.png,328_len2_gn_1.png,3.111111111
43.png,43_len6_gn_1.png,3.4
49.png,49_len5_bd_2.png,2.9
366.png,366_len3_len6_st_3.png,1.8
123.png,123_len4_len1_gn_1.png,4.2
95.png,95_len4_st_2.png,1.7
198.png,198_len2_gn_2.png,3.555555556
102.png,102_len2_gb_3.png,2.5
226.png,226_len5_gb_2.png,3.111111111
383.png,383_len3_len1_gn_3.png,3.0
165.png,165_len4_bd_2.png,2.8
63.png,63_len3_len6_gb_2.png,2.444444444
31.png,31_len3_len5_st_3.png,1.777777778
157.png,157_len3_gb_3.png,2.2
99.png,99_len6_len2_bd_2.png,2.0
337.png,337_len3_bd_2.png,3.0
130.png,130_len2_len4_bd_3.png,1.8
287.png,287_len4_len1_bd_1.png,3.2
37.png,37_len5_gn_1.png,3.555555556
430.png,430_len4_bd_3.png,1.666666667
138.png,138_len4_gn_1.png,3.875
204.png,204_len4_len1_gb_3.png,2.444444444
3.png,3_len5_st_2.png,3.7
359.png,359_len4_len1_gb_2.png,2.555555556
232.png,232_len2_len5_bd_1.png,3.0
54.png,54_len5_st_3.png,2.6
426.png,426_len2_bd_1.png,3.2
109.png,109_len3_gb_1.png,3.9
323.png,323_len4_len1_bd_1.png,2.8
149.png,149_len3_len6_gn_2.png,2.4
219.png,219_len3_len5_st_2.png,1.222222222
276.png,276_len6_st_2.png,3.0
19.png,19_len2_bd_3.png,2.0
236.png,236_len5_len2_gb_1.png,3.2
101.png,101_len1_len4_st_2.png,2.0
410.png,410_len1_len4_st_1.png,3.666666667
363.png,363_len2_len6_bd_2.png,2.3
243.png,243_len1_bd_1.png,3.3
234.png,234_len5_len2_st_2.png,2.333333333
9.png,9_len6_gb_2.png,3.555555556
157.png,157_len3_len6_gn_1.png,3.8
323.png,323_len4_st_2.png,2.3
93.png,93_len4_len1_gn_2.png,3.625
22.png,22_len1_gn_2.png,3.333333333
171.png,171_len3_len6_st_3.png,1.2
73.png,73_len4_len1_st_3.png,1.8
298.png,298_len3_st_3.png,1.8
174.png,174_len6_len3_bd_3.png,1.888888889
295.png,295_len3_gn_2.png,2.8
281.png,281_len4_len6_gb_3.png,2.2
352.png,352_len4_len1_gn_3.png,2.4
157.png,157_len3_len6_gn_3.png,2.4
125.png,125_len2_st_2.png,3.111111111
57.png,57_len1_st_3.png,2.8
391.png,391_len4_len1_gb_2.png,2.6
134.png,134_len4_len1_bd_1.png,3.2
91.png,91_len4_gb_2.png,2.777777778
200.png,200_len3_bd_3.png,1.2
220.png,220_len3_bd_2.png,3.2
209.png,209_len3_len6_bd_2.png,2.111111111
387.png,387_len1_len4_bd_2.png,2.5
32.png,32_len2_bd_1.png,3.4
19.png,19_len2_gb_3.png,2.555555556
342.png,342_len3_bd_1.png,3.5
410.png,410_len1_len4_gb_2.png,2.9
100.png,100_len5_bd_3.png,1.8
18.png,18_len5_len3_st_1.png,3.3
243.png,243_len1_len4_gb_1.png,2.8
167.png,167_len4_len1_gn_3.png,2.222222222
42.png,42_len3_len1_gb_2.png,2.4
38.png,38_len5_st_1.png,2.2
120.png,120_len1_gb_1.png,3.666666667
46.png,46_len2_len6_st_1.png,3.5
47.png,47_len3_st_1.png,3.3
367.png,367_len2_bd_1.png,3.75
34.png,34_len3_st_3.png,2.6
218.png,218_len5_bd_1.png,3.555555556
61.png,61_len4_st_3.png,2.25
128.png,128_len6_len2_bd_3.png,1.8
228.png,228_len5_st_2.png,2.3
189.png,189_len4_len1_bd_3.png,2.111111111
340.png,340_len3_gb_1.png,3.5
335.png,335_len5_len3_st_1.png,2.875
197.png,197_len1_st_1.png,3.333333333
198.png,198_len2_len5_gb_2.png,2.777777778
418.png,418_len5_gb_1.png,3.444444444
370.png,370_len2_len6_gb_2.png,2.4
4.png,4_len3_len5_gn_1.png,3.4
320.png,320_len3_len6_gn_2.png,1.9
340.png,340_len3_len5_gb_3.png,1.7
5.png,5_len5_st_2.png,2.875
148.png,148_len6_gn_2.png,3.2
17.png,17_len1_len3_gn_2.png,3.2
371.png,371_len3_len6_gb_2.png,2.666666667
36.png,36_len1_len5_gn_2.png,2.333333333
350.png,350_len2_st_1.png,2.2
67.png,67_len2_len5_bd_1.png,3.4
289.png,289_len4_bd_3.png,1.444444444
5.png,5_len5_len3_gn_2.png,2.8
376.png,376_len3_gb_3.png,2.2
290.png,290_len3_len5_gn_3.png,1.8
335.png,335_len5_len3_st_2.png,1.5
267.png,267_len2_len5_st_1.png,3.1
231.png,231_len1_gb_2.png,2.5
80.png,80_len3_gb_1.png,3.5
2.png,2_len2_len5_gb_3.png,1.857142857
244.png,244_len4_bd_1.png,3.0
379.png,379_len5_gn_2.png,2.9
57.png,57_len1_len4_st_2.png,1.8
197.png,197_len1_bd_3.png,2.9
323.png,323_len4_len1_gb_3.png,1.777777778
161.png,161_len4_len1_gb_2.png,2.111111111
78.png,78_len4_bd_3.png,2.3
354.png,354_len5_len3_gb_3.png,1.8
351.png,351_len2_len6_gn_2.png,1.8
57.png,57_len1_len4_st_1.png,3.625
141.png,141_len5_len2_gn_2.png,2.4
55.png,55_len5_len2_gb_1.png,2.8
7.png,7_len4_len1_gn_1.png,3.0
374.png,374_len1_gb_1.png,3.2
193.png,193_len4_len6_gn_1.png,3.0
388.png,388_len3_st_1.png,3.2
168.png,168_len5_len2_gb_1.png,3.4
10.png,10_len5_len3_bd_2.png,2.9
398.png,398_len1_len4_bd_3.png,1.6
85.png,85_len2_len5_gb_3.png,1.777777778
351.png,351_len2_bd_1.png,3.3
108.png,108_len3_bd_1.png,2.6
131.png,131_len6_gb_2.png,3.8
86.png,86_len4_bd_1.png,2.888888889
32.png,32_len2_st_1.png,3.3
38.png,38_len5_len1_st_1.png,2.6
32.png,32_len2_st_2.png,3.111111111
266.png,266_len2_gn_3.png,2.2
384.png,384_len1_bd_2.png,2.8
302.png,302_len2_len6_gb_1.png,3.444444444
257.png,257_len3_len6_gb_3.png,1.8
287.png,287_len4_gn_2.png,3.4
200.png,200_len3_st_3.png,2.0
265.png,265_len4_st_2.png,2.2
336.png,336_len4_len1_bd_1.png,3.333333333
41.png,41_len3_gb_1.png,3.888888889
286.png,286_len2_gn_2.png,2.888888889
49.png,49_len5_st_2.png,3.0
309.png,309_len3_gn_3.png,2.777777778
199.png,199_len2_len5_gn_1.png,2.555555556
3.png,3_len5_len2_gn_3.png,2.9
109.png,109_len3_st_2.png,2.7
251.png,251_len2_gn_2.png,3.2
71.png,71_len4_gb_2.png,3.111111111
212.png,212_len5_bd_2.png,3.0
411.png,411_len4_bd_2.png,3.2
430.png,430_len4_len1_bd_2.png,2.111111111
345.png,345_len2_len5_st_1.png,2.555555556
306.png,306_len2_bd_2.png,2.444444444
136.png,136_len4_len1_bd_1.png,2.777777778
359.png,359_len4_len1_bd_2.png,1.8
408.png,408_len5_st_1.png,2.777777778
292.png,292_len5_len3_bd_1.png,2.8
374.png,374_len1_len4_gn_3.png,2.8
333.png,333_len3_st_3.png,1.8
234.png,234_len5_bd_1.png,3.888888889
99.png,99_len6_len2_gn_2.png,3.0
227.png,227_len2_bd_1.png,3.8
400.png,400_len2_st_2.png,1.8
311.png,311_len5_len3_gb_1.png,3.5
191.png,191_len2_len5_bd_2.png,1.8
400.png,400_len2_len6_gn_2.png,2.2
26.png,26_len3_len6_st_2.png,1.6
428.png,428_len3_len6_gb_3.png,2.0
24.png,24_len2_st_2.png,3.2
106.png,106_len6_bd_3.png,1.8
368.png,368_len3_len6_gn_2.png,3.2
187.png,187_len5_len2_gb_3.png,1.5
185.png,185_len6_st_1.png,3.666666667
236.png,236_len5_len2_bd_3.png,1.4
301.png,301_len2_bd_2.png,3.2
166.png,166_len4_gn_3.png,2.333333333
96.png,96_len2_len6_gb_3.png,2.4
408.png,408_len5_len2_bd_1.png,3.5
104.png,104_len1_len4_st_1.png,3.25
55.png,55_len5_st_3.png,2.444444444
328.png,328_len2_gb_1.png,3.0
7.png,7_len4_gn_3.png,2.4
119.png,119_len3_len6_st_1.png,2.333333333
401.png,401_len1_len4_bd_3.png,1.888888889
128.png,128_len6_bd_1.png,3.4
3.png,3_len5_bd_1.png,4.2
55.png,55_len5_gn_1.png,3.375
372.png,372_len3_bd_1.png,3.333333333
347.png,347_len3_len6_bd_2.png,2.0
216.png,216_len2_len5_gn_3.png,2.3
72.png,72_len6_len2_bd_3.png,1.555555556
394.png,394_len5_len2_gn_2.png,2.777777778
362.png,362_len2_len5_gn_1.png,3.2
122.png,122_len1_len4_st_3.png,1.444444444
64.png,64_len1_st_1.png,3.0
345.png,345_len2_len5_st_3.png,1.888888889
344.png,344_len2_bd_2.png,2.7
295.png,295_len3_gb_2.png,2.888888889
162.png,162_len1_len4_gn_1.png,3.444444444
375.png,375_len1_gn_2.png,3.0
75.png,75_len3_len1_bd_3.png,2.333333333
201.png,201_len2_len5_gb_1.png,2.7
399.png,399_len2_st_2.png,2.3
164.png,164_len6_len3_st_3.png,2.0
59.png,59_len1_len5_gb_2.png,2.111111111
303.png,303_len5_gb_2.png,2.625
390.png,390_len2_len5_st_1.png,2.8
339.png,339_len4_len1_gb_1.png,3.2
210.png,210_len1_len5_gb_3.png,2.222222222
354.png,354_len5_gn_3.png,2.7
103.png,103_len1_len4_gb_3.png,2.0
188.png,188_len2_gb_2.png,2.8
200.png,200_len3_len6_gb_2.png,2.444444444
419.png,419_len5_gn_2.png,4.2
418.png,418_len5_len3_bd_3.png,1.888888889
199.png,199_len2_bd_3.png,2.333333333
390.png,390_len2_gn_2.png,3.2
139.png,139_len6_st_1.png,2.2
105.png,105_len5_len3_gn_2.png,3.2
375.png,375_len1_len4_st_3.png,1.75
44.png,44_len2_gn_3.png,3.2
207.png,207_len1_st_2.png,2.888888889
266.png,266_len2_len5_gn_3.png,2.5
146.png,146_len4_bd_1.png,2.625
278.png,278_len6_len2_gb_2.png,2.1
81.png,81_len4_gb_1.png,3.222222222
366.png,366_len3_gn_2.png,3.3
121.png,121_len1_len5_gb_3.png,2.2
392.png,392_len5_len2_st_3.png,2.555555556
323.png,323_len4_gb_3.png,2.7
304.png,304_len3_gn_1.png,3.444444444
320.png,320_len3_len6_gb_1.png,3.0
248.png,248_len2_len5_gn_1.png,3.4
344.png,344_len2_gb_1.png,3.0
405.png,405_len3_gn_2.png,3.2
394.png,394_len5_len2_bd_2.png,2.8
365.png,365_len3_gn_3.png,3.0
40.png,40_len6_len3_st_1.png,2.8
416.png,416_len3_gb_3.png,3.0
58.png,58_len2_gb_3.png,2.5
420.png,420_len3_len6_st_1.png,3.111111111
189.png,189_len4_bd_3.png,2.4
232.png,232_len2_len5_bd_3.png,1.8
183.png,183_len2_gb_1.png,3.2
108.png,108_len3_gb_1.png,3.6
392.png,392_len5_len2_gb_2.png,2.8
367.png,367_len2_bd_3.png,2.1
290.png,290_len3_len5_st_2.png,2.444444444
130.png,130_len2_len4_bd_2.png,2.111111111
315.png,315_len6_gb_1.png,2.888888889
356.png,356_len6_st_2.png,2.5
10.png,10_len5_bd_2.png,2.8
179.png,179_len1_gb_2.png,2.666666667
353.png,353_len2_len5_gb_2.png,3.0
50.png,50_len6_st_1.png,3.375
124.png,124_len3_len6_st_3.png,1.6
75.png,75_len3_st_3.png,1.8
292.png,292_len5_len3_gn_1.png,3.333333333
305.png,305_len2_len5_gb_1.png,3.0
162.png,162_len1_gb_3.png,2.555555556
105.png,105_len5_bd_1.png,2.9
320.png,320_len3_len6_gn_3.png,2.0
212.png,212_len5_gb_3.png,2.2
291.png,291_len3_gb_3.png,2.8
216.png,216_len2_bd_3.png,2.111111111
58.png,58_len2_st_1.png,2.8
223.png,223_len3_len6_gb_3.png,1.777777778
180.png,180_len3_st_3.png,1.777777778
356.png,356_len6_gn_1.png,3.8
288.png,288_len4_bd_3.png,2.0
34.png,34_len3_len1_gb_1.png,3.25
105.png,105_len5_len3_gb_3.png,2.0
264.png,264_len2_gn_2.png,3.0
2.png,2_len2_len5_st_3.png,2.111111111
86.png,86_len4_len1_gb_3.png,2.0
348.png,348_len3_len6_st_2.png,2.777777778
197.png,197_len1_len4_gn_1.png,3.2
102.png,102_len2_len6_gb_3.png,1.8
151.png,151_len3_len1_gb_3.png,1.4
364.png,364_len3_gn_2.png,2.8
8.png,8_len1_bd_1.png,2.444444444
335.png,335_len5_bd_1.png,3.3
193.png,193_len4_len6_st_2.png,1.8
126.png,126_len1_gn_2.png,3.3
374.png,374_len1_gn_1.png,3.3
128.png,128_len6_st_1.png,3.888888889
2.png,2_len2_gb_1.png,3.8
371.png,371_len3_st_3.png,2.6
237.png,237_len3_len5_gn_3.png,2.2
117.png,117_len3_len6_gb_1.png,3.8
73.png,73_len4_len1_gn_1.png,3.2
222.png,222_len1_len4_st_1.png,2.75
276.png,276_len6_gn_2.png,3.666666667
171.png,171_len3_bd_2.png,2.5
396.png,396_len4_gb_1.png,3.4
199.png,199_len2_gb_2.png,2.8
165.png,165_len4_len1_gb_2.png,1.8
20.png,20_len3_gn_3.png,2.8
207.png,207_len1_len4_bd_3.png,1.555555556
251.png,251_len2_len6_st_2.png,1.5
306.png,306_len2_len5_gn_2.png,2.333333333
47.png,47_len3_gb_3.png,2.2
269.png,269_len3_st_1.png,3.3
197.png,197_len1_len4_gb_1.png,3.0
119.png,119_len3_len6_bd_1.png,3.1
119.png,119_len3_len6_gb_2.png,2.666666667
126.png,126_len1_len4_st_1.png,2.875
35.png,35_len4_len1_gn_1.png,3.444444444
244.png,244_len4_gb_3.png,2.625
123.png,123_len4_bd_3.png,2.0
172.png,172_len4_len1_gn_1.png,4.2
139.png,139_len6_gn_1.png,3.2
393.png,393_len3_len6_gn_1.png,3.5
176.png,176_len5_bd_2.png,3.555555556
63.png,63_len3_len6_gn_3.png,2.2
241.png,241_len4_len1_gb_2.png,1.8
18.png,18_len5_len3_gb_3.png,2.555555556
29.png,29_len6_gb_1.png,3.666666667
265.png,265_len4_bd_3.png,2.4
412.png,412_len3_len6_gb_3.png,2.3
382.png,382_len4_len1_gb_3.png,2.0
151.png,151_len3_len1_gn_3.png,2.0
414.png,414_len2_gn_3.png,3.0
158.png,158_len2_len5_gb_3.png,2.0
150.png,150_len2_gn_2.png,3.0
410.png,410_len1_len4_gb_3.png,2.0
38.png,38_len5_len1_st_2.png,2.4
159.png,159_len4_len1_gn_1.png,3.444444444
381.png,381_len1_gn_3.png,2.888888889
88.png,88_len3_len6_gb_2.png,2.5
150.png,150_len2_len5_gn_3.png,2.3
247.png,247_len1_len5_gb_2.png,2.555555556
213.png,213_len4_len1_bd_2.png,2.8
290.png,290_len3_bd_2.png,2.444444444
54.png,54_len5_len2_bd_3.png,1.5
185.png,185_len6_len3_st_1.png,3.4
41.png,41_len3_len6_gb_3.png,2.0
28.png,28_len2_st_3.png,3.222222222
189.png,189_len4_len1_st_1.png,2.7
78.png,78_len4_gb_3.png,1.75
306.png,306_len2_len5_gb_2.png,2.3
205.png,205_len3_bd_1.png,3.8
314.png,314_len5_gn_1.png,3.6
293.png,293_len6_gn_2.png,3.222222222
403.png,403_len3_len6_gb_2.png,2.444444444
309.png,309_len3_len6_bd_3.png,1.666666667
310.png,310_len4_gn_2.png,3.2
36.png,36_len1_bd_2.png,2.8
106.png,106_len6_gn_1.png,3.4
205.png,205_len3_len6_st_3.png,1.444444444
69.png,69_len4_len1_gn_2.png,2.444444444
179.png,179_len1_st_2.png,3.222222222
241.png,241_len4_gn_2.png,3.8
310.png,310_len4_len1_st_3.png,2.0
186.png,186_len2_gb_1.png,3.9
251.png,251_len2_len6_bd_1.png,3.2
421.png,421_len3_len6_gn_1.png,3.1
344.png,344_len2_gn_1.png,3.4
192.png,192_len1_bd_1.png,3.5
256.png,256_len4_len1_bd_2.png,1.9
245.png,245_len2_len5_gn_2.png,2.8
132.png,132_len6_len3_st_2.png,1.75
301.png,301_len2_len6_gn_1.png,3.333333333
405.png,405_len3_len6_bd_1.png,3.1
419.png,419_len5_len2_bd_2.png,3.222222222
71.png,71_len4_len1_gn_1.png,3.444444444
68.png,68_len3_bd_3.png,2.222222222
279.png,279_len5_len3_bd_3.png,2.0
45.png,45_len2_len5_gb_1.png,3.0
268.png,268_len4_st_2.png,2.333333333
308.png,308_len1_gn_3.png,2.5
151.png,151_len3_len1_st_3.png,1.8
168.png,168_len5_gb_1.png,3.5
97.png,97_len4_len1_gn_2.png,3.2
280.png,280_len6_len3_bd_1.png,2.8
421.png,421_len3_bd_3.png,2.8
169.png,169_len6_len3_st_1.png,2.7
114.png,114_len1_len4_bd_1.png,2.9
286.png,286_len2_len6_gn_3.png,1.8
201.png,201_len2_len5_gn_2.png,3.0
29.png,29_len6_gb_3.png,3.2
107.png,107_len1_gn_2.png,2.857142857
400.png,400_len2_len6_bd_1.png,2.8
17.png,17_len1_gb_3.png,2.5
42.png,42_len3_len1_bd_1.png,3.2
231.png,231_len1_len4_bd_3.png,1.666666667
173.png,173_len4_bd_1.png,2.8
103.png,103_len1_len4_bd_2.png,2.1
131.png,131_len6_bd_1.png,3.6
45.png,45_len2_len5_st_3.png,2.7
396.png,396_len4_len6_st_1.png,3.0
266.png,266_len2_gb_2.png,2.5
373.png,373_len2_bd_1.png,3.888888889
30.png,30_len5_bd_1.png,3.2
110.png,110_len5_len2_st_2.png,2.2
255.png,255_len5_len1_gn_2.png,2.777777778
400.png,400_len2_gn_3.png,2.8
123.png,123_len4_len1_bd_1.png,3.2
20.png,20_len3_len6_bd_3.png,1.777777778
169.png,169_len6_len3_gb_2.png,2.2
148.png,148_len6_st_3.png,3.8
339.png,339_len4_gb_2.png,3.0
84.png,84_len4_len1_gn_1.png,3.3
212.png,212_len5_len2_st_1.png,3.111111111
387.png,387_len1_bd_1.png,2.8
415.png,415_len3_gn_2.png,3.3
32.png,32_len2_gn_3.png,3.222222222
396.png,396_len4_len6_st_3.png,2.111111111
1.png,1_len3_bd_3.png,2.0
364.png,364_len3_len6_gb_2.png,2.333333333
26.png,26_len3_len6_st_3.png,1.8
188.png,188_len2_bd_2.png,3.0
362.png,362_len2_len5_bd_1.png,3.0
88.png,88_len3_gn_2.png,3.111111111
258.png,258_len2_len5_st_2.png,1.6
309.png,309_len3_len6_st_1.png,2.555555556
282.png,282_len1_len4_gn_2.png,3.0
275.png,275_len3_st_3.png,2.222222222
417.png,417_len2_gn_3.png,3.2
257.png,257_len3_len6_gn_2.png,2.5
245.png,245_len2_len5_bd_1.png,2.875
94.png,94_len5_len2_bd_1.png,3.0
426.png,426_len2_bd_2.png,2.3
298.png,298_len3_st_1.png,2.777777778
83.png,83_len5_len2_gb_2.png,2.3
308.png,308_len1_len5_gb_2.png,2.0
191.png,191_len2_len5_gb_3.png,1.666666667
234.png,234_len5_bd_3.png,2.666666667
277.png,277_len4_len1_bd_3.png,1.555555556
26.png,26_len3_len6_bd_2.png,2.777777778
183.png,183_len2_len5_bd_3.png,1.8
290.png,290_len3_gb_3.png,2.2
199.png,199_len2_gn_3.png,2.5
158.png,158_len2_gn_1.png,4.0
27.png,27_len1_len4_gb_1.png,2.777777778
262.png,262_len3_len6_st_1.png,2.625
227.png,227_len2_gn_1.png,3.8
328.png,328_len2_len5_bd_2.png,2.8
410.png,410_len1_len4_gn_2.png,3.0
365.png,365_len3_len6_st_1.png,2.8
19.png,19_len2_len6_gn_3.png,2.2
386.png,386_len5_gn_3.png,2.888888889
311.png,311_len5_len3_gn_3.png,2.5
418.png,418_len5_len3_bd_1.png,3.111111111
322.png,322_len1_len3_st_1.png,2.8
52.png,52_len1_st_2.png,2.5
192.png,192_len1_len4_bd_2.png,3.111111111
420.png,420_len3_len6_st_3.png,2.0
394.png,394_len5_len2_gb_3.png,2.0
380.png,380_len2_len6_gb_1.png,3.222222222
367.png,367_len2_bd_2.png,2.8
328.png,328_len2_len5_gn_2.png,2.333333333
270.png,270_len1_gn_3.png,3.2
30.png,30_len5_len3_st_2.png,2.7
233.png,233_len4_len1_gn_3.png,2.8
340.png,340_len3_bd_2.png,2.555555556
65.png,65_len4_st_1.png,2.1
83.png,83_len5_bd_3.png,2.2
308.png,308_len1_len5_bd_3.png,1.2
304.png,304_len3_len6_st_3.png,1.625
11.png,11_len3_len5_gb_2.png,2.444444444
346.png,346_len1_len3_bd_3.png,1.9
331.png,331_len3_len5_gn_2.png,2.8
425.png,425_len3_bd_2.png,2.444444444
64.png,64_len1_len5_bd_3.png,1.6
413.png,413_len2_len5_st_2.png,2.0
153.png,153_len1_st_3.png,2.6
276.png,276_len6_gn_3.png,3.555555556
268.png,268_len4_len1_gn_2.png,2.2
204.png,204_len4_bd_2.png,3.0
322.png,322_len1_gn_2.png,3.333333333
283.png,283_len6_gn_2.png,2.8
55.png,55_len5_st_2.png,1.777777778
105.png,105_len5_gn_2.png,3.1
230.png,230_len3_len6_st_1.png,2.555555556
413.png,413_len2_len5_gn_2.png,3.0
262.png,262_len3_len6_gb_3.png,2.333333333
192.png,192_len1_len4_gb_3.png,1.9
241.png,241_len4_st_1.png,2.8
377.png,377_len4_len2_st_2.png,2.0
337.png,337_len3_st_3.png,2.5
335.png,335_len5_len3_gb_2.png,2.8
426.png,426_len5_len2_bd_2.png,1.9
91.png,91_len4_bd_3.png,2.2
156.png,156_len1_len4_bd_1.png,2.7
281.png,281_len4_st_1.png,3.0
84.png,84_len4_len1_gb_2.png,2.2
234.png,234_len5_gn_3.png,2.888888889
249.png,249_len2_len5_gn_1.png,3.8
102.png,102_len2_bd_2.png,2.9
304.png,304_len3_len6_gb_2.png,2.222222222
96.png,96_len2_len6_gb_1.png,2.7
133.png,133_len1_st_3.png,1.7
327.png,327_len5_len3_st_2.png,2.4
19.png,19_len2_bd_1.png,3.5
11.png,11_len3_len5_gb_1.png,2.9
21.png,21_len6_bd_1.png,3.2
210.png,210_len1_st_1.png,3.2
154.png,154_len3_gn_3.png,3.333333333
105.png,105_len5_len3_st_2.png,2.4
173.png,173_len4_gb_2.png,2.222222222
190.png,190_len2_bd_3.png,3.0
220.png,220_len3_gb_3.png,2.375
293.png,293_len6_len3_st_2.png,2.2
104.png,104_len1_len4_gn_2.png,3.1
271.png,271_len5_st_3.png,2.4
273.png,273_len3_len6_bd_3.png,2.0
394.png,394_len5_gn_2.png,3.625
222.png,222_len1_len4_bd_2.png,2.333333333
277.png,277_len4_len1_bd_2.png,2.4
399.png,399_len2_bd_2.png,2.9
23.png,23_len4_bd_2.png,3.555555556
271.png,271_len5_len2_bd_2.png,2.6
375.png,375_len1_gb_2.png,3.5
223.png,223_len3_len6_gb_2.png,2.4
430.png,430_len4_len1_gb_2.png,2.1
427.png,427_len2_len4_bd_3.png,1.7
253.png,253_len2_len5_gb_1.png,3.1
266.png,266_len2_len5_gn_2.png,2.8
348.png,348_len3_gn_1.png,3.2
45.png,45_len2_gn_1.png,3.8
398.png,398_len1_bd_2.png,3.2
221.png,221_len6_gn_1.png,4.333333333
419.png,419_len5_bd_2.png,3.7
117.png,117_len3_len6_st_2.png,2.7
240.png,240_len5_len2_bd_3.png,2.111111111
59.png,59_len1_st_3.png,1.888888889
288.png,288_len4_len1_st_1.png,3.0
238.png,238_len5_len2_gn_1.png,4.0
204.png,204_len4_gb_1.png,3.666666667
125.png,125_len2_len4_bd_2.png,2.7
310.png,310_len4_len1_bd_2.png,2.111111111
170.png,170_len2_gn_2.png,3.6
274.png,274_len3_len5_gb_1.png,3.2
138.png,138_len4_len1_gn_1.png,3.75
115.png,115_len6_gb_3.png,2.4
228.png,228_len5_st_3.png,2.0
156.png,156_len1_len4_gb_1.png,2.875
185.png,185_len6_gn_3.png,3.375
190.png,190_len2_len5_bd_2.png,3.8
66.png,66_len4_st_2.png,2.4
138.png,138_len4_gn_3.png,3.3
289.png,289_len4_gb_3.png,2.2
248.png,248_len2_len5_bd_2.png,2.0
211.png,211_len6_len3_st_3.png,1.6
228.png,228_len5_bd_3.png,2.2
408.png,408_len5_len2_st_3.png,1.8
72.png,72_len6_len2_gb_2.png,2.444444444
380.png,380_len2_len6_bd_2.png,2.7
27.png,27_len1_len4_gn_3.png,2.0
149.png,149_len3_st_1.png,2.8
16.png,16_len5_bd_1.png,2.9
208.png,208_len4_len1_gn_3.png,2.8
257.png,257_len3_st_1.png,3.0
196.png,196_len2_len5_gn_1.png,2.875
66.png,66_len4_len6_gn_1.png,3.555555556
172.png,172_len4_len1_bd_3.png,1.888888889
101.png,101_len1_len4_st_1.png,2.25
80.png,80_len3_bd_2.png,2.3
114.png,114_len1_gn_3.png,3.0
327.png,327_len5_len3_bd_1.png,2.5
143.png,143_len5_st_3.png,2.5
15.png,15_len2_gn_2.png,2.9
406.png,406_len5_bd_3.png,2.2
362.png,362_len2_len5_gb_1.png,3.2
362.png,362_len2_len5_gb_3.png,1.857142857
8.png,8_len1_gb_1.png,3.111111111
257.png,257_len3_gn_3.png,2.6
261.png,261_len4_len1_gn_1.png,3.2
184.png,184_len6_st_2.png,2.6
90.png,90_len5_gb_3.png,2.8
107.png,107_len1_gn_1.png,3.333333333
172.png,172_len4_gn_2.png,3.0
141.png,141_len5_len2_st_2.png,2.8
75.png,75_len3_gn_1.png,3.5
229.png,229_len1_bd_1.png,3.2
159.png,159_len4_bd_3.png,2.222222222
187.png,187_len5_len2_gb_1.png,3.3
72.png,72_len6_len2_st_2.png,2.9
151.png,151_len3_len1_st_2.png,2.222222222
381.png,381_len1_gn_1.png,3.375
91.png,91_len4_st_2.png,3.1
299.png,299_len1_gb_2.png,2.8
375.png,375_len1_gb_1.png,3.75
384.png,384_len1_len4_gb_3.png,2.3
126.png,126_len1_gn_3.png,3.0
73.png,73_len4_len1_gb_1.png,3.6
408.png,408_len5_bd_1.png,3.375
238.png,238_len5_len2_gn_2.png,2.9
163.png,163_len5_gb_3.png,2.5
11.png,11_len3_gb_2.png,2.8
106.png,106_len6_st_2.png,2.875
307.png,307_len4_bd_2.png,2.555555556
421.png,421_len3_len6_st_1.png,3.2
138.png,138_len4_st_2.png,3.222222222
423.png,423_len3_st_3.png,2.2
172.png,172_len4_len1_st_1.png,2.2
231.png,231_len1_len4_gb_3.png,2.0
86.png,86_len4_gn_1.png,4.0
90.png,90_len5_gb_2.png,3.625
74.png,74_len6_len2_gb_1.png,2.9
288.png,288_len4_st_2.png,3.142857143
196.png,196_len2_len5_gn_2.png,3.2
142.png,142_len6_bd_1.png,3.4
246.png,246_len4_len2_bd_3.png,2.111111111
402.png,402_len3_gn_3.png,2.8
167.png,167_len4_bd_1.png,3.2
2.png,2_len2_gn_1.png,3.6
324.png,324_len5_bd_1.png,3.111111111
380.png,380_len2_st_1.png,3.222222222
20.png,20_len3_len6_gb_1.png,3.4
415.png,415_len3_len5_gb_1.png,3.2
316.png,316_len5_len2_st_1.png,2.4
106.png,106_len6_gn_3.png,3.222222222
297.png,297_len2_st_2.png,2.333333333
313.png,313_len2_len5_gn_1.png,3.0
247.png,247_len1_len5_st_2.png,2.0
66.png,66_len4_len6_st_1.png,2.7
197.png,197_len1_gn_3.png,3.2
204.png,204_len4_len1_gb_2.png,2.9
424.png,424_len4_len1_st_2.png,2.7
233.png,233_len4_st_3.png,3.333333333
240.png,240_len5_bd_3.png,2.4
61.png,61_len4_len1_gn_1.png,3.222222222
11.png,11_len3_len5_gn_2.png,2.777777778
414.png,414_len2_st_2.png,3.1
59.png,59_len1_st_2.png,3.0
271.png,271_len5_bd_3.png,3.333333333
332.png,332_len4_gn_2.png,2.7
373.png,373_len2_len4_bd_3.png,1.6
169.png,169_len6_st_2.png,3.4
254.png,254_len1_gn_1.png,3.9
348.png,348_len3_gb_2.png,2.9
50.png,50_len6_len3_st_2.png,2.857142857
395.png,395_len3_len6_gn_3.png,2.8
53.png,53_len4_len1_bd_3.png,1.5
111.png,111_len5_st_1.png,3.0
262.png,262_len3_len6_gb_1.png,2.8
360.png,360_len2_len6_st_2.png,2.1
395.png,395_len3_bd_1.png,3.777777778
235.png,235_len6_st_3.png,2.222222222
236.png,236_len5_st_2.png,3.2
243.png,243_len1_len4_st_2.png,2.222222222
326.png,326_len5_gb_3.png,2.5
22.png,22_len1_len4_st_1.png,3.3
273.png,273_len3_gn_2.png,2.0
108.png,108_len3_len6_gb_2.png,2.3
94.png,94_len5_bd_3.png,2.2
143.png,143_len5_gn_2.png,3.3
76.png,76_len5_len2_bd_1.png,3.0
203.png,203_len6_len3_gb_2.png,1.9
236.png,236_len5_len2_gb_2.png,1.666666667
111.png,111_len5_len2_gn_3.png,2.6
170.png,170_len2_bd_2.png,3.125
35.png,35_len4_len1_st_1.png,2.875
63.png,63_len3_st_1.png,2.333333333
175.png,175_len5_len2_st_3.png,2.2
222.png,222_len1_bd_1.png,3.555555556
205.png,205_len3_len6_gb_3.png,1.6
270.png,270_len1_gb_1.png,3.2
311.png,311_len5_len3_gb_3.png,2.125
409.png,409_len2_len5_gn_2.png,2.5
217.png,217_len2_len5_gb_2.png,2.2
286.png,286_len2_len6_st_2.png,2.3
253.png,253_len2_gb_1.png,2.888888889
175.png,175_len5_len2_st_2.png,2.2
389.png,389_len5_gb_2.png,3.0
56.png,56_len1_len4_gb_2.png,2.3
411.png,411_len4_gn_2.png,2.8
114.png,114_len1_st_3.png,2.0
311.png,311_len5_len3_st_1.png,3.4
262.png,262_len3_len6_bd_3.png,1.5
228.png,228_len5_gb_2.png,2.8
219.png,219_len3_len5_gb_1.png,2.7
328.png,328_len2_gb_3.png,2.3
9.png,9_len6_len2_st_2.png,2.9
202.png,202_len2_len5_gn_1.png,3.777777778
355.png,355_len3_len5_st_1.png,2.8
353.png,353_len2_len5_bd_1.png,3.2
49.png,49_len5_gn_3.png,2.2
421.png,421_len3_st_1.png,3.571428571
343.png,343_len3_gn_3.png,2.555555556
244.png,244_len4_len1_gn_2.png,3.222222222
4.png,4_len3_gb_3.png,2.7
280.png,280_len6_bd_1.png,3.2
261.png,261_len4_gb_2.png,2.875
10.png,10_len5_len3_gb_2.png,2.3
349.png,349_len3_gn_3.png,2.9
84.png,84_len4_len1_bd_1.png,2.8
77.png,77_len5_gb_1.png,3.222222222
110.png,110_len5_len2_gb_3.png,2.0
222.png,222_len1_len4_gb_1.png,2.8
194.png,194_len4_gn_3.png,3.2
111.png,111_len5_bd_2.png,2.8
345.png,345_len2_len5_bd_3.png,1.8
216.png,216_len2_gb_1.png,3.3
253.png,253_len2_len5_gn_3.png,2.3
405.png,405_len3_len6_gn_3.png,2.4
358.png,358_len6_len3_st_3.png,1.888888889
32.png,32_len2_len6_gb_1.png,3.2
292.png,292_len5_bd_2.png,3.0
338.png,338_len2_len6_st_3.png,1.888888889
36.png,36_len1_gb_3.png,2.444444444
393.png,393_len3_len6_gn_2.png,3.0
89.png,89_len2_len5_st_2.png,2.3
61.png,61_len4_gb_1.png,3.4
5.png,5_len5_gb_1.png,3.8
360.png,360_len2_len6_st_3.png,1.9
253.png,253_len2_len5_bd_2.png,1.9
110.png,110_len5_gn_1.png,3.222222222
326.png,326_len5_len2_bd_1.png,3.2
272.png,272_len3_len6_bd_2.png,2.3
235.png,235_len6_bd_1.png,3.2
234.png,234_len5_len2_gb_2.png,2.666666667
211.png,211_len6_len3_st_2.png,2.0
399.png,399_len2_gb_3.png,3.1
51.png,51_len3_st_3.png,2.8
259.png,259_len5_gn_2.png,3.111111111
221.png,221_len6_bd_3.png,2.75
152.png,152_len2_st_3.png,1.888888889
24.png,24_len2_len6_gn_1.png,3.8
262.png,262_len3_len6_st_3.png,2.222222222
36.png,36_len1_len5_st_2.png,2.5
396.png,396_len4_gn_3.png,2.5
39.png,39_len3_st_1.png,3.2
103.png,103_len1_len4_bd_3.png,2.1
133.png,133_len1_len4_bd_1.png,3.0
85.png,85_len2_bd_2.png,2.375
407.png,407_len3_len5_bd_2.png,2.4
271.png,271_len5_st_1.png,3.875
26.png,26_len3_len6_gb_1.png,3.555555556
275.png,275_len3_len6_gn_1.png,3.375
348.png,348_len3_len6_bd_2.png,2.333333333
177.png,177_len3_st_2.png,2.444444444
71.png,71_len4_bd_1.png,3.8
88.png,88_len3_len6_st_3.png,2.4
379.png,379_len5_gn_1.png,3.333333333
193.png,193_len4_bd_3.png,1.8
249.png,249_len2_len5_st_1.png,2.4
189.png,189_len4_bd_2.png,2.222222222
66.png,66_len4_gn_1.png,3.875
335.png,335_len5_bd_3.png,2.0
384.png,384_len1_bd_3.png,2.8
290.png,290_len3_bd_3.png,2.5
75.png,75_len3_len1_gb_2.png,2.444444444
279.png,279_len5_len3_st_1.png,3.1
75.png,75_len3_len1_gn_2.png,2.8
419.png,419_len5_len2_gn_2.png,3.1
361.png,361_len2_st_2.png,2.7
368.png,368_len3_gb_3.png,2.2
356.png,356_len6_len3_st_2.png,2.0
191.png,191_len2_bd_2.png,2.571428571
308.png,308_len1_bd_1.png,2.6
146.png,146_len4_len1_gn_2.png,2.2
49.png,49_len5_len1_st_2.png,2.25
326.png,326_len5_len2_st_3.png,2.0
377.png,377_len4_gn_3.png,2.555555556
140.png,140_len4_gn_3.png,3.0
242.png,242_len1_len4_st_1.png,3.25
266.png,266_len2_len5_st_1.png,2.8
377.png,377_len4_bd_3.png,1.8
401.png,401_len1_len4_st_1.png,2.7
308.png,308_len1_gb_1.png,3.333333333
325.png,325_len3_len6_st_3.png,2.2
54.png,54_len5_len2_st_2.png,2.2
321.png,321_len2_gn_3.png,2.8
182.png,182_len1_bd_2.png,2.8
213.png,213_len4_gn_3.png,3.0
50.png,50_len6_st_2.png,3.1
142.png,142_len6_bd_2.png,3.125
51.png,51_len3_len1_gb_2.png,2.333333333
126.png,126_len1_len4_st_3.png,2.4
401.png,401_len1_st_1.png,3.1
287.png,287_len4_len1_gb_1.png,3.2
366.png,366_len3_len6_bd_3.png,1.5
429.png,429_len1_st_2.png,2.8
265.png,265_len4_bd_2.png,3.1
204.png,204_len4_gb_3.png,2.2
248.png,248_len2_len5_gn_3.png,2.2
388.png,388_len3_bd_2.png,2.8
50.png,50_len6_len3_gb_1.png,2.8
99.png,99_len6_len2_st_3.png,2.0
358.png,358_len6_len3_gb_3.png,1.2
124.png,124_len3_gb_2.png,2.777777778
193.png,193_len4_gb_1.png,2.666666667
351.png,351_len2_len6_gb_3.png,1.9
365.png,365_len3_len6_gb_3.png,2.2
244.png,244_len4_gn_3.png,2.666666667
60.png,60_len1_bd_2.png,2.9
1.png,1_len3_len6_gb_1.png,3.25
65.png,65_len4_len1_gb_2.png,1.8
240.png,240_len5_st_3.png,2.666666667
182.png,182_len1_len4_gn_2.png,2.7
96.png,96_len2_st_1.png,2.2
71.png,71_len4_gb_3.png,1.8
225.png,225_len3_gn_1.png,3.0
356.png,356_len6_gb_3.png,2.25
205.png,205_len3_gb_1.png,3.125
255.png,255_len5_bd_2.png,2.9
424.png,424_len4_len1_gb_1.png,2.777777778
163.png,163_len5_len2_gn_3.png,3.0
249.png,249_len2_len5_bd_3.png,2.222222222
268.png,268_len4_gb_2.png,2.8
210.png,210_len1_gn_3.png,3.0
369.png,369_len1_gb_2.png,2.8
207.png,207_len1_gb_3.png,2.2
315.png,315_len6_len2_bd_2.png,2.2
39.png,39_len3_len1_gb_2.png,2.2
195.png,195_len4_gn_2.png,3.5
429.png,429_len3_len1_bd_1.png,2.7
18.png,18_len5_len3_gn_3.png,2.2
287.png,287_len4_st_3.png,2.3
321.png,321_len2_gb_1.png,3.2
184.png,184_len6_len3_bd_1.png,2.8
31.png,31_len3_len5_gn_1.png,3.222222222
184.png,184_len6_len3_bd_2.png,2.2
225.png,225_len3_len6_gb_3.png,1.8
371.png,371_len3_len6_gb_1.png,3.2
235.png,235_len6_gn_2.png,3.5
93.png,93_len4_len1_bd_2.png,2.8
236.png,236_len5_len2_st_2.png,2.111111111
334.png,334_len2_bd_2.png,2.8
193.png,193_len4_len6_st_3.png,2.6
88.png,88_len3_bd_2.png,2.9
217.png,217_len2_len5_st_2.png,2.888888889
103.png,103_len1_len4_gb_2.png,2.0
428.png,428_len3_st_2.png,2.777777778
324.png,324_len5_st_1.png,3.444444444
205.png,205_len3_len6_gn_3.png,2.125
238.png,238_len5_st_3.png,3.0
238.png,238_len5_len2_st_2.png,2.0
92.png,92_len5_gb_1.png,3.333333333
294.png,294_len2_st_2.png,3.2
315.png,315_len6_len2_gb_2.png,2.4
273.png,273_len3_gn_1.png,3.2
177.png,177_len3_gb_1.png,3.777777778
229.png,229_len1_len5_gn_1.png,3.3
196.png,196_len2_gb_3.png,1.9
394.png,394_len5_st_1.png,3.2
382.png,382_len4_len1_gn_1.png,2.2
220.png,220_len3_len6_st_3.png,1.555555556
11.png,11_len3_len5_gn_1.png,3.5
301.png,301_len2_len6_gb_3.png,2.2
372.png,372_len3_len5_st_2.png,2.0
209.png,209_len3_len6_gn_1.png,3.2
10.png,10_len5_gb_2.png,2.8
323.png,323_len4_bd_3.png,1.888888889
278.png,278_len6_len2_bd_2.png,2.0
69.png,69_len4_st_1.png,2.8
229.png,229_len1_len5_gn_3.png,2.5
371.png,371_len3_len6_gn_2.png,3.0
37.png,37_len5_gb_2.png,2.8
370.png,370_len2_st_1.png,2.888888889
368.png,368_len3_bd_2.png,3.0
349.png,349_len3_len5_gn_1.png,3.777777778
392.png,392_len5_gb_2.png,4.0
307.png,307_len4_len2_gb_2.png,2.5
337.png,337_len3_len6_bd_1.png,2.8
176.png,176_len5_len2_bd_1.png,3.0
133.png,133_len1_st_1.png,1.8
133.png,133_len1_gb_3.png,2.6
342.png,342_len3_st_2.png,2.2
99.png,99_len6_len2_st_2.png,2.4
356.png,356_len6_len3_gb_2.png,2.0
315.png,315_len6_gn_3.png,2.9
113.png,113_len3_len6_st_3.png,1.8
96.png,96_len2_st_2.png,2.625
305.png,305_len2_gb_1.png,3.5
418.png,418_len5_gn_2.png,3.2
63.png,63_len3_gn_3.png,3.125
203.png,203_len6_gn_2.png,2.777777778
149.png,149_len3_gb_1.png,3.222222222
171.png,171_len3_len6_st_1.png,1.2
49.png,49_len5_len1_bd_2.png,2.555555556
89.png,89_len2_len5_bd_3.png,2.2
365.png,365_len3_gb_2.png,2.888888889
68.png,68_len3_len5_st_3.png,1.2
234.png,234_len5_len2_bd_3.png,2.0
318.png,318_len4_gb_1.png,3.0
287.png,287_len4_len1_gb_3.png,1.8
159.png,159_len4_len1_bd_2.png,2.2
333.png,333_len3_bd_2.png,3.285714286
190.png,190_len2_gb_2.png,2.7
343.png,343_len3_len5_st_1.png,2.5
244.png,244_len4_gn_2.png,2.777777778
221.png,221_len6_len3_gn_2.png,2.75
425.png,425_len6_len3_st_3.png,2.111111111
224.png,224_len3_len6_st_1.png,2.666666667
119.png,119_len3_len6_gb_1.png,3.8
231.png,231_len1_len4_st_2.png,2.1
369.png,369_len1_gn_3.png,2.666666667
142.png,142_len6_len3_gb_1.png,3.625
311.png,311_len5_st_1.png,3.4
52.png,52_len1_gb_3.png,2.8
331.png,331_len3_bd_3.png,2.5
95.png,95_len4_gn_1.png,3.2
52.png,52_len1_gn_1.png,3.8
370.png,370_len2_gn_1.png,3.625
419.png,419_len5_len2_gn_3.png,2.555555556
46.png,46_len2_gn_1.png,3.6
348.png,348_len3_len6_gb_2.png,2.4
64.png,64_len1_bd_1.png,3.222222222
237.png,237_len3_st_1.png,2.0
195.png,195_len4_gb_2.png,3.1
313.png,313_len2_len5_gb_2.png,2.2
410.png,410_len1_st_1.png,2.8
298.png,298_len3_len1_bd_1.png,2.5
97.png,97_len4_len1_st_2.png,2.3
204.png,204_len4_st_3.png,2.666666667
331.png,331_len3_len5_gb_3.png,1.8
243.png,243_len1_len4_gn_3.png,2.4
407.png,407_len3_st_3.png,1.8
47.png,47_len3_len5_st_1.png,2.333333333
212.png,212_len5_len2_gn_3.png,2.2
164.png,164_len6_len3_gn_2.png,2.1
313.png,313_len2_st_1.png,2.6
389.png,389_len5_st_2.png,3.0
419.png,419_len5_len2_st_1.png,3.2
345.png,345_len2_bd_1.png,3.4
323.png,323_len4_len1_bd_3.png,1.3
178.png,178_len4_len1_gb_1.png,3.0
168.png,168_len5_bd_1.png,3.4
364.png,364_len3_len6_st_3.png,1.7
225.png,225_len3_bd_2.png,2.2
280.png,280_len6_gb_3.png,2.666666667
34.png,34_len3_gn_3.png,2.625
428.png,428_len3_len6_st_1.png,2.222222222
373.png,373_len2_len4_gb_3.png,2.3
160.png,160_len1_gn_3.png,3.111111111
165.png,165_len4_len1_st_2.png,2.2
108.png,108_len3_st_3.png,2.375
355.png,355_len3_len5_bd_2.png,2.4
59.png,59_len1_len5_gn_1.png,3.5
119.png,119_len3_len6_bd_2.png,2.1
66.png,66_len4_len6_gn_2.png,2.777777778
231.png,231_len1_gb_1.png,3.5
292.png,292_len5_len3_gb_3.png,2.2
296.png,296_len6_gb_1.png,2.8
229.png,229_len1_st_3.png,3.1
348.png,348_len3_st_3.png,2.0
354.png,354_len5_bd_3.png,2.0
118.png,118_len3_gb_2.png,2.444444444
341.png,341_len2_bd_3.png,2.2
350.png,350_len2_bd_3.png,2.4
307.png,307_len4_len2_gn_3.png,2.777777778
101.png,101_len1_bd_2.png,3.222222222
232.png,232_len2_gn_3.png,2.9
191.png,191_len2_len5_bd_1.png,2.8
223.png,223_len3_gn_1.png,4.125
297.png,297_len2_bd_2.png,2.4
4.png,4_len3_len5_bd_3.png,2.142857143
159.png,159_len4_len1_gn_2.png,2.2
69.png,69_len4_len1_bd_3.png,1.555555556
50.png,50_len6_bd_1.png,3.0
246.png,246_len4_gn_2.png,4.2
228.png,228_len5_len2_st_1.png,2.333333333
270.png,270_len1_len4_gn_3.png,2.428571429
137.png,137_len4_len1_st_2.png,1.8
1.png,1_len3_len6_gn_1.png,3.1
16.png,16_len5_st_3.png,2.25
413.png,413_len2_len5_gb_3.png,1.777777778
429.png,429_len1_bd_1.png,2.5
388.png,388_len3_len6_gb_3.png,2.0
394.png,394_len5_gn_3.png,3.0
315.png,315_len6_len2_bd_1.png,3.1
11.png,11_len3_len5_bd_3.png,1.555555556
390.png,390_len2_gb_3.png,2.8
86.png,86_len4_len1_st_2.png,2.2
421.png,421_len3_len6_gn_2.png,2.8
141.png,141_len5_st_2.png,2.75
223.png,223_len3_len6_gb_1.png,3.3
360.png,360_len2_st_3.png,2.0
390.png,390_len2_len5_gn_2.png,2.9
407.png,407_len3_len5_gn_3.png,2.3
64.png,64_len1_gn_1.png,3.8
423.png,423_len3_gn_3.png,3.4
250.png,250_len2_len5_gb_1.png,3.5
108.png,108_len3_bd_3.png,2.8
278.png,278_len6_gn_2.png,2.9
124.png,124_len3_len6_st_2.png,2.125
425.png,425_len6_len3_bd_2.png,2.6
223.png,223_len3_st_1.png,4.111111111
217.png,217_len2_len5_st_3.png,1.625
65.png,65_len4_len1_st_3.png,2.0
234.png,234_len5_st_3.png,2.75
62.png,62_len5_bd_1.png,3.5
263.png,263_len3_bd_1.png,2.5
9.png,9_len6_len2_gn_2.png,2.75
183.png,183_len2_st_3.png,2.5
271.png,271_len5_len2_gn_2.png,3.0
395.png,395_len3_bd_3.png,2.5
23.png,23_len4_st_2.png,3.222222222
137.png,137_len4_len1_gb_1.png,3.0
272.png,272_len3_len6_st_2.png,2.0
345.png,345_len2_len5_gb_1.png,3.1
352.png,352_len4_bd_3.png,2.666666667
127.png,127_len1_st_3.png,3.0
56.png,56_len1_st_1.png,3.444444444
331.png,331_len3_len5_bd_3.png,1.8
78.png,78_len4_len6_bd_2.png,2.1
247.png,247_len1_gn_3.png,3.0
205.png,205_len3_len6_st_2.png,2.222222222
197.png,197_len1_st_2.png,2.444444444
251.png,251_len2_len6_gn_3.png,2.0
333.png,333_len3_gn_1.png,3.7
101.png,101_len1_gn_3.png,3.2
422.png,422_len2_bd_3.png,2.2
54.png,54_len5_len2_gn_3.png,2.6
93.png,93_len4_gb_2.png,2.7
253.png,253_len2_gn_2.png,3.8
59.png,59_len1_len5_st_1.png,3.375
308.png,308_len1_len5_st_3.png,2.5
164.png,164_len6_len3_gn_3.png,2.111111111
205.png,205_len3_gn_3.png,2.4
184.png,184_len6_len3_gb_3.png,1.9
319.png,319_len3_len6_bd_2.png,2.2
87.png,87_len3_len6_gb_1.png,3.2
241.png,241_len4_len1_st_3.png,2.0
246.png,246_len4_bd_3.png,2.0
76.png,76_len5_len2_st_2.png,2.3
48.png,48_len4_len1_bd_2.png,2.625
59.png,59_len1_gn_3.png,2.666666667
369.png,369_len1_len3_gn_2.png,2.7
385.png,385_len5_len2_st_1.png,3.0
241.png,241_len4_len1_gb_3.png,1.666666667
206.png,206_len2_st_3.png,2.0
221.png,221_len6_len3_bd_3.png,1.6
259.png,259_len5_len2_gb_3.png,1.8
248.png,248_len2_len5_bd_3.png,1.375
247.png,247_len1_len5_gn_2.png,2.1
186.png,186_len2_st_1.png,2.666666667
95.png,95_len4_len6_bd_1.png,3.5
153.png,153_len1_len4_bd_1.png,3.8
128.png,128_len6_len2_st_2.png,2.5
347.png,347_len3_bd_1.png,3.0
260.png,260_len4_len6_st_1.png,3.3
95.png,95_len4_bd_1.png,3.2
396.png,396_len4_len6_gn_2.png,2.6
98.png,98_len3_gn_3.png,2.8
245.png,245_len2_len5_bd_3.png,1.8
47.png,47_len3_bd_3.png,2.111111111
1.png,1_len3_st_1.png,3.25
84.png,84_len4_len1_gn_3.png,2.8
376.png,376_len3_len1_bd_3.png,1.5
126.png,126_len1_bd_3.png,2.2
386.png,386_len5_bd_2.png,3.1
357.png,357_len5_bd_2.png,1.625
245.png,245_len2_bd_2.png,2.666666667
169.png,169_len6_len3_gn_1.png,3.3
423.png,423_len3_gn_1.png,3.777777778
94.png,94_len5_bd_1.png,3.333333333
69.png,69_len4_len1_gn_1.png,3.111111111
275.png,275_len3_st_1.png,2.8
394.png,394_len5_st_2.png,3.2
17.png,17_len1_len3_gb_1.png,3.4
295.png,295_len3_gb_1.png,3.4
352.png,352_len4_len1_gb_1.png,2.9
163.png,163_len5_len2_gb_3.png,2.0
17.png,17_len1_len3_gb_2.png,3.0
259.png,259_len5_len2_gb_2.png,2.777777778
380.png,380_len2_gn_3.png,2.9
159.png,159_len4_len1_gb_1.png,3.0
388.png,388_len3_st_3.png,2.9
97.png,97_len4_len1_st_1.png,2.1
225.png,225_len3_len6_bd_3.png,2.0
392.png,392_len5_gn_3.png,3.0
113.png,113_len3_len6_st_2.png,2.555555556
296.png,296_len6_bd_1.png,3.0
155.png,155_len2_st_1.png,3.3
406.png,406_len5_st_1.png,3.0
34.png,34_len3_gn_2.png,4.2
76.png,76_len5_len2_bd_2.png,2.8
221.png,221_len6_gb_2.png,3.3
136.png,136_len4_gb_1.png,3.2
67.png,67_len2_len5_st_2.png,2.6
294.png,294_len2_len5_bd_3.png,1.3
341.png,341_len2_len6_bd_1.png,3.2
322.png,322_len1_len3_st_2.png,2.0
411.png,411_len4_len2_gn_2.png,2.555555556
166.png,166_len4_st_3.png,2.2
24.png,24_len2_len6_gn_2.png,2.5
405.png,405_len3_len6_gn_2.png,2.8
167.png,167_len4_len1_st_3.png,2.0
145.png,145_len6_len3_st_3.png,2.25
171.png,171_len3_gn_1.png,3.555555556
200.png,200_len3_gb_2.png,3.2
21.png,21_len6_gb_1.png,4.111111111
177.png,177_len3_bd_1.png,3.888888889
176.png,176_len5_len2_gb_2.png,2.888888889
420.png,420_len3_len6_gn_1.png,3.2
247.png,247_len1_gb_3.png,3.2
9.png,9_len6_len2_gn_1.png,3.8
221.png,221_len6_st_1.png,3.9
267.png,267_len2_gn_3.png,3.0
279.png,279_len5_len3_gn_2.png,2.2
179.png,179_len1_len4_gb_3.png,2.0
297.png,297_len2_len4_bd_3.png,1.5
115.png,115_len6_len3_gb_1.png,3.2
205.png,205_len3_gb_2.png,2.888888889
69.png,69_len4_len1_st_2.png,2.222222222
362.png,362_len2_len5_gb_2.png,2.5
253.png,253_len2_len5_gn_2.png,2.8
30.png,30_len5_gn_1.png,3.5
424.png,424_len4_len1_gn_2.png,3.333333333
80.png,80_len3_len5_gn_3.png,2.2
301.png,301_len2_gb_1.png,3.375
391.png,391_len4_len1_bd_2.png,2.4
408.png,408_len5_gb_1.png,3.8
375.png,375_len1_gn_3.png,3.0
158.png,158_len2_gn_2.png,3.333333333
418.png,418_len5_len3_bd_2.png,2.6
152.png,152_len2_len5_bd_2.png,2.0
313.png,313_len2_gn_3.png,2.2
139.png,139_len6_len3_gn_1.png,3.4
198.png,198_len2_len5_st_2.png,2.444444444
384.png,384_len1_bd_1.png,3.3
311.png,311_len5_gb_3.png,2.8
6.png,6_len4_len1_bd_1.png,3.555555556
289.png,289_len4_len2_gn_2.png,2.625
208.png,208_len4_bd_2.png,2.666666667
41.png,41_len3_st_1.png,3.625
317.png,317_len5_len1_bd_3.png,1.888888889
31.png,31_len3_len5_bd_2.png,2.0
389.png,389_len5_bd_1.png,3.8
31.png,31_len3_bd_1.png,2.555555556
161.png,161_len4_st_1.png,2.0
284.png,284_len1_len4_gn_2.png,2.666666667
270.png,270_len1_len4_gb_3.png,1.777777778
232.png,232_len2_len5_st_2.png,2.666666667
322.png,322_len1_bd_1.png,3.333333333
11.png,11_len3_len5_st_1.png,2.714285714
236.png,236_len5_gn_2.png,3.2
77.png,77_len5_st_1.png,3.1
297.png,297_len2_len4_gb_1.png,2.5
109.png,109_len3_len6_st_1.png,2.2
250.png,250_len2_gb_2.png,3.8
243.png,243_len1_gb_2.png,2.0
255.png,255_len5_len1_gb_3.png,2.444444444
338.png,338_len2_gn_1.png,3.888888889
289.png,289_len4_len2_bd_1.png,3.1
355.png,355_len3_gn_2.png,3.333333333
243.png,243_len1_gn_3.png,1.8
403.png,403_len3_len6_gb_1.png,3.4
247.png,247_len1_len5_bd_3.png,1.666666667
28.png,28_len2_gn_3.png,2.8
174.png,174_len6_gb_2.png,3.0
33.png,33_len3_bd_2.png,3.0
118.png,118_len3_len6_gb_3.png,2.1
80.png,80_len3_gn_2.png,3.3
231.png,231_len1_len4_gb_1.png,3.0
357.png,357_len5_len3_st_1.png,2.888888889
329.png,329_len3_len1_st_2.png,2.0
200.png,200_len3_gn_2.png,2.666666667
92.png,92_len5_len1_bd_1.png,3.2
184.png,184_len6_len3_gn_2.png,2.444444444
142.png,142_len6_bd_3.png,2.222222222
183.png,183_len2_gb_2.png,2.111111111
131.png,131_len6_bd_3.png,2.222222222
354.png,354_len5_len3_bd_3.png,1.2
30.png,30_len5_gb_1.png,3.222222222
270.png,270_len1_len4_bd_3.png,1.888888889
318.png,318_len4_len6_bd_1.png,3.0
76.png,76_len5_gn_1.png,3.555555556
52.png,52_len1_len4_gb_1.png,3.5
3.png,3_len5_len2_bd_2.png,1.7
19.png,19_len2_gn_3.png,2.9
386.png,386_len5_gn_1.png,3.0
76.png,76_len5_len2_gn_3.png,3.2
97.png,97_len4_gn_2.png,3.2
79.png,79_len1_len3_gb_1.png,3.2
134.png,134_len4_bd_1.png,3.1
74.png,74_len6_gn_3.png,2.111111111
192.png,192_len1_len4_gb_2.png,2.7
328.png,328_len2_gn_3.png,2.2
384.png,384_len1_st_3.png,2.2
131.png,131_len6_bd_2.png,3.1
59.png,59_len1_gb_2.png,3.0
229.png,229_len1_gn_1.png,3.333333333
339.png,339_len4_len1_gn_2.png,2.8
189.png,189_len4_len1_gb_2.png,2.111111111
62.png,62_len5_gn_1.png,4.8
219.png,219_len3_st_3.png,2.1
169.png,169_len6_len3_bd_1.png,2.666666667
414.png,414_len2_st_3.png,2.555555556
148.png,148_len6_len3_gn_2.png,2.9
291.png,291_len3_st_2.png,3.222222222
3.png,3_len5_gn_1.png,4.0
31.png,31_len3_gb_1.png,2.7
296.png,296_len6_len2_bd_2.png,2.2
268.png,268_len4_len1_bd_1.png,3.5
287.png,287_len4_bd_2.png,2.2
252.png,252_len2_len5_gb_2.png,2.2
75.png,75_len3_bd_3.png,2.0
23.png,23_len4_gn_1.png,4.0
13.png,13_len4_gb_1.png,3.222222222
72.png,72_len6_len2_gn_2.png,2.9
360.png,360_len2_gn_2.png,3.0
30.png,30_len5_st_2.png,2.8
147.png,147_len5_gb_2.png,3.2
393.png,393_len3_bd_3.png,2.666666667
84.png,84_len4_gn_3.png,3.3
46.png,46_len2_gn_3.png,3.125
294.png,294_len2_gb_3.png,1.8
346.png,346_len1_st_3.png,2.2
102.png,102_len2_gb_2.png,3.2
405.png,405_len3_len6_gn_1.png,3.4
347.png,347_len3_gb_1.png,3.555555556
68.png,68_len3_gb_3.png,2.625
106.png,106_len6_len2_gn_1.png,3.444444444
403.png,403_len3_len6_gn_1.png,3.444444444
160.png,160_len1_gb_1.png,3.2
160.png,160_len1_gb_3.png,2.444444444
94.png,94_len5_gb_1.png,3.777777778
74.png,74_len6_bd_2.png,1.666666667
351.png,351_len2_len6_gn_1.png,3.25
78.png,78_len4_st_3.png,2.0
366.png,366_len3_len6_bd_2.png,2.444444444
332.png,332_len4_gn_1.png,3.2
411.png,411_len4_len2_gn_1.png,2.9
57.png,57_len1_gn_2.png,3.3
245.png,245_len2_len5_st_1.png,2.222222222
93.png,93_len4_bd_1.png,3.4
421.png,421_len3_st_2.png,2.7
206.png,206_len2_len5_st_3.png,1.888888889
117.png,117_len3_gb_2.png,2.666666667
318.png,318_len4_gb_3.png,1.9
417.png,417_len2_len5_st_2.png,1.8
246.png,246_len4_len2_gb_3.png,1.6
160.png,160_len1_gb_2.png,3.0
204.png,204_len4_len1_st_3.png,1.9
60.png,60_len1_gb_3.png,2.777777778
44.png,44_len2_bd_2.png,2.888888889
313.png,313_len2_st_2.png,2.1
24.png,24_len2_gb_3.png,2.375
278.png,278_len6_st_3.png,3.0
137.png,137_len4_len1_gb_2.png,2.3
147.png,147_len5_len2_gb_3.png,1.75
210.png,210_len1_st_3.png,3.0
189.png,189_len4_len1_gb_3.png,1.8
363.png,363_len2_gb_1.png,3.2
394.png,394_len5_len2_st_3.png,2.3
327.png,327_len5_st_2.png,3.0
181.png,181_len2_st_2.png,2.7
72.png,72_len6_gn_1.png,3.3
429.png,429_len1_gb_1.png,3.0
157.png,157_len3_len6_bd_1.png,2.555555556
271.png,271_len5_len2_bd_1.png,3.2
343.png,343_len3_len5_bd_1.png,2.777777778
260.png,260_len4_len6_bd_1.png,2.555555556
191.png,191_len2_st_2.png,3.0
99.png,99_len6_gn_3.png,2.888888889
296.png,296_len6_bd_2.png,3.0
312.png,312_len5_gn_2.png,3.0
113.png,113_len3_st_1.png,3.444444444
298.png,298_len3_len1_bd_2.png,2.222222222
180.png,180_len3_len6_st_1.png,2.4
70.png,70_len1_gn_1.png,3.1
17.png,17_len1_gb_2.png,3.0
303.png,303_len5_len2_bd_1.png,3.0
176.png,176_len5_st_3.png,2.777777778
7.png,7_len4_gn_2.png,2.8
252.png,252_len2_len5_gb_1.png,2.9
107.png,107_len1_len4_st_2.png,2.0
399.png,399_len2_len5_bd_1.png,3.2
238.png,238_len5_gn_2.png,2.8
229.png,229_len1_len5_st_1.png,2.8
40.png,40_len6_gb_2.png,2.8
152.png,152_len2_len5_gb_2.png,2.5
3.png,3_len5_len2_st_3.png,1.8
116.png,116_len6_gb_3.png,2.5
28.png,28_len2_st_1.png,2.8
285.png,285_len1_bd_2.png,3.0
226.png,226_len5_bd_1.png,3.555555556
236.png,236_len5_gn_1.png,3.571428571
21.png,21_len6_gn_2.png,3.2
358.png,358_len6_gn_1.png,3.666666667
185.png,185_len6_len3_bd_1.png,2.8
89.png,89_len2_len5_bd_2.png,2.666666667
410.png,410_len1_gb_1.png,3.4
10.png,10_len5_len3_gn_2.png,3.1
93.png,93_len4_len1_gb_1.png,3.8
108.png,108_len3_gn_3.png,2.333333333
185.png,185_len6_gb_1.png,3.555555556
279.png,279_len5_len3_gn_1.png,3.222222222
167.png,167_len4_len1_gn_1.png,3.875
25.png,25_len2_len6_gb_1.png,3.5
97.png,97_len4_gn_3.png,3.0
428.png,428_len3_bd_3.png,1.8
389.png,389_len5_len3_gb_3.png,2.2
15.png,15_len2_len4_gb_1.png,2.7
101.png,101_len1_bd_1.png,3.2
227.png,227_len2_gb_1.png,3.888888889
141.png,141_len5_gn_3.png,2.777777778
276.png,276_len6_len_3_st_1.png,2.5
201.png,201_len2_gn_1.png,3.2
405.png,405_len3_bd_1.png,3.375
228.png,228_len5_len2_gb_3.png,2.1
234.png,234_len5_gn_2.png,2.9
67.png,67_len2_len5_gn_1.png,4.222222222
207.png,207_len1_len4_bd_1.png,2.8
188.png,188_len2_gn_2.png,3.1
423.png,423_len3_gb_2.png,3.2
221.png,221_len6_len3_st_1.png,3.2
257.png,257_len3_bd_1.png,3.2
14.png,14_len2_len6_gb_2.png,2.444444444
126.png,126_len1_st_3.png,2.666666667
56.png,56_len1_len4_gn_2.png,2.8
241.png,241_len4_gn_3.png,2.8
339.png,339_len4_bd_2.png,2.666666667
147.png,147_len5_gb_1.png,3.8
176.png,176_len5_gn_2.png,3.222222222
110.png,110_len5_len2_gb_1.png,2.8
373.png,373_len2_gb_1.png,3.5
76.png,76_len5_len2_st_1.png,3.5
323.png,323_len4_bd_2.png,2.5
211.png,211_len6_bd_2.png,3.2
237.png,237_len3_len5_gb_2.png,2.625
247.png,247_len1_len5_st_1.png,2.625
280.png,280_len6_bd_3.png,2.0
31.png,31_len3_len5_gb_2.png,2.0
89.png,89_len2_bd_1.png,3.4
255.png,255_len5_len1_gb_2.png,2.666666667
383.png,383_len3_len1_bd_2.png,3.2
143.png,143_len5_len2_bd_1.png,3.1
204.png,204_len4_gn_2.png,3.0
189.png,189_len4_gn_1.png,3.777777778
409.png,409_len2_len5_gb_2.png,3.2
136.png,136_len4_gn_1.png,3.444444444
68.png,68_len3_gb_2.png,3.111111111
372.png,372_len3_len5_bd_1.png,3.5
194.png,194_len4_len1_st_1.png,2.9
88.png,88_len3_gb_3.png,2.8
337.png,337_len3_bd_3.png,2.222222222
286.png,286_len2_len6_gn_1.png,3.111111111
248.png,248_len2_st_3.png,2.666666667
359.png,359_len4_len1_gn_2.png,2.3
417.png,417_len2_st_3.png,3.333333333
190.png,190_len2_gn_3.png,2.9
104.png,104_len1_len4_st_2.png,2.222222222
170.png,170_len2_len5_gn_1.png,4.0
9.png,9_len6_bd_1.png,3.5
217.png,217_len2_st_3.png,2.2
260.png,260_len4_len6_bd_2.png,2.5
370.png,370_len2_gb_2.png,2.9
134.png,134_len4_len1_gb_3.png,1.6
206.png,206_len2_len5_bd_3.png,1.5
244.png,244_len4_gn_1.png,3.111111111
387.png,387_len1_len4_gb_1.png,3.2
4.png,4_len3_st_3.png,2.4
64.png,64_len1_len5_st_2.png,1.888888889
277.png,277_len4_len1_st_2.png,2.2
58.png,58_len2_len4_bd_2.png,2.1
243.png,243_len1_len4_bd_2.png,1.888888889
328.png,328_len2_len5_st_3.png,2.0
319.png,319_len3_bd_3.png,2.1
233.png,233_len4_gn_3.png,3.0
244.png,244_len4_len1_bd_1.png,3.0
34.png,34_len3_len1_st_1.png,3.1
47.png,47_len3_len5_gb_3.png,1.8
46.png,46_len2_gb_1.png,3.555555556
281.png,281_len4_len6_bd_2.png,2.2
174.png,174_len6_bd_3.png,2.111111111
4.png,4_len3_st_1.png,3.555555556
388.png,388_len3_gb_1.png,3.875
300.png,300_len2_gn_2.png,2.25
231.png,231_len1_gn_3.png,2.8
161.png,161_len4_bd_3.png,2.444444444
51.png,51_len3_len1_gn_3.png,2.5
384.png,384_len1_len4_gn_2.png,2.666666667
276.png,276_len6_st_1.png,3.5
287.png,287_len4_len1_gn_1.png,3.375
385.png,385_len5_len2_gb_1.png,3.375
320.png,320_len3_len6_bd_3.png,1.8
51.png,51_len3_len1_st_1.png,3.0
27.png,27_len1_len4_bd_1.png,2.7
183.png,183_len2_len5_bd_2.png,2.1
133.png,133_len1_len4_st_1.png,3.111111111
314.png,314_len5_len2_gb_2.png,2.2
293.png,293_len6_bd_2.png,2.8
121.png,121_len1_gb_3.png,2.3
61.png,61_len4_len1_gb_3.png,1.5
294.png,294_len2_gb_1.png,3.2
146.png,146_len4_gn_2.png,2.6
383.png,383_len3_len1_gb_2.png,3.2
394.png,394_len5_len2_st_2.png,2.444444444
157.png,157_len3_st_2.png,2.777777778
373.png,373_len2_bd_3.png,2.3
244.png,244_len4_len1_gb_2.png,3.111111111
240.png,240_len5_len2_gb_1.png,3.222222222
91.png,91_len4_len6_st_1.png,3.333333333
220.png,220_len3_len6_st_2.png,2.6
237.png,237_len3_gn_1.png,3.888888889
165.png,165_len4_gb_2.png,2.555555556
16.png,16_len5_st_1.png,3.0
110.png,110_len5_bd_3.png,1.8
325.png,325_len3_len6_bd_1.png,3.2
143.png,143_len5_len2_gb_1.png,3.2
219.png,219_len3_len5_st_1.png,2.444444444
333.png,333_len3_len5_gn_1.png,3.25
178.png,178_len4_gn_1.png,4.0
240.png,240_len5_len2_bd_2.png,2.5
172.png,172_len4_len1_gb_2.png,2.0
397.png,397_len6_gn_2.png,2.888888889
1.png,1_len3_len6_st_3.png,2.333333333
125.png,125_len2_gn_3.png,2.666666667
350.png,350_len2_len5_gb_1.png,3.2
14.png,14_len2_len6_bd_3.png,1.75
197.png,197_len1_st_3.png,2.2
138.png,138_len4_len1_gb_3.png,2.375
39.png,39_len3_gb_2.png,2.555555556
207.png,207_len1_bd_3.png,2.2
83.png,83_len5_len2_bd_3.png,1.7
68.png,68_len3_len5_gn_1.png,3.666666667
321.png,321_len2_bd_1.png,3.444444444
147.png,147_len5_len2_gb_2.png,2.1
181.png,181_len2_len5_gn_1.png,3.5
244.png,244_len4_len1_st_2.png,2.1
88.png,88_len3_st_1.png,3.0
38.png,38_len5_len1_gb_1.png,3.2
41.png,41_len3_bd_2.png,2.8
348.png,348_len3_bd_3.png,2.8
292.png,292_len5_gb_1.png,3.333333333
183.png,183_len2_bd_3.png,1.9
6.png,6_len4_bd_1.png,3.5
143.png,143_len5_gn_1.png,3.3
289.png,289_len4_len2_gb_1.png,3.3
34.png,34_len3_bd_3.png,2.3
14.png,14_len2_gn_2.png,3.375
428.png,428_len3_st_1.png,2.2
161.png,161_len4_len1_st_2.png,1.8
411.png,411_len4_gb_1.png,3.6
158.png,158_len2_len5_bd_2.png,2.7
92.png,92_len5_len1_st_2.png,1.666666667
113.png,113_len3_st_2.png,2.5
105.png,105_len5_len3_st_1.png,3.0
111.png,111_len5_len2_bd_3.png,2.2
159.png,159_len4_len1_st_3.png,2.555555556
292.png,292_len5_len3_bd_3.png,1.777777778
114.png,114_len1_st_2.png,2.0
422.png,422_len2_gn_2.png,3.0
46.png,46_len2_gb_2.png,2.5
283.png,283_len6_len4_bd_1.png,3.3
21.png,21_len6_len2_gb_1.png,2.8
154.png,154_len3_st_3.png,3.125
388.png,388_len3_bd_1.png,3.2
313.png,313_len2_len5_bd_1.png,2.8
365.png,365_len3_len6_bd_2.png,2.2
136.png,136_len4_len1_bd_2.png,2.2
190.png,190_len2_len5_gb_3.png,1.6
307.png,307_len4_bd_3.png,1.8
72.png,72_len6_len2_gn_3.png,2.1
6.png,6_len4_len1_st_3.png,1.777777778
202.png,202_len2_len5_bd_1.png,2.8
173.png,173_len4_len1_gb_1.png,3.1
74.png,74_len6_bd_3.png,2.2
221.png,221_len6_len3_st_3.png,2.1
218.png,218_len5_len2_st_3.png,1.9
257.png,257_len3_len6_bd_3.png,1.4
57.png,57_len1_gb_2.png,3.2
421.png,421_len3_gn_3.png,2.8
243.png,243_len1_len4_gn_1.png,3.0
7.png,7_len4_len1_gb_2.png,2.125
425.png,425_len3_gb_1.png,3.3
57.png,57_len1_len4_st_3.png,1.8
355.png,355_len3_len5_gb_2.png,2.75
378.png,378_len3_len5_gb_2.png,1.8
257.png,257_len3_bd_3.png,2.0
257.png,257_len3_len6_st_3.png,2.5
130.png,130_len2_gb_2.png,2.1
191.png,191_len2_len5_gn_2.png,2.777777778
6.png,6_len4_gn_2.png,3.3
330.png,330_len3_len5_st_2.png,2.666666667
12.png,12_len1_len4_gn_3.png,2.666666667
385.png,385_len5_bd_3.png,2.5
355.png,355_len3_st_1.png,2.222222222
219.png,219_len3_len5_gb_3.png,1.2
371.png,371_len3_bd_3.png,2.111111111
105.png,105_len5_gb_1.png,3.875
79.png,79_len1_len3_gn_1.png,3.5
81.png,81_len4_st_2.png,2.2
182.png,182_len1_len4_gb_1.png,3.0
182.png,182_len1_len4_bd_1.png,2.8
377.png,377_len4_st_3.png,2.222222222
251.png,251_len2_bd_2.png,2.6
72.png,72_len6_len2_gb_3.png,1.7
263.png,263_len3_len6_st_3.png,2.1
134.png,134_len4_st_2.png,3.222222222
336.png,336_len4_gb_2.png,3.333333333
40.png,40_len6_len3_gn_2.png,2.0
188.png,188_len2_gb_3.png,2.2
87.png,87_len3_gn_3.png,3.2
237.png,237_len3_len5_bd_2.png,2.1
148.png,148_len6_len3_bd_1.png,3.75
348.png,348_len3_len6_gn_1.png,3.2
268.png,268_len4_len1_st_1.png,2.555555556
330.png,330_len3_len5_gb_2.png,2.375
145.png,145_len6_bd_3.png,2.2
275.png,275_len3_len6_st_3.png,2.1
334.png,334_len2_bd_3.png,1.777777778
238.png,238_len5_bd_3.png,2.0
117.png,117_len3_len6_bd_2.png,2.4
229.png,229_len1_gn_2.png,3.2
153.png,153_len1_gn_2.png,3.222222222
92.png,92_len5_len1_gb_1.png,3.8
38.png,38_len5_len1_bd_3.png,2.4
155.png,155_len2_len5_gn_3.png,2.4
402.png,402_len3_len6_bd_1.png,2.888888889
316.png,316_len5_gn_3.png,3.555555556
13.png,13_len4_st_2.png,2.5
395.png,395_len3_len6_gn_1.png,3.5
223.png,223_len3_len6_bd_3.png,1.75
155.png,155_len2_st_3.png,1.7
23.png,23_len4_gb_1.png,3.666666667
241.png,241_len4_len1_gn_1.png,3.4
135.png,135_len5_len2_gn_3.png,2.0
307.png,307_len4_len2_gn_1.png,3.2
343.png,343_len3_len5_gb_1.png,3.1
426.png,426_len5_len2_bd_1.png,3.0
16.png,16_len5_gb_3.png,2.2
210.png,210_len1_bd_1.png,3.5
37.png,37_len5_len2_bd_1.png,3.0
346.png,346_len1_len3_bd_2.png,1.9
259.png,259_len5_st_1.png,2.8
233.png,233_len4_len1_st_1.png,2.777777778
310.png,310_len4_gn_1.png,3.5
59.png,59_len1_gn_2.png,2.8
395.png,395_len3_gb_2.png,3.222222222
416.png,416_len3_len6_st_2.png,2.2
176.png,176_len5_len2_st_2.png,2.0
135.png,135_len5_bd_2.png,2.444444444
41.png,41_len3_len6_gn_1.png,3.8
392.png,392_len5_st_1.png,3.0
221.png,221_len6_gb_1.png,4.0
199.png,199_len2_len5_gb_3.png,1.9
223.png,223_len3_bd_1.png,3.777777778
286.png,286_len2_gn_3.png,2.8
48.png,48_len4_len1_bd_1.png,3.333333333
347.png,347_len3_len6_gb_1.png,2.8
416.png,416_len3_st_1.png,3.1
100.png,100_len5_gn_1.png,3.555555556
212.png,212_len5_gb_2.png,2.8
348.png,348_len3_gn_2.png,3.111111111
227.png,227_len2_bd_2.png,2.2
27.png,27_len1_st_2.png,2.285714286
173.png,173_len4_st_3.png,2.0
54.png,54_len5_gn_3.png,3.0
307.png,307_len4_gb_1.png,3.3
162.png,162_len1_gb_1.png,4.125
143.png,143_len5_len2_gb_2.png,1.7
178.png,178_len4_bd_2.png,2.9
356.png,356_len6_st_3.png,1.8
352.png,352_len4_gn_2.png,3.3
372.png,372_len3_len5_st_1.png,2.2
113.png,113_len3_st_3.png,3.111111111
179.png,179_len1_gn_1.png,3.777777778
218.png,218_len5_len2_gb_3.png,1.875
295.png,295_len3_bd_1.png,3.0
363.png,363_len2_gn_1.png,3.2
222.png,222_len1_gb_1.png,3.7
299.png,299_len1_len4_st_2.png,2.2
185.png,185_len6_len3_bd_2.png,2.2
156.png,156_len1_len4_bd_2.png,2.2
45.png,45_len2_gn_3.png,2.5
171.png,171_len3_len6_gn_3.png,2.8
22.png,22_len1_gb_1.png,3.8
411.png,411_len4_len2_st_2.png,2.2
294.png,294_len2_len5_gb_2.png,1.8
23.png,23_len4_len1_bd_1.png,3.5
177.png,177_len3_gb_3.png,2.0
251.png,251_len2_len6_gb_1.png,3.1
54.png,54_len5_len2_gn_2.png,2.5
45.png,45_len2_len5_gn_2.png,3.0
231.png,231_len1_len4_st_3.png,2.0
1.png,1_len3_len6_st_1.png,2.6
428.png,428_len3_gn_3.png,2.8
378.png,378_len3_gn_2.png,2.8
143.png,143_len5_bd_3.png,2.0
309.png,309_len3_len6_gb_2.png,2.7
413.png,413_len2_len5_st_3.png,1.4
169.png,169_len6_len3_st_2.png,1.4
403.png,403_len3_bd_1.png,2.777777778
400.png,400_len2_len6_bd_3.png,2.0
366.png,366_len3_gn_3.png,3.0
262.png,262_len3_st_2.png,2.0
85.png,85_len2_bd_1.png,3.125
256.png,256_len4_len1_gn_2.png,2.2
276.png,276_len6_len3_gb_2.png,2.2
147.png,147_len5_len2_gb_1.png,3.0
306.png,306_len2_gb_2.png,2.8
369.png,369_len1_bd_2.png,2.666666667
93.png,93_len4_st_2.png,3.0
170.png,170_len2_gn_3.png,3.0
187.png,187_len5_bd_3.png,2.8
49.png,49_len5_len1_gn_3.png,2.8
73.png,73_len4_len1_gn_3.png,2.666666667
254.png,254_len1_len4_gb_2.png,2.4
384.png,384_len1_len4_st_3.png,2.3
296.png,296_len6_len2_gn_2.png,2.555555556
340.png,340_len3_len5_gn_3.png,2.444444444
97.png,97_len4_len1_st_3.png,2.5
229.png,229_len1_len5_gb_2.png,2.1
71.png,71_len4_len1_bd_3.png,2.2
115.png,115_len6_bd_3.png,1.8
43.png,43_len6_len4_bd_3.png,1.9
161.png,161_len4_len1_st_3.png,1.2
235.png,235_len6_len4_bd_1.png,3.0
399.png,399_len2_gn_3.png,3.1
202.png,202_len2_bd_3.png,2.1
54.png,54_len5_st_2.png,1.8
427.png,427_len2_len4_st_3.png,1.714285714
73.png,73_len4_len1_st_1.png,1.8
312.png,312_len5_len3_st_2.png,2.2
358.png,358_len6_len3_gn_2.png,2.625
21.png,21_len6_st_1.png,3.8
99.png,99_len6_len2_gn_1.png,3.4
262.png,262_len3_len6_bd_1.png,2.8
134.png,134_len4_st_1.png,3.3
302.png,302_len2_len6_bd_1.png,3.2
176.png,176_len5_gb_2.png,3.0
170.png,170_len2_len5_st_1.png,3.333333333
16.png,16_len5_len2_st_1.png,2.2
195.png,195_len4_bd_2.png,3.25
108.png,108_len3_len6_bd_1.png,3.2
412.png,412_len3_gb_3.png,3.222222222
246.png,246_len4_gb_2.png,3.555555556
290.png,290_len3_len5_gb_3.png,1.6
321.png,321_len2_len4_bd_1.png,3.2
250.png,250_len2_st_2.png,2.2
96.png,96_len2_len6_gn_2.png,2.7
201.png,201_len2_len5_gb_3.png,1.625
22.png,22_len1_len4_gn_3.png,2.777777778
112.png,112_len2_len4_st_2.png,3.0
388.png,388_len3_gn_2.png,3.1
5.png,5_len5_gn_2.png,3.2
97.png,97_len4_len1_gb_3.png,1.8
55.png,55_len5_len2_gb_2.png,2.5
193.png,193_len4_len6_bd_3.png,1.8
167.png,167_len4_st_2.png,2.555555556
34.png,34_len3_gb_2.png,2.4
405.png,405_len3_len6_gb_3.png,1.9
8.png,8_len1_len4_gn_3.png,2.222222222
200.png,200_len3_st_2.png,2.222222222
67.png,67_len2_gn_1.png,3.9
138.png,138_len4_gb_3.png,2.6
86.png,86_len4_st_1.png,3.1
423.png,423_len3_len6_st_2.png,3.0
415.png,415_len3_gb_2.png,2.777777778
363.png,363_len2_len6_bd_1.png,2.8
43.png,43_len6_len4_gb_3.png,1.6
318.png,318_len4_st_2.png,2.222222222
50.png,50_len6_len3_bd_2.png,2.6
49.png,49_len5_st_1.png,2.4
347.png,347_len3_st_2.png,3.0
215.png,215_len4_gb_2.png,3.111111111
47.png,47_len3_len5_bd_1.png,2.9
305.png,305_len2_len5_gb_3.png,1.8
107.png,107_len1_gb_3.png,2.8
287.png,287_len4_len1_bd_2.png,2.2
376.png,376_len3_bd_1.png,3.4
274.png,274_len3_gn_2.png,2.8
225.png,225_len3_len6_bd_1.png,2.4
84.png,84_len4_st_3.png,2.5
335.png,335_len5_gn_1.png,3.3
354.png,354_len5_bd_2.png,2.4
227.png,227_len2_len5_gb_1.png,3.777777778
328.png,328_len2_bd_1.png,2.7
224.png,224_len3_st_3.png,2.666666667
399.png,399_len2_len5_gb_1.png,2.888888889
394.png,394_len5_bd_3.png,2.777777778
405.png,405_len3_bd_3.png,1.888888889
76.png,76_len5_bd_3.png,2.2
67.png,67_len2_gb_3.png,2.8
271.png,271_len5_len2_gn_1.png,2.8
276.png,276_len6_st_3.png,3.0
228.png,228_len5_len2_st_2.png,2.375
100.png,100_len5_len2_st_1.png,2.9
239.png,239_len4_len1_st_2.png,2.9
51.png,51_len3_gb_2.png,2.8
254.png,254_len1_len4_gn_2.png,2.4
237.png,237_len3_gb_2.png,3.1
56.png,56_len1_bd_2.png,2.9
182.png,182_len1_len4_gb_3.png,2.222222222
151.png,151_len3_len1_gb_1.png,3.0
289.png,289_len4_len2_bd_2.png,2.555555556
428.png,428_len3_bd_2.png,3.111111111
360.png,360_len2_len6_bd_2.png,2.3
319.png,319_len3_len6_gn_1.png,2.9
80.png,80_len3_len5_gb_1.png,2.777777778
313.png,313_len2_gn_1.png,3.5
217.png,217_len2_len5_gn_2.png,3.2
107.png,107_len1_len4_gb_3.png,2.0
237.png,237_len3_len5_st_1.png,3.8
55.png,55_len5_len2_st_3.png,1.888888889
169.png,169_len6_len3_gb_1.png,3.25
132.png,132_len6_len3_gn_1.png,3.5
427.png,427_len4_gn_1.png,3.2
285.png,285_len1_len3_gn_2.png,2.555555556
313.png,313_len2_gb_2.png,2.7
43.png,43_len6_gb_3.png,2.2
169.png,169_len6_bd_1.png,3.111111111
70.png,70_len1_len4_gn_3.png,2.6
192.png,192_len1_gb_3.png,2.888888889
306.png,306_len2_len5_bd_2.png,2.125
354.png,354_len5_len3_gn_3.png,2.444444444
94.png,94_len5_bd_2.png,3.5
4.png,4_len3_len5_gb_3.png,2.0
175.png,175_len5_bd_1.png,3.3
423.png,423_len3_len6_bd_2.png,3.2
57.png,57_len1_gn_3.png,3.222222222
409.png,409_len2_gn_2.png,3.2
403.png,403_len3_gb_1.png,3.2
364.png,364_len3_bd_1.png,3.428571429
288.png,288_len4_len1_st_2.png,2.9
90.png,90_len5_len2_bd_3.png,2.3
275.png,275_len3_len6_st_1.png,3.125
144.png,144_len2_gn_2.png,3.444444444
146.png,146_len4_len1_gb_2.png,2.444444444
395.png,395_len3_st_3.png,2.777777778
150.png,150_len2_gb_3.png,2.6
401.png,401_len1_len4_st_3.png,2.0
96.png,96_len2_gb_2.png,2.888888889
280.png,280_len6_len3_st_3.png,1.888888889
356.png,356_len6_gb_2.png,2.7
319.png,319_len3_bd_1.png,3.1
323.png,323_len4_len1_gn_1.png,3.0
72.png,72_len6_bd_2.png,2.0
95.png,95_len4_gb_1.png,3.5
155.png,155_len2_len5_gn_1.png,3.125
303.png,303_len5_len2_bd_2.png,2.2
387.png,387_len1_len4_st_3.png,2.5
427.png,427_len2_len4_gb_2.png,2.3
287.png,287_len4_len1_st_1.png,2.8
205.png,205_len3_len6_gn_2.png,2.8
162.png,162_len1_len4_gb_1.png,3.222222222
181.png,181_len2_gb_2.png,3.2
271.png,271_len5_bd_1.png,3.0
268.png,268_len4_len1_gn_3.png,2.8
59.png,59_len1_st_1.png,3.0
30.png,30_len5_len3_st_1.png,3.1
265.png,265_len4_len1_bd_2.png,2.6
128.png,128_len6_len2_bd_1.png,3.8
264.png,264_len2_len4_gb_2.png,2.2
52.png,52_len1_st_3.png,2.0
352.png,352_len4_len1_st_3.png,1.9
173.png,173_len4_len1_gn_2.png,2.2
243.png,243_len1_bd_2.png,2.6
240.png,240_len5_len2_gn_2.png,2.888888889
186.png,186_len2_gb_3.png,3.0
37.png,37_len5_len2_gb_2.png,2.777777778
250.png,250_len2_st_1.png,3.3
142.png,142_len6_gn_1.png,3.8
62.png,62_len5_gb_3.png,2.777777778
306.png,306_len2_gn_3.png,2.75
212.png,212_len5_st_2.png,2.777777778
190.png,190_len2_len5_st_1.png,3.111111111
145.png,145_len6_len3_bd_1.png,2.555555556
176.png,176_len5_len2_gn_1.png,3.2
108.png,108_len3_bd_2.png,2.6
310.png,310_len4_len1_st_2.png,2.222222222
209.png,209_len3_st_1.png,3.555555556
122.png,122_len1_bd_3.png,1.8
334.png,334_len2_gb_1.png,3.444444444
308.png,308_len1_gb_3.png,2.333333333
12.png,12_len1_gb_1.png,3.8
351.png,351_len2_len6_bd_3.png,1.4
190.png,190_len2_len5_st_2.png,2.8
156.png,156_len1_len4_gb_3.png,1.8
16.png,16_len5_st_2.png,2.333333333
65.png,65_len4_len1_gb_3.png,2.125
261.png,261_len4_bd_3.png,1.8
240.png,240_len5_len2_st_3.png,2.333333333
273.png,273_len3_len6_gn_2.png,3.0
416.png,416_len3_bd_2.png,2.8
15.png,15_len2_len4_gb_2.png,2.2
351.png,351_len2_gb_2.png,2.8
33.png,33_len3_len6_gn_1.png,3.5
115.png,115_len6_st_1.png,3.5
82.png,82_len1_bd_3.png,2.5
285.png,285_len1_len3_st_2.png,2.0
179.png,179_len1_len4_bd_1.png,2.8
27.png,27_len1_bd_3.png,2.333333333
172.png,172_len4_bd_1.png,3.111111111
43.png,43_len6_len4_gn_2.png,2.9
352.png,352_len4_gn_1.png,3.4
338.png,338_len2_gb_3.png,2.5
238.png,238_len5_len2_bd_3.png,2.111111111
348.png,348_len3_gb_3.png,2.666666667
190.png,190_len2_gb_1.png,4.0
155.png,155_len2_gn_2.png,3.4
113.png,113_len3_gn_1.png,3.3
381.png,381_len1_gb_2.png,3.222222222
293.png,293_len6_len3_gn_1.png,3.4
218.png,218_len5_len2_gn_2.png,3.0
196.png,196_len2_gn_2.png,2.888888889
128.png,128_len6_gn_2.png,3.8
272.png,272_len3_len6_gn_3.png,2.222222222
137.png,137_len4_len1_gn_2.png,2.555555556
425.png,425_len6_len3_gb_1.png,2.8
304.png,304_len3_len6_st_2.png,2.333333333
62.png,62_len5_len2_bd_3.png,2.222222222
232.png,232_len2_len5_gb_1.png,3.8
57.png,57_len1_gn_1.png,4.0
413.png,413_len2_len5_gn_3.png,2.0
36.png,36_len1_gb_2.png,2.7
91.png,91_len4_len6_st_2.png,2.1
249.png,249_len2_gb_2.png,2.2
14.png,14_len2_gb_1.png,3.5
90.png,90_len5_len2_st_3.png,2.4
151.png,151_len3_gb_2.png,2.666666667
125.png,125_len2_len4_gb_1.png,3.0
321.png,321_len2_gn_1.png,3.9
157.png,157_len3_gb_2.png,2.888888889
98.png,98_len3_len6_gb_3.png,1.5
273.png,273_len3_gb_3.png,2.8
92.png,92_len5_gb_3.png,2.4
294.png,294_len2_len5_st_1.png,3.1
188.png,188_len2_len5_bd_3.png,1.777777778
85.png,85_len2_len5_bd_3.png,1.3
83.png,83_len5_len2_st_3.png,2.3
364.png,364_len3_len6_gn_2.png,2.5
141.png,141_len5_gb_3.png,1.8
196.png,196_len2_gb_2.png,3.0
392.png,392_len5_len2_gb_3.png,2.0
429.png,429_len1_gn_2.png,2.666666667
301.png,301_len2_st_2.png,1.8
220.png,220_len3_gn_1.png,3.0
316.png,316_len5_len2_gn_1.png,3.7
251.png,251_len2_bd_1.png,3.111111111
315.png,315_len6_gb_3.png,2.0
350.png,350_len2_len5_bd_1.png,3.5
426.png,426_len5_len2_gb_1.png,3.5
41.png,41_len3_gb_3.png,2.888888889
102.png,102_len2_len6_st_2.png,2.444444444
412.png,412_len3_len6_gb_2.png,2.4
101.png,101_len1_len4_gn_2.png,3.0
186.png,186_len2_len5_gb_2.png,2.625
190.png,190_len2_gb_3.png,2.444444444
404.png,404_len3_len1_gn_1.png,3.2
55.png,55_len5_bd_1.png,3.777777778
285.png,285_len1_len3_st_3.png,2.0
2.png,2_len2_len5_st_1.png,3.0
317.png,317_len5_len1_gb_2.png,2.5
334.png,334_len2_len4_gn_2.png,2.5
362.png,362_len2_gb_1.png,3.6
22.png,22_len1_len4_gn_1.png,3.111111111
357.png,357_len5_bd_1.png,2.888888889
18.png,18_len5_len3_gn_1.png,3.444444444
99.png,99_len6_len2_gb_2.png,2.7
42.png,42_len3_gb_2.png,2.555555556
195.png,195_len4_len1_gn_2.png,2.7
85.png,85_len2_len5_gn_2.png,3.0
202.png,202_len2_len5_bd_3.png,1.8
323.png,323_len4_len1_st_3.png,1.8
68.png,68_len3_st_2.png,2.2
44.png,44_len2_len6_st_2.png,2.375
143.png,143_len5_len2_gn_1.png,2.9
8.png,8_len1_len4_gb_3.png,2.0
36.png,36_len1_gb_1.png,3.375
43.png,43_len6_len4_gn_3.png,2.8
421.png,421_len3_len6_bd_3.png,2.3
6.png,6_len4_len1_bd_2.png,2.2
279.png,279_len5_bd_1.png,3.2
306.png,306_len2_st_2.png,2.1
316.png,316_len5_len2_st_2.png,1.8
404.png,404_len3_bd_3.png,2.0
70.png,70_len1_len4_gb_2.png,2.4
372.png,372_len3_gn_1.png,3.6
242.png,242_len1_st_1.png,3.333333333
79.png,79_len1_gb_2.png,3.222222222
184.png,184_len6_len3_gb_1.png,2.7
291.png,291_len3_len6_bd_3.png,2.2
189.png,189_len4_gb_1.png,3.111111111
302.png,302_len2_len6_st_1.png,3.0
39.png,39_len3_len1_bd_3.png,1.8
43.png,43_len6_len4_st_1.png,2.625
367.png,367_len2_len5_bd_2.png,2.333333333
74.png,74_len6_len2_bd_1.png,2.222222222
254.png,254_len1_gn_3.png,3.2
174.png,174_len6_st_3.png,2.8
60.png,60_len1_len4_gb_2.png,2.2
53.png,53_len4_len1_bd_2.png,2.444444444
354.png,354_len5_len3_gb_2.png,2.0
84.png,84_len4_gb_3.png,2.0
264.png,264_len2_st_1.png,3.3
363.png,363_len2_len6_gn_1.png,4.0
116.png,116_len6_len2_gn_1.png,3.777777778
110.png,110_len5_len2_gn_2.png,2.8
172.png,172_len4_gn_3.png,2.9
122.png,122_len1_len4_st_2.png,2.0
44.png,44_len2_st_1.png,3.0
248.png,248_len2_gb_3.png,2.6
330.png,330_len3_st_2.png,2.2
312.png,312_len5_st_1.png,3.222222222
317.png,317_len5_len1_st_1.png,2.2
236.png,236_len5_len2_st_1.png,2.8
358.png,358_len6_gb_3.png,2.4
131.png,131_len6_st_3.png,2.5
273.png,273_len3_len6_gb_1.png,3.0
401.png,401_len1_gb_1.png,3.0
105.png,105_len5_st_1.png,2.555555556
199.png,199_len2_gb_3.png,3.2
352.png,352_len4_gb_3.png,3.1
40.png,40_len6_len3_bd_1.png,3.0
152.png,152_len2_len5_bd_1.png,3.3
239.png,239_len4_bd_3.png,2.1
52.png,52_len1_bd_2.png,3.2
96.png,96_len2_len6_bd_2.png,1.9
33.png,33_len3_bd_3.png,2.4
75.png,75_len3_len1_bd_2.png,2.2
279.png,279_len5_len3_gb_2.png,2.666666667
243.png,243_len1_len4_gn_2.png,2.5
143.png,143_len5_len2_bd_2.png,2.2
186.png,186_len2_bd_2.png,2.7
378.png,378_len3_gn_1.png,3.4
411.png,411_len4_gb_3.png,2.8
168.png,168_len5_len2_bd_3.png,2.2
249.png,249_len2_bd_3.png,2.2
81.png,81_len4_st_3.png,2.222222222
275.png,275_len3_len6_gb_3.png,2.0
385.png,385_len5_gn_3.png,2.7
118.png,118_len3_gb_1.png,3.8
32.png,32_len2_len6_st_2.png,1.8
82.png,82_len1_gn_1.png,3.9
136.png,136_len4_len1_gb_1.png,3.0
23.png,23_len4_gb_2.png,2.8
150.png,150_len2_len5_gn_2.png,2.25
33.png,33_len3_len6_bd_2.png,1.9
274.png,274_len3_len5_st_3.png,2.0
377.png,377_len4_len2_gb_3.png,2.2
336.png,336_len4_st_2.png,2.666666667
322.png,322_len1_st_1.png,3.4
323.png,323_len4_gn_1.png,4.0
327.png,327_len5_len3_gn_2.png,2.3
117.png,117_len3_len6_bd_1.png,3.2
350.png,350_len2_len5_bd_3.png,1.5
160.png,160_len1_len4_st_1.png,4.2
185.png,185_len6_gn_1.png,3.9
124.png,124_len3_len6_gn_1.png,3.444444444
93.png,93_len4_gn_1.png,4.25
244.png,244_len4_len1_gb_3.png,1.8
98.png,98_len3_gn_2.png,2.857142857
331.png,331_len3_bd_1.png,3.2
259.png,259_len5_len2_st_2.png,2.555555556
63.png,63_len3_gb_3.png,2.8
339.png,339_len4_gn_3.png,2.75
195.png,195_len4_gb_3.png,2.2
174.png,174_len6_len3_gb_3.png,1.5
140.png,140_len4_len6_gb_3.png,2.333333333
106.png,106_len6_len2_bd_3.png,1.444444444
187.png,187_len5_len2_gn_1.png,3.0
135.png,135_len5_st_3.png,2.7
272.png,272_len3_len6_st_1.png,3.142857143
141.png,141_len5_len2_bd_1.png,2.555555556
328.png,328_len2_bd_2.png,3.0
341.png,341_len2_gn_2.png,2.555555556
210.png,210_len1_len5_gb_1.png,3.2
128.png,128_len6_gb_1.png,3.0
265.png,265_len4_len1_gn_2.png,1.888888889
135.png,135_len5_len2_st_1.png,3.222222222
20.png,20_len3_gb_3.png,2.5
163.png,163_len5_len2_gn_1.png,4.6
354.png,354_len5_len3_st_2.png,1.8
425.png,425_len6_len3_bd_1.png,3.25
341.png,341_len2_gn_3.png,2.2
134.png,134_len4_gn_2.png,3.2
222.png,222_len1_gn_2.png,3.142857143
188.png,188_len2_st_2.png,2.25
367.png,367_len2_len5_gn_2.png,3.111111111
45.png,45_len2_len5_bd_2.png,2.555555556
404.png,404_len3_st_3.png,2.3
8.png,8_len1_len4_st_3.png,1.8
28.png,28_len2_st_2.png,2.9
342.png,342_len3_len6_st_1.png,3.0
256.png,256_len4_gn_3.png,2.5
70.png,70_len1_len4_gb_3.png,2.0
165.png,165_len4_len1_bd_3.png,1.2
164.png,164_len6_len3_st_1.png,2.8
88.png,88_len3_len6_gn_2.png,2.666666667
82.png,82_len1_len3_gb_2.png,2.0
99.png,99_len6_len2_st_1.png,3.3
419.png,419_len5_len2_gn_1.png,3.5
244.png,244_len4_len1_gn_1.png,2.666666667
337.png,337_len3_len6_bd_3.png,2.2
226.png,226_len5_len2_gb_1.png,3.222222222
81.png,81_len4_gb_2.png,3.0
138.png,138_len4_bd_2.png,3.0
169.png,169_len6_st_1.png,3.3
272.png,272_len3_len6_bd_3.png,2.2
122.png,122_len1_len4_bd_3.png,1.8
90.png,90_len5_len2_gb_1.png,3.555555556
291.png,291_len3_len6_gb_2.png,2.4
300.png,300_len2_len5_gn_3.png,1.9
43.png,43_len6_gb_1.png,3.4
81.png,81_len4_gn_3.png,2.666666667
99.png,99_len6_len2_gb_3.png,1.8
306.png,306_len2_len5_bd_3.png,1.2
212.png,212_len5_len2_gb_3.png,2.2
71.png,71_len4_st_2.png,2.2
307.png,307_len4_len2_st_1.png,2.777777778
407.png,407_len3_st_2.png,3.0
405.png,405_len3_gb_3.png,2.8
56.png,56_len1_len4_bd_2.png,2.222222222
309.png,309_len3_len6_bd_1.png,3.0
234.png,234_len5_gb_3.png,2.0
153.png,153_len1_gb_1.png,3.4
110.png,110_len5_bd_1.png,3.0
388.png,388_len3_len6_gb_1.png,3.111111111
233.png,233_len4_len1_st_2.png,2.2
358.png,358_len6_gb_2.png,2.2
66.png,66_len4_gb_3.png,2.25
355.png,355_len3_len5_st_3.png,1.7
215.png,215_len4_st_1.png,3.3
384.png,384_len1_len4_gb_2.png,2.75
28.png,28_len2_len6_bd_1.png,3.4
425.png,425_len6_len3_gn_3.png,2.8
246.png,246_len4_bd_1.png,3.555555556
69.png,69_len4_len1_bd_2.png,1.7
191.png,191_len2_bd_1.png,2.857142857
336.png,336_len4_len1_bd_2.png,2.5
429.png,429_len3_len1_bd_3.png,1.2
23.png,23_len4_len1_gn_1.png,3.571428571
10.png,10_len5_gn_1.png,3.625
160.png,160_len1_len4_bd_2.png,2.111111111
88.png,88_len3_gn_3.png,3.2
158.png,158_len2_len5_gn_3.png,2.2
419.png,419_len5_len2_gb_3.png,2.0
135.png,135_len5_len2_bd_3.png,1.2
411.png,411_len4_len2_bd_3.png,1.6
376.png,376_len3_len1_bd_1.png,3.5
264.png,264_len2_len4_st_3.png,2.777777778
125.png,125_len2_st_1.png,3.7
236.png,236_len5_gb_2.png,2.7
292.png,292_len5_len3_st_3.png,2.6
172.png,172_len4_len1_gb_3.png,1.875
374.png,374_len1_gb_2.png,2.8
423.png,423_len3_len6_gn_1.png,3.5
298.png,298_len3_len1_gn_2.png,3.0
370.png,370_len2_gn_2.png,3.333333333
249.png,249_len2_st_2.png,1.888888889
361.png,361_len2_st_1.png,2.777777778
327.png,327_len5_bd_3.png,2.3
312.png,312_len5_gb_1.png,3.333333333
201.png,201_len2_gn_3.png,2.6
198.png,198_len2_st_3.png,2.444444444
322.png,322_len1_bd_3.png,2.75
168.png,168_len5_gb_3.png,2.2
345.png,345_len2_gb_3.png,2.666666667
213.png,213_len4_len1_gb_2.png,2.5
369.png,369_len1_gb_3.png,2.8
188.png,188_len2_gb_1.png,3.333333333
393.png,393_len3_gn_3.png,2.777777778
239.png,239_len4_len1_st_1.png,3.111111111
126.png,126_len1_len4_gn_1.png,4.2
326.png,326_len5_len2_bd_3.png,1.7
366.png,366_len3_len6_gn_1.png,3.5
123.png,123_len4_len1_gb_1.png,3.555555556
71.png,71_len4_len1_bd_2.png,2.2
36.png,36_len1_len5_gn_1.png,3.375
407.png,407_len3_len5_gn_2.png,2.444444444
220.png,220_len3_gn_3.png,2.8
186.png,186_len2_len5_bd_3.png,1.6
91.png,91_len4_len6_gb_2.png,2.9
34.png,34_len3_gb_3.png,3.0
256.png,256_len4_gn_2.png,3.0
172.png,172_len4_bd_3.png,2.666666667
81.png,81_len4_len6_gn_3.png,2.2
110.png,110_len5_len2_st_1.png,2.8
10.png,10_len5_len3_st_1.png,2.5
20.png,20_len3_len6_st_3.png,2.5
78.png,78_len4_gb_1.png,3.5
286.png,286_len2_st_3.png,1.8
206.png,206_len2_len5_gb_3.png,1.6
346.png,346_len1_bd_2.png,3.2
226.png,226_len5_gb_1.png,3.5
232.png,232_len2_st_1.png,3.666666667
272.png,272_len3_gb_1.png,3.6
87.png,87_len3_gn_1.png,3.5
352.png,352_len4_bd_2.png,3.0
300.png,300_len2_bd_2.png,2.444444444
297.png,297_len2_len4_gn_1.png,3.125
187.png,187_len5_gb_3.png,2.0
328.png,328_len2_len5_gn_1.png,2.777777778
275.png,275_len3_st_2.png,2.8
289.png,289_len4_gn_3.png,2.555555556
352.png,352_len4_len1_gb_3.png,2.0
73.png,73_len4_st_1.png,2.444444444
392.png,392_len5_len2_gb_1.png,3.6
119.png,119_len3_gb_2.png,3.4
184.png,184_len6_gb_1.png,3.2
303.png,303_len5_len2_gn_2.png,2.7
404.png,404_len3_gb_1.png,2.9
197.png,197_len1_len4_bd_3.png,2.111111111
100.png,100_len5_gn_2.png,3.125
238.png,238_len5_len2_bd_1.png,3.2
341.png,341_len2_gb_1.png,3.666666667
68.png,68_len3_bd_1.png,3.4
284.png,284_len1_bd_3.png,2.0
266.png,266_len2_len5_bd_2.png,1.8
58.png,58_len2_gn_3.png,2.875
309.png,309_len3_bd_3.png,2.5
29.png,29_len6_len2_gn_3.png,3.2
192.png,192_len1_bd_3.png,2.2
354.png,354_len5_bd_1.png,3.2
169.png,169_len6_len3_gb_3.png,1.8
386.png,386_len5_len3_st_2.png,2.8
357.png,357_len5_gn_1.png,2.8
85.png,85_len2_st_2.png,2.7
186.png,186_len2_len5_st_1.png,2.2
139.png,139_len6_gb_1.png,3.25
15.png,15_len2_len4_gn_3.png,2.2
373.png,373_len2_len4_gn_2.png,3.0
140.png,140_len4_len6_bd_3.png,1.9
175.png,175_len5_st_3.png,3.2
24.png,24_len2_len6_bd_2.png,2.5
64.png,64_len1_bd_3.png,2.75
320.png,320_len3_st_3.png,2.2
427.png,427_len2_len4_gn_1.png,3.2
271.png,271_len5_gn_1.png,3.8
73.png,73_len4_st_3.png,2.1
370.png,370_len2_len6_gn_3.png,1.666666667
246.png,246_len4_gb_1.png,3.9
77.png,77_len5_len2_st_1.png,2.2
357.png,357_len5_gn_2.png,2.8
215.png,215_len4_bd_1.png,3.6
384.png,384_len1_len4_gb_1.png,3.4
12.png,12_len1_len4_gb_2.png,2.8
354.png,354_len5_gb_1.png,3.3
200.png,200_len3_len6_bd_3.png,2.0
166.png,166_len4_st_1.png,3.9
334.png,334_len2_gn_1.png,3.8
413.png,413_len2_bd_3.png,2.0
205.png,205_len3_gn_2.png,3.6
345.png,345_len2_len5_gn_1.png,3.1
317.png,317_len5_len1_gb_3.png,2.2
339.png,339_len4_st_1.png,2.8
288.png,288_len4_len1_bd_3.png,1.444444444
405.png,405_len3_gn_1.png,3.8
141.png,141_len5_len2_bd_3.png,1.555555556
345.png,345_len2_st_2.png,2.2
97.png,97_len4_len1_bd_2.png,2.6
274.png,274_len3_len5_st_2.png,2.555555556
188.png,188_len2_len5_st_3.png,1.7
346.png,346_len1_gn_1.png,3.375
5.png,5_len5_len3_st_1.png,2.8
290.png,290_len3_len5_gn_1.png,3.8
199.png,199_len2_len5_gn_2.png,2.222222222
61.png,61_len4_st_1.png,3.555555556
187.png,187_len5_len2_bd_2.png,2.8
165.png,165_len4_st_3.png,2.666666667
123.png,123_len4_len1_bd_2.png,2.7
394.png,394_len5_len2_gn_3.png,3.2
276.png,276_len6_len3_bd_2.png,2.111111111
329.png,329_len3_gb_1.png,3.0
303.png,303_len5_len2_gb_2.png,2.9
113.png,113_len3_gn_2.png,3.3
277.png,277_len4_gb_1.png,3.3
52.png,52_len1_len4_gn_3.png,2.2
241.png,241_len4_gn_1.png,3.9
6.png,6_len4_st_3.png,2.444444444
73.png,73_len4_gb_2.png,2.8
325.png,325_len3_st_3.png,2.5
220.png,220_len3_st_3.png,2.555555556
104.png,104_len1_bd_2.png,3.2
398.png,398_len1_gb_2.png,3.2
218.png,218_len5_len2_gn_3.png,2.4
295.png,295_len3_len6_gn_2.png,2.777777778
374.png,374_len1_gn_2.png,3.111111111
331.png,331_len3_st_1.png,2.9
159.png,159_len4_bd_2.png,2.8
235.png,235_len6_len4_gb_1.png,3.3
399.png,399_len2_len5_gn_1.png,3.0
363.png,363_len2_bd_2.png,3.2
238.png,238_len5_bd_1.png,3.2
1.png,1_len3_len6_gn_3.png,2.777777778
403.png,403_len3_len6_gn_3.png,2.5
158.png,158_len2_gb_3.png,2.7
290.png,290_len3_st_1.png,3.2
74.png,74_len6_st_2.png,2.2
274.png,274_len3_len5_gn_2.png,2.6
261.png,261_len4_bd_1.png,3.0
238.png,238_len5_st_1.png,2.555555556
347.png,347_len3_len6_gb_3.png,1.7
318.png,318_len4_len6_gn_2.png,2.888888889
17.png,17_len1_bd_3.png,2.777777778
367.png,367_len2_len5_gn_3.png,2.6
332.png,332_len4_gb_1.png,3.625
383.png,383_len3_len1_bd_1.png,3.875
121.png,121_len1_len5_st_3.png,1.7
391.png,391_len4_len1_gb_1.png,3.625
82.png,82_len1_st_3.png,3.6
277.png,277_len4_gn_3.png,2.875
64.png,64_len1_gb_1.png,3.5
215.png,215_len4_len1_gb_3.png,2.3
122.png,122_len1_st_1.png,3.111111111
343.png,343_len3_len5_gb_3.png,2.0
36.png,36_len1_gn_3.png,2.7
34.png,34_len3_len1_bd_1.png,3.8
429.png,429_len3_len1_st_1.png,2.777777778
397.png,397_len6_gb_1.png,3.444444444
278.png,278_len6_len2_st_3.png,1.9
377.png,377_len4_bd_2.png,2.2
337.png,337_len3_len6_gn_2.png,2.4
116.png,116_len6_len2_gn_2.png,2.375
78.png,78_len4_len6_st_3.png,1.666666667
84.png,84_len4_st_2.png,2.666666667
269.png,269_len3_len5_gn_1.png,3.4
287.png,287_len4_gb_2.png,3.2
325.png,325_len3_bd_1.png,3.444444444
114.png,114_len1_len4_bd_2.png,1.9
173.png,173_len4_len1_st_1.png,2.0
18.png,18_len5_bd_1.png,3.222222222
368.png,368_len3_st_3.png,2.8
167.png,167_len4_bd_2.png,2.6
238.png,238_len5_st_2.png,2.2
375.png,375_len1_bd_3.png,2.5
238.png,238_len5_gb_2.png,3.222222222
296.png,296_len6_len2_gn_3.png,2.2
85.png,85_len2_gn_3.png,2.666666667
18.png,18_len5_len3_bd_1.png,2.444444444
260.png,260_len4_len6_gb_1.png,3.1
304.png,304_len3_gn_3.png,3.111111111
336.png,336_len4_st_1.png,3.3
288.png,288_len4_st_3.png,2.777777778
405.png,405_len3_len6_st_2.png,2.2
79.png,79_len1_len3_st_3.png,1.666666667
240.png,240_len5_len2_gn_3.png,2.666666667
402.png,402_len3_gb_3.png,2.4
43.png,43_len6_st_3.png,2.555555556
58.png,58_len2_len4_st_3.png,1.5
422.png,422_len2_len5_gn_3.png,2.8
30.png,30_len5_st_3.png,3.0
144.png,144_len2_len5_st_2.png,2.8
378.png,378_len3_bd_3.png,2.4
399.png,399_len2_gn_2.png,2.8
412.png,412_len3_st_2.png,1.8
416.png,416_len3_bd_1.png,3.4
154.png,154_len3_gn_1.png,3.888888889
355.png,355_len3_len5_gb_3.png,2.2
79.png,79_len1_bd_1.png,3.7
52.png,52_len1_len4_gb_2.png,2.1
32.png,32_len2_len6_bd_2.png,2.3
74.png,74_len6_st_3.png,1.625
414.png,414_len2_len5_gb_2.png,2.5
339.png,339_len4_gb_1.png,3.444444444
38.png,38_len5_len1_st_3.png,1.714285714
67.png,67_len2_st_3.png,1.8
133.png,133_len1_len4_bd_2.png,2.6
187.png,187_len5_len2_gn_3.png,3.2
1.png,1_len3_gb_1.png,3.3
402.png,402_len3_len6_gn_3.png,2.2
165.png,165_len4_len1_gn_1.png,2.8
300.png,300_len2_len5_st_2.png,2.7
323.png,323_len4_gb_2.png,2.8
132.png,132_len6_bd_1.png,3.111111111
99.png,99_len6_gb_3.png,2.333333333
122.png,122_len1_gb_3.png,2.8
108.png,108_len3_len6_gb_1.png,3.4
398.png,398_len1_bd_1.png,3.4
162.png,162_len1_len4_bd_1.png,3.3
176.png,176_len5_st_2.png,2.2
222.png,222_len1_len4_gb_2.png,1.8
403.png,403_len3_bd_3.png,2.4
134.png,134_len4_len1_gn_3.png,2.444444444
124.png,124_len3_gn_2.png,2.666666667
51.png,51_len3_gn_1.png,3.111111111
423.png,423_len3_len6_st_3.png,2.3
175.png,175_len5_gn_1.png,4.0
106.png,106_len6_len2_st_1.png,2.0
289.png,289_len4_gn_1.png,3.333333333
147.png,147_len5_len2_st_2.png,2.7
79.png,79_len1_gn_2.png,2.8
40.png,40_len6_len3_gb_1.png,3.2
278.png,278_len6_len2_bd_1.png,3.0
133.png,133_len1_len4_bd_3.png,2.0
154.png,154_len3_len6_gn_1.png,3.6
50.png,50_len6_len3_gn_1.png,3.0
359.png,359_len4_gb_2.png,3.125
275.png,275_len3_len6_bd_3.png,1.5
291.png,291_len3_len6_gn_2.png,3.111111111
317.png,317_len5_st_3.png,2.0
66.png,66_len4_st_1.png,3.3
390.png,390_len2_gn_1.png,3.777777778
391.png,391_len4_gn_3.png,2.8
406.png,406_len5_len3_gb_2.png,1.9
383.png,383_len3_len1_st_2.png,3.0
55.png,55_len5_len2_bd_3.png,2.1
40.png,40_len6_len3_bd_3.png,1.8
78.png,78_len4_len6_st_1.png,3.1
208.png,208_len4_bd_1.png,3.111111111
170.png,170_len2_len5_gb_2.png,2.75
1.png,1_len3_len6_st_2.png,2.5
228.png,228_len5_bd_1.png,4.0
83.png,83_len5_gb_3.png,2.4
91.png,91_len4_gn_3.png,3.2
416.png,416_len3_gb_1.png,3.0
423.png,423_len3_len6_st_1.png,3.125
380.png,380_len2_st_2.png,2.7
359.png,359_len4_st_2.png,2.222222222
279.png,279_len5_gb_3.png,2.375
225.png,225_len3_len6_st_2.png,1.875
61.png,61_len4_gn_2.png,3.111111111
391.png,391_len4_st_1.png,3.5
47.png,47_len3_gn_2.png,3.0
340.png,340_len3_len5_st_3.png,1.8
61.png,61_len4_bd_3.png,2.333333333
79.png,79_len1_st_2.png,1.7
366.png,366_len3_gb_2.png,3.2
17.png,17_len1_gn_3.png,3.2
176.png,176_len5_len2_bd_3.png,1.2
426.png,426_len2_gn_2.png,3.2
400.png,400_len2_gn_2.png,2.8
51.png,51_len3_len1_bd_1.png,2.4
276.png,276_len6_len_3_st_3.png,2.111111111
28.png,28_len2_bd_2.png,3.444444444
381.png,381_len1_gb_3.png,2.7
120.png,120_len1_len4_st_1.png,2.5
155.png,155_len2_len5_bd_1.png,3.111111111
250.png,250_len2_bd_3.png,2.375
35.png,35_len4_len1_gb_1.png,4.2
199.png,199_len2_len5_st_1.png,2.4
172.png,172_len4_gb_2.png,2.555555556
248.png,248_len2_gn_3.png,2.8
203.png,203_len6_st_1.png,3.125
330.png,330_len3_gb_2.png,3.2
393.png,393_len3_st_1.png,3.9
340.png,340_len3_len5_gb_2.png,3.1
171.png,171_len3_len6_gb_2.png,2.5
93.png,93_len4_len1_bd_1.png,3.8
316.png,316_len5_bd_3.png,2.777777778
48.png,48_len4_len1_gn_1.png,3.9
321.png,321_len2_len4_bd_2.png,2.8
17.png,17_len1_len3_bd_1.png,3.8
72.png,72_len6_gn_2.png,3.0
314.png,314_len5_gb_2.png,2.8
119.png,119_len3_len6_st_2.png,1.8
311.png,311_len5_gn_3.png,3.0
131.png,131_len6_len3_st_3.png,2.1
230.png,230_len3_len6_gn_1.png,3.8
277.png,277_len4_len1_gn_3.png,2.2
336.png,336_len4_len1_gn_2.png,3.333333333
5.png,5_len5_bd_2.png,3.555555556
56.png,56_len1_st_2.png,2.8
182.png,182_len1_len4_bd_3.png,1.9
6.png,6_len4_st_1.png,2.8
313.png,313_len2_len5_gb_3.png,2.333333333
68.png,68_len3_st_1.png,2.7
115.png,115_len6_len3_gb_3.png,2.2
176.png,176_len5_len2_st_1.png,2.9
295.png,295_len3_gn_1.png,3.222222222
320.png,320_len3_len6_gn_1.png,2.9
92.png,92_len5_bd_1.png,3.333333333
149.png,149_len3_len6_bd_3.png,1.75
425.png,425_len6_len3_bd_3.png,1.5
193.png,193_len4_bd_1.png,2.888888889
260.png,260_len4_gn_3.png,2.8
16.png,16_len5_len2_gb_1.png,2.888888889
84.png,84_len4_len1_gn_2.png,2.8
139.png,139_len6_len3_bd_3.png,2.0
56.png,56_len1_len4_bd_3.png,1.4
291.png,291_len3_bd_3.png,2.4
150.png,150_len2_gn_1.png,4.2
404.png,404_len3_gb_2.png,2.6
118.png,118_len3_len6_st_2.png,2.7
206.png,206_len2_bd_3.png,1.7
47.png,47_len3_gb_1.png,3.5
162.png,162_len1_len4_st_2.png,2.375
85.png,85_len2_gn_2.png,2.9
144.png,144_len2_len5_gn_3.png,3.1
196.png,196_len2_gn_3.png,2.444444444
146.png,146_len4_gn_1.png,3.4
335.png,335_len5_len3_gn_2.png,3.2
51.png,51_len3_len1_gb_3.png,2.0
305.png,305_len2_st_1.png,2.8
76.png,76_len5_gn_3.png,3.3
396.png,396_len4_gb_2.png,3.2
116.png,116_len6_st_3.png,2.3
409.png,409_len2_len5_bd_2.png,3.222222222
396.png,396_len4_st_3.png,2.4
133.png,133_len1_gb_1.png,3.3
211.png,211_len6_st_2.png,2.555555556
298.png,298_len3_gb_2.png,2.8
292.png,292_len5_gb_3.png,2.0
304.png,304_len3_len6_bd_1.png,2.8
120.png,120_len1_len4_gb_2.png,2.2
296.png,296_len6_len2_bd_3.png,1.222222222
143.png,143_len5_gb_2.png,1.8
93.png,93_len4_st_3.png,1.8
26.png,26_len3_len6_gb_2.png,2.6
339.png,339_len4_len1_st_1.png,2.777777778
74.png,74_len6_gn_1.png,2.333333333
228.png,228_len5_gn_1.png,3.2
247.png,247_len1_bd_1.png,2.8
211.png,211_len6_len3_bd_2.png,1.7
257.png,257_len3_gb_1.png,2.333333333
222.png,222_len1_len4_st_2.png,2.1
337.png,337_len3_len6_gb_3.png,1.9
327.png,327_len5_len3_bd_2.png,2.8
412.png,412_len3_len6_bd_3.png,2.1
395.png,395_len3_len6_gb_2.png,3.2
98.png,98_len3_gb_2.png,3.0
198.png,198_len2_len5_gn_1.png,3.8
206.png,206_len2_gb_3.png,2.3
249.png,249_len2_st_3.png,1.6
210.png,210_len1_len5_st_2.png,3.0
34.png,34_len3_len1_st_2.png,2.75
295.png,295_len3_len6_gb_3.png,2.0
358.png,358_len6_bd_2.png,3.0
421.png,421_len3_len6_gn_3.png,2.333333333
398.png,398_len1_len4_gb_1.png,3.2
397.png,397_len6_st_3.png,2.5
235.png,235_len6_len4_bd_2.png,2.8
6.png,6_len4_len1_st_1.png,2.333333333
414.png,414_len2_bd_2.png,2.8
197.png,197_len1_len4_st_2.png,1.4
19.png,19_len2_len6_gb_3.png,2.4
21.png,21_len6_st_2.png,3.111111111
188.png,188_len2_len5_gn_2.png,2.7
407.png,407_len3_st_1.png,3.1
28.png,28_len2_len6_st_3.png,2.2
141.png,141_len5_bd_1.png,3.0
261.png,261_len4_len1_bd_3.png,1.7
321.png,321_len2_len4_bd_3.png,2.1
367.png,367_len2_gb_3.png,2.5
179.png,179_len1_st_1.png,3.1
339.png,339_len4_len1_bd_1.png,3.375
193.png,193_len4_gb_2.png,2.7
287.png,287_len4_st_2.png,3.125
177.png,177_len3_gn_2.png,2.666666667
415.png,415_len3_len5_st_2.png,2.2
60.png,60_len1_len4_bd_3.png,2.0
398.png,398_len1_len4_gb_2.png,2.2
4.png,4_len3_len5_st_1.png,3.555555556
376.png,376_len3_bd_2.png,3.1
109.png,109_len3_len6_bd_2.png,2.625
139.png,139_len6_gb_3.png,2.3
351.png,351_len2_gn_2.png,3.2
173.png,173_len4_len1_bd_1.png,3.4
13.png,13_len4_len1_bd_3.png,1.714285714
298.png,298_len3_len1_st_2.png,2.2
153.png,153_len1_len4_gb_1.png,2.75
67.png,67_len2_len5_st_1.png,3.125
182.png,182_len1_len4_st_2.png,2.3
127.png,127_len1_bd_2.png,2.714285714
142.png,142_len6_len3_st_3.png,1.9
378.png,378_len3_len5_bd_2.png,2.8
247.png,247_len1_gn_2.png,3.375
419.png,419_len5_gn_3.png,3.1
292.png,292_len5_st_2.png,2.9
398.png,398_len1_gn_1.png,3.8
168.png,168_len5_bd_3.png,2.0
40.png,40_len6_st_1.png,2.8
19.png,19_len2_len6_st_1.png,2.8
370.png,370_len2_len6_bd_3.png,1.6
384.png,384_len1_gn_3.png,2.666666667
386.png,386_len5_len3_st_3.png,2.5
231.png,231_len1_len4_bd_1.png,2.8
420.png,420_len3_bd_3.png,2.222222222
13.png,13_len4_gb_3.png,2.8
329.png,329_len3_st_1.png,3.222222222
186.png,186_len2_bd_1.png,3.4
418.png,418_len5_gb_2.png,3.5
199.png,199_len2_st_1.png,2.666666667
112.png,112_len2_bd_2.png,2.666666667
1.png,1_len3_len6_bd_1.png,2.8
212.png,212_len5_gb_1.png,3.7
197.png,197_len1_gb_1.png,3.666666667
293.png,293_len6_len3_st_3.png,2.555555556
181.png,181_len2_st_3.png,2.8
342.png,342_len3_len6_gb_2.png,2.8
24.png,24_len2_gn_2.png,3.0
154.png,154_len3_len6_gb_1.png,3.4
426.png,426_len5_len2_st_2.png,2.6
196.png,196_len2_bd_1.png,3.5
401.png,401_len1_len4_gn_3.png,3.0
47.png,47_len3_gb_2.png,2.5
95.png,95_len4_gn_2.png,3.111111111
117.png,117_len3_len6_gn_2.png,2.6
429.png,429_len3_len1_gn_3.png,2.7
325.png,325_len3_len6_st_2.png,3.2
412.png,412_len3_bd_2.png,3.2
240.png,240_len5_gn_2.png,2.9
377.png,377_len4_len2_bd_1.png,2.555555556
336.png,336_len4_len1_gn_1.png,3.333333333
59.png,59_len1_len5_gb_1.png,3.7
374.png,374_len1_st_3.png,2.2
335.png,335_len5_len3_bd_3.png,1.888888889
322.png,322_len1_st_2.png,2.777777778
193.png,193_len4_len6_gb_1.png,3.375
100.png,100_len5_st_2.png,2.777777778
179.png,179_len1_bd_3.png,2.2
162.png,162_len1_st_1.png,3.222222222
152.png,152_len2_gn_3.png,2.875
165.png,165_len4_len1_st_3.png,2.222222222
241.png,241_len4_len1_bd_2.png,2.111111111
258.png,258_len2_gn_2.png,3.0
254.png,254_len1_bd_3.png,2.333333333
348.png,348_len3_gb_1.png,3.4
271.png,271_len5_st_2.png,2.5
233.png,233_len4_len1_bd_1.png,3.2
363.png,363_len2_len6_st_2.png,2.777777778
7.png,7_len4_gb_1.png,3.5
124.png,124_len3_st_2.png,2.75
33.png,33_len3_st_1.png,3.8
383.png,383_len3_len1_gn_1.png,3.875
88.png,88_len3_st_3.png,2.0
36.png,36_len1_len5_gb_2.png,2.1
410.png,410_len1_gb_2.png,3.2
38.png,38_len5_len1_gn_3.png,3.2
77.png,77_len5_len2_bd_1.png,3.0
284.png,284_len1_gb_1.png,3.4
45.png,45_len2_len5_gb_2.png,2.4
300.png,300_len2_len5_gb_2.png,2.222222222
364.png,364_len3_st_3.png,1.8
182.png,182_len1_bd_1.png,3.444444444
126.png,126_len1_len4_gb_2.png,1.8
193.png,193_len4_len6_gb_2.png,1.625
369.png,369_len1_bd_1.png,3.0
336.png,336_len4_gb_1.png,3.6
286.png,286_len2_st_1.png,2.9
323.png,323_len4_len1_st_1.png,2.555555556
272.png,272_len3_st_3.png,2.666666667
318.png,318_len4_bd_1.png,2.9
385.png,385_len5_len2_bd_1.png,3.2
11.png,11_len3_len5_gn_3.png,3.2
24.png,24_len2_st_3.png,3.3
83.png,83_len5_bd_2.png,2.9
12.png,12_len1_len4_gb_1.png,3.3
419.png,419_len5_st_2.png,3.25
310.png,310_len4_len1_gn_1.png,3.2
325.png,325_len3_bd_3.png,1.8
241.png,241_len4_gb_1.png,3.444444444
183.png,183_len2_len5_gb_1.png,3.125
95.png,95_len4_st_3.png,1.888888889
261.png,261_len4_len1_gb_2.png,2.2
362.png,362_len2_len5_st_2.png,2.222222222
16.png,16_len5_gb_1.png,3.0
87.png,87_len3_st_2.png,3.0
190.png,190_len2_bd_1.png,3.777777778
244.png,244_len4_st_3.png,2.5
147.png,147_len5_st_2.png,3.0
382.png,382_len4_len1_gn_2.png,2.666666667
345.png,345_len2_gn_2.png,3.111111111
304.png,304_len3_len6_gn_1.png,3.2
70.png,70_len1_len4_bd_1.png,3.2
307.png,307_len4_len2_gb_3.png,1.875
300.png,300_len2_bd_3.png,2.2
270.png,270_len1_len4_st_2.png,3.2
114.png,114_len1_gb_3.png,2.3
9.png,9_len6_gn_2.png,3.4
106.png,106_len6_gb_1.png,3.0
163.png,163_len5_len2_bd_1.png,3.6
55.png,55_len5_gn_2.png,3.2
388.png,388_len3_len6_st_1.png,3.2
393.png,393_len3_len6_gb_1.png,3.2
230.png,230_len3_bd_1.png,3.222222222
223.png,223_len3_gn_2.png,3.1
286.png,286_len2_len6_st_3.png,1.875
334.png,334_len2_len4_gb_3.png,1.8
57.png,57_len1_st_2.png,2.8
415.png,415_len3_gn_3.png,2.444444444
248.png,248_len2_len5_gb_3.png,2.3
43.png,43_len6_len4_bd_2.png,2.375
403.png,403_len3_len6_gn_2.png,3.0
103.png,103_len1_gn_1.png,3.375
367.png,367_len2_gn_3.png,3.222222222
185.png,185_len6_len3_gn_1.png,3.8
420.png,420_len3_gn_1.png,3.2
98.png,98_len3_len6_st_1.png,2.3
380.png,380_len2_len6_bd_3.png,2.2
186.png,186_len2_st_3.png,1.8
405.png,405_len3_len6_bd_3.png,1.7
247.png,247_len1_len5_bd_1.png,3.444444444
370.png,370_len2_bd_2.png,2.7
79.png,79_len1_len3_bd_2.png,2.375
237.png,237_len3_gn_2.png,3.2
46.png,46_len2_len6_st_2.png,2.9
336.png,336_len4_gn_3.png,3.0
115.png,115_len6_gn_3.png,2.2
21.png,21_len6_st_3.png,2.8
100.png,100_len5_len2_gn_2.png,3.0
259.png,259_len5_bd_1.png,3.5
200.png,200_len3_gn_3.png,2.75
331.png,331_len3_len5_st_3.png,1.555555556
231.png,231_len1_len4_gb_2.png,2.125
379.png,379_len5_bd_3.png,1.8
282.png,282_len1_len4_gn_1.png,3.2
122.png,122_len1_len4_gn_3.png,2.666666667
73.png,73_len4_len1_bd_2.png,2.3
319.png,319_len3_len6_st_2.png,1.5
39.png,39_len3_len1_gn_3.png,2.375
321.png,321_len2_gn_2.png,2.8
18.png,18_len5_gb_1.png,2.375
327.png,327_len5_len3_gb_1.png,3.555555556
280.png,280_len6_st_2.png,2.2
47.png,47_len3_len5_gn_3.png,2.222222222
273.png,273_len3_gn_3.png,2.444444444
106.png,106_len6_len2_st_2.png,2.125
94.png,94_len5_len2_gn_1.png,3.8
78.png,78_len4_len6_gb_3.png,2.2
91.png,91_len4_len6_bd_1.png,3.375
378.png,378_len3_len5_gb_1.png,3.444444444
339.png,339_len4_len1_st_3.png,2.142857143
308.png,308_len1_st_2.png,2.6
326.png,326_len5_gn_2.png,3.2
400.png,400_len2_bd_2.png,3.0
388.png,388_len3_gn_1.png,4.0
356.png,356_len6_bd_2.png,3.2
392.png,392_len5_gn_1.png,3.4
282.png,282_len1_len4_gb_2.png,2.625
187.png,187_len5_len2_gb_2.png,2.4
346.png,346_len1_len3_st_3.png,2.2
398.png,398_len1_bd_3.png,2.2
269.png,269_len3_len5_gn_3.png,2.571428571
23.png,23_len4_len1_st_3.png,2.3
330.png,330_len3_len5_st_3.png,1.8
159.png,159_len4_len1_gb_2.png,2.2
178.png,178_len4_gb_2.png,2.888888889
129.png,129_len2_st_3.png,2.2
314.png,314_len5_gb_3.png,2.75
396.png,396_len4_st_2.png,2.8
396.png,396_len4_len6_bd_1.png,2.555555556
224.png,224_len3_len6_gb_3.png,2.2
270.png,270_len1_gb_3.png,2.3
64.png,64_len1_gn_2.png,3.3
224.png,224_len3_gb_2.png,3.2
153.png,153_len1_len4_bd_3.png,1.6
152.png,152_len2_len5_gb_3.png,1.9
360.png,360_len2_len6_gn_2.png,2.444444444
313.png,313_len2_gn_2.png,3.0
162.png,162_len1_gn_1.png,3.5
35.png,35_len4_len1_st_2.png,2.6
340.png,340_len3_st_2.png,3.0
145.png,145_len6_gb_1.png,3.3
305.png,305_len2_bd_1.png,3.2
291.png,291_len3_len6_gb_3.png,2.0
295.png,295_len3_len6_gn_1.png,3.777777778
126.png,126_len1_len4_gn_3.png,2.444444444
55.png,55_len5_len2_gn_1.png,3.3
345.png,345_len2_st_1.png,2.8
93.png,93_len4_gn_2.png,3.2
344.png,344_len2_gn_3.png,2.571428571
36.png,36_len1_bd_3.png,2.375
427.png,427_len2_len4_bd_1.png,2.6
349.png,349_len3_len5_bd_2.png,2.222222222
44.png,44_len2_len6_bd_1.png,2.8
264.png,264_len2_gb_3.png,2.3
171.png,171_len3_len6_gb_1.png,3.1
67.png,67_len2_len5_gn_3.png,2.8
194.png,194_len4_st_2.png,2.333333333
323.png,323_len4_len1_st_2.png,1.8
214.png,214_len3_len6_gb_1.png,3.2
317.png,317_len5_len1_gn_3.png,2.222222222
132.png,132_len6_gb_3.png,2.888888889
39.png,39_len3_st_3.png,2.6
429.png,429_len3_len1_gb_1.png,2.777777778
376.png,376_len3_len1_st_3.png,2.666666667
61.png,61_len4_gn_3.png,3.0
421.png,421_len3_len6_bd_1.png,3.0
369.png,369_len1_len3_bd_1.png,3.2
211.png,211_len6_len3_gb_1.png,2.4
196.png,196_len2_len5_bd_1.png,3.111111111
317.png,317_len5_len1_gb_1.png,3.0
13.png,13_len4_len1_gn_2.png,3.1
365.png,365_len3_len6_gb_2.png,2.3
174.png,174_len6_len3_gn_2.png,2.7
196.png,196_len2_len5_bd_2.png,2.8
285.png,285_len1_st_1.png,2.2
321.png,321_len2_st_1.png,3.2
411.png,411_len4_gn_1.png,3.8
260.png,260_len4_len6_bd_3.png,2.0
312.png,312_len5_len3_gn_2.png,2.7
32.png,32_len2_bd_2.png,3.222222222
322.png,322_len1_gb_1.png,3.7
378.png,378_len3_gb_3.png,2.4
212.png,212_len5_bd_3.png,2.8
56.png,56_len1_bd_1.png,2.8
72.png,72_len6_len2_st_3.png,2.0
353.png,353_len2_bd_2.png,2.9
395.png,395_len3_len6_st_1.png,3.0
410.png,410_len1_gn_3.png,3.0
51.png,51_len3_st_1.png,3.2
218.png,218_len5_len2_st_1.png,2.333333333
412.png,412_len3_st_1.png,2.888888889
98.png,98_len3_bd_1.png,3.625
16.png,16_len5_bd_3.png,2.4
309.png,309_len3_gb_2.png,2.8
121.png,121_len1_gn_3.png,3.0
53.png,53_len4_len1_gn_2.png,2.2
304.png,304_len3_len6_bd_3.png,1.4
267.png,267_len2_st_1.png,3.1
155.png,155_len2_bd_3.png,1.777777778
266.png,266_len2_len5_gb_3.png,1.625
81.png,81_len4_len6_st_3.png,1.222222222
164.png,164_len6_len3_bd_1.png,2.3
95.png,95_len4_gb_3.png,2.0
60.png,60_len1_len4_st_1.png,2.857142857
324.png,324_len5_len3_bd_2.png,2.875
195.png,195_len4_bd_1.png,3.1
418.png,418_len5_len3_gb_3.png,1.8
113.png,113_len3_gb_2.png,2.8
191.png,191_len2_gn_3.png,2.285714286
424.png,424_len4_gn_1.png,3.6
317.png,317_len5_st_2.png,2.2
272.png,272_len3_len6_gn_2.png,2.9
240.png,240_len5_gb_3.png,2.6
205.png,205_len3_bd_2.png,2.3
139.png,139_len6_gb_2.png,3.111111111
29.png,29_len6_bd_1.png,3.8
284.png,284_len1_st_3.png,2.0
368.png,368_len3_len6_gn_3.png,2.375
346.png,346_len1_st_1.png,3.1
252.png,252_len2_gb_3.png,2.8
106.png,106_len6_gb_2.png,3.2
110.png,110_len5_st_1.png,2.7
87.png,87_len3_bd_2.png,2.8
426.png,426_len2_st_2.png,3.222222222
355.png,355_len3_bd_3.png,2.3
268.png,268_len4_gb_1.png,4.0
380.png,380_len2_gn_1.png,3.2
109.png,109_len3_len6_st_3.png,2.2
84.png,84_len4_gb_2.png,1.8
368.png,368_len3_len6_st_2.png,2.2
424.png,424_len4_gb_2.png,2.8
216.png,216_len2_len5_bd_3.png,1.8
124.png,124_len3_gn_3.png,3.0
356.png,356_len6_st_1.png,3.444444444
194.png,194_len4_st_1.png,3.333333333
200.png,200_len3_bd_2.png,2.0
42.png,42_len3_bd_2.png,2.777777778
427.png,427_len2_len4_bd_2.png,1.8
429.png,429_len1_bd_3.png,2.2
259.png,259_len5_len2_bd_3.png,1.6
246.png,246_len4_len2_bd_2.png,1.8
206.png,206_len2_len5_bd_1.png,3.0
420.png,420_len3_len6_bd_3.png,1.888888889
93.png,93_len4_bd_2.png,3.2
37.png,37_len5_len2_bd_2.png,2.2
45.png,45_len2_st_1.png,3.9
429.png,429_len1_gb_3.png,2.2
8.png,8_len1_len4_gb_2.png,2.25
166.png,166_len4_gn_2.png,3.0
379.png,379_len5_gb_3.png,2.111111111
260.png,260_len4_gn_2.png,3.0
421.png,421_len3_gn_2.png,3.2
194.png,194_len4_gb_1.png,2.8
9.png,9_len6_gn_3.png,3.333333333
23.png,23_len4_len1_gn_3.png,2.3
60.png,60_len1_bd_3.png,2.2
169.png,169_len6_gb_2.png,3.0
127.png,127_len1_len4_bd_3.png,1.8
69.png,69_len4_gb_2.png,2.222222222
296.png,296_len6_gb_3.png,2.2
306.png,306_len2_bd_1.png,2.888888889
103.png,103_len1_bd_1.png,3.285714286
395.png,395_len3_len6_st_2.png,2.8
292.png,292_len5_len3_gb_2.png,2.5
354.png,354_len5_len3_st_3.png,1.8
142.png,142_len6_st_1.png,3.2
147.png,147_len5_len2_gn_3.png,2.8
41.png,41_len3_len6_st_3.png,2.222222222
189.png,189_len4_st_1.png,3.1
349.png,349_len3_bd_3.png,2.125
355.png,355_len3_len5_gb_1.png,3.4
264.png,264_len2_len4_gb_3.png,1.7
150.png,150_len2_st_3.png,2.111111111
9.png,9_len6_len2_gb_1.png,3.5
49.png,49_len5_gb_1.png,3.4
83.png,83_len5_len2_gn_3.png,2.25
350.png,350_len2_gb_2.png,3.0
141.png,141_len5_len2_st_3.png,1.777777778
376.png,376_len3_gn_2.png,3.2
387.png,387_len1_len4_gb_3.png,2.111111111
138.png,138_len4_gb_1.png,3.666666667
207.png,207_len1_len4_st_3.png,1.555555556
124.png,124_len3_gn_1.png,4.2
148.png,148_len6_bd_2.png,3.2
21.png,21_len6_len2_bd_3.png,1.625
119.png,119_len3_bd_3.png,2.2
214.png,214_len3_len6_gn_2.png,2.666666667
289.png,289_len4_len2_st_1.png,2.7
50.png,50_len6_gb_2.png,2.8
363.png,363_len2_len6_gn_2.png,2.4
223.png,223_len3_len6_bd_1.png,3.3
372.png,372_len3_gb_1.png,3.75
239.png,239_len4_len1_bd_3.png,1.222222222
351.png,351_len2_bd_3.png,2.1
356.png,356_len6_len3_gn_1.png,3.625
8.png,8_len1_len4_gn_2.png,3.0
14.png,14_len2_len6_st_3.png,1.9
221.png,221_len6_len3_bd_1.png,2.875
140.png,140_len4_len6_gn_2.png,2.2
281.png,281_len4_len6_gn_1.png,3.555555556
428.png,428_len3_len6_bd_3.png,1.555555556
316.png,316_len5_len2_gn_2.png,2.8
67.png,67_len2_gb_2.png,3.5
274.png,274_len3_gn_3.png,3.2
217.png,217_len2_bd_2.png,3.2
359.png,359_len4_gb_3.png,2.8
14.png,14_len2_gb_2.png,2.8
374.png,374_len1_len4_gb_2.png,2.5
336.png,336_len4_len1_st_3.png,1.8
306.png,306_len2_st_3.png,2.0
29.png,29_len6_len2_bd_3.png,1.5
168.png,168_len5_st_2.png,2.888888889
296.png,296_len6_len2_st_2.png,2.1
409.png,409_len2_len5_st_2.png,2.555555556
290.png,290_len3_gn_2.png,2.4
342.png,342_len3_len6_bd_1.png,3.0
404.png,404_len3_len1_gn_3.png,2.2
18.png,18_len5_gn_2.png,3.4
76.png,76_len5_gb_3.png,2.9
238.png,238_len5_gn_1.png,4.2
365.png,365_len3_len6_st_3.png,2.0
149.png,149_len3_len6_gb_3.png,1.7
66.png,66_len4_gn_3.png,3.1
268.png,268_len4_gb_3.png,2.333333333
181.png,181_len2_bd_2.png,2.2
355.png,355_len3_len5_st_2.png,2.0
90.png,90_len5_gn_1.png,3.777777778
42.png,42_len3_len1_st_2.png,2.8
5.png,5_len5_len3_gb_3.png,2.0
35.png,35_len4_gn_1.png,3.888888889
44.png,44_len2_len6_bd_3.png,2.2
369.png,369_len1_st_3.png,2.2
137.png,137_len4_gb_1.png,3.6
326.png,326_len5_len2_gb_1.png,3.2
284.png,284_len1_len4_bd_2.png,1.8
105.png,105_len5_len3_st_3.png,1.7
62.png,62_len5_len2_bd_1.png,3.2
361.png,361_len2_bd_1.png,2.9
346.png,346_len1_len3_gb_3.png,1.8
298.png,298_len3_len1_bd_3.png,1.555555556
267.png,267_len2_len5_gn_1.png,3.3
115.png,115_len6_st_2.png,3.0
409.png,409_len2_gb_2.png,3.0
424.png,424_len4_st_3.png,2.888888889
46.png,46_len2_st_2.png,3.444444444
40.png,40_len6_bd_3.png,2.0
266.png,266_len2_gn_2.png,2.5
298.png,298_len3_len1_st_3.png,1.2
100.png,100_len5_len2_bd_3.png,2.0
27.png,27_len1_gn_3.png,2.8
145.png,145_len6_bd_2.png,2.2
208.png,208_len4_gn_2.png,3.2
343.png,343_len3_len5_gn_1.png,3.8
334.png,334_len2_len4_gb_1.png,3.5
212.png,212_len5_len2_gb_2.png,2.375
368.png,368_len3_len6_gb_2.png,2.444444444
364.png,364_len3_bd_3.png,2.125
43.png,43_len6_st_1.png,2.2
155.png,155_len2_bd_1.png,3.2
90.png,90_len5_bd_2.png,3.2
208.png,208_len4_len1_st_2.png,3.0
65.png,65_len4_gb_2.png,2.4
52.png,52_len1_st_1.png,3.9
372.png,372_len3_gn_3.png,3.8
240.png,240_len5_gn_1.png,3.7
204.png,204_len4_len1_gb_1.png,3.8
117.png,117_len3_st_2.png,3.1
408.png,408_len5_gb_3.png,2.5
151.png,151_len3_st_3.png,2.444444444
23.png,23_len4_len1_gn_2.png,2.9
94.png,94_len5_len2_gb_3.png,1.6
152.png,152_len2_len5_st_3.png,1.6
138.png,138_len4_len1_gn_2.png,3.0
392.png,392_len5_len2_bd_1.png,3.8
234.png,234_len5_bd_2.png,3.8
255.png,255_len5_len1_bd_2.png,2.625
163.png,163_len5_len1_st_3.png,1.7
21.png,21_len6_gb_3.png,2.333333333
76.png,76_len5_st_2.png,2.7
119.png,119_len3_gn_3.png,2.666666667
221.png,221_len6_len3_gb_3.png,1.8
244.png,244_len4_len1_gb_1.png,3.2
47.png,47_len3_st_3.png,2.444444444
297.png,297_len2_bd_1.png,2.666666667
396.png,396_len4_bd_1.png,3.625
314.png,314_len5_len2_gn_2.png,2.375
86.png,86_len4_len1_gb_2.png,2.4
405.png,405_len3_st_1.png,2.2
127.png,127_len1_gn_2.png,2.9
292.png,292_len5_len3_gn_3.png,2.333333333
57.png,57_len1_len4_bd_1.png,3.4
224.png,224_len3_gb_1.png,3.5
405.png,405_len3_len6_gb_2.png,3.0
86.png,86_len4_gb_2.png,2.75
66.png,66_len4_len6_gb_3.png,2.0
285.png,285_len1_len3_gb_2.png,2.777777778
268.png,268_len4_bd_1.png,3.7
138.png,138_len4_bd_3.png,1.9
70.png,70_len1_bd_3.png,1.8
63.png,63_len3_len6_gn_1.png,3.0
390.png,390_len2_bd_2.png,4.0
335.png,335_len5_len3_gn_3.png,2.8
329.png,329_len3_len1_gn_3.png,2.25
298.png,298_len3_gn_1.png,3.2
145.png,145_len6_st_2.png,2.125
63.png,63_len3_st_3.png,1.888888889
383.png,383_len3_gn_2.png,3.6
356.png,356_len6_len3_st_3.png,2.333333333
412.png,412_len3_len6_gn_2.png,2.666666667
36.png,36_len1_st_3.png,2.666666667
269.png,269_len3_gn_1.png,3.4
134.png,134_len4_gb_1.png,3.4
175.png,175_len5_bd_2.png,3.0
316.png,316_len5_st_1.png,3.2
345.png,345_len2_st_3.png,2.4
337.png,337_len3_gn_1.png,3.0
386.png,386_len5_len3_bd_3.png,2.3
222.png,222_len1_len4_bd_1.png,2.7
347.png,347_len3_len6_st_1.png,3.2
34.png,34_len3_len1_gb_3.png,1.8
377.png,377_len4_gn_2.png,3.2
68.png,68_len3_gn_3.png,3.2
381.png,381_len1_len4_bd_1.png,3.111111111
69.png,69_len4_len1_st_1.png,2.777777778
48.png,48_len4_st_1.png,3.0
147.png,147_len5_len2_gn_1.png,3.8
187.png,187_len5_len2_bd_1.png,2.6
203.png,203_len6_gb_2.png,2.666666667
418.png,418_len5_len3_st_2.png,2.6
273.png,273_len3_bd_2.png,3.2
147.png,147_len5_gb_3.png,3.0
362.png,362_len2_len5_st_3.png,2.0
295.png,295_len3_len6_st_1.png,3.4
261.png,261_len4_st_1.png,3.444444444
140.png,140_len4_bd_3.png,1.8
335.png,335_len5_st_2.png,2.0
110.png,110_len5_len2_gn_3.png,2.4
137.png,137_len4_gn_3.png,3.0
249.png,249_len2_len5_gn_3.png,2.3
173.png,173_len4_len1_st_2.png,1.8
428.png,428_len3_len6_gn_3.png,2.0
149.png,149_len3_bd_3.png,1.2
123.png,123_len4_len1_st_2.png,2.222222222
42.png,42_len3_len1_gb_1.png,3.2
166.png,166_len4_len1_gb_3.png,2.4
152.png,152_len2_st_2.png,2.555555556
183.png,183_len2_len5_st_2.png,2.222222222
234.png,234_len5_len2_gn_2.png,2.6
32.png,32_len2_len6_st_3.png,1.9
99.png,99_len6_len2_gn_3.png,2.666666667
328.png,328_len2_gb_2.png,2.888888889
21.png,21_len6_len2_bd_2.png,2.5
220.png,220_len3_bd_1.png,3.3
32.png,32_len2_gb_1.png,3.777777778
364.png,364_len3_st_1.png,2.2
121.png,121_len1_st_3.png,2.2
350.png,350_len2_gn_3.png,3.111111111
368.png,368_len3_len6_bd_3.png,2.222222222
53.png,53_len4_len1_gb_1.png,2.6
336.png,336_len4_len1_gb_1.png,3.444444444
60.png,60_len1_gn_3.png,2.8
321.png,321_len2_len4_gn_3.png,2.5
315.png,315_len6_len2_gb_1.png,3.0
110.png,110_len5_gb_3.png,2.375
124.png,124_len3_gb_3.png,3.0
216.png,216_len2_len5_bd_1.png,2.875
230.png,230_len3_len6_bd_2.png,2.8
341.png,341_len2_st_2.png,3.4
73.png,73_len4_gn_3.png,3.0
366.png,366_len3_gn_1.png,4.0
8.png,8_len1_gb_3.png,2.222222222
308.png,308_len1_st_3.png,2.7
264.png,264_len2_len4_gb_1.png,2.7
180.png,180_len3_bd_2.png,2.6
409.png,409_len2_len5_bd_3.png,2.1
221.png,221_len6_bd_1.png,3.8
243.png,243_len1_st_2.png,2.8
412.png,412_len3_len6_gn_3.png,2.555555556
45.png,45_len2_gn_2.png,3.3
186.png,186_len2_st_2.png,2.2
273.png,273_len3_len6_gn_1.png,3.5
100.png,100_len5_len2_gb_2.png,2.7
6.png,6_len4_len1_gn_1.png,3.222222222
158.png,158_len2_len5_gb_2.png,3.2
18.png,18_len5_len3_gb_2.png,1.8
275.png,275_len3_len6_gn_2.png,2.9
114.png,114_len1_len4_gb_3.png,1.777777778
430.png,430_len4_gn_1.png,3.714285714
343.png,343_len3_st_1.png,2.8
11.png,11_len3_st_1.png,2.2
35.png,35_len4_gn_2.png,3.222222222
235.png,235_len6_len4_gn_1.png,3.5
398.png,398_len1_gn_3.png,2.6
211.png,211_len6_gn_1.png,3.2
120.png,120_len1_bd_2.png,2.444444444
23.png,23_len4_len1_st_1.png,3.75
279.png,279_len5_gb_2.png,2.8
153.png,153_len1_bd_3.png,2.2
311.png,311_len5_len3_gn_1.png,3.3
347.png,347_len3_len6_bd_3.png,1.5
277.png,277_len4_st_3.png,2.2
165.png,165_len4_gn_3.png,3.1
90.png,90_len5_len2_bd_2.png,3.0
136.png,136_len4_len1_st_2.png,2.285714286
351.png,351_len2_gb_1.png,3.1
22.png,22_len1_st_1.png,3.8
423.png,423_len3_gb_1.png,3.7
179.png,179_len1_gn_2.png,2.571428571
8.png,8_len1_len4_st_1.png,2.5
106.png,106_len6_len2_gb_3.png,1.8
363.png,363_len2_st_1.png,2.777777778
113.png,113_len3_len6_gn_2.png,2.8
329.png,329_len3_gn_1.png,3.6
334.png,334_len2_len4_st_3.png,1.3
20.png,20_len3_len6_gn_2.png,2.8
41.png,41_len3_gn_2.png,3.2
275.png,275_len3_len6_gb_1.png,3.444444444
125.png,125_len2_len4_gb_2.png,2.1
366.png,366_len3_bd_2.png,2.8
238.png,238_len5_len2_gn_3.png,2.375
3.png,3_len5_len2_bd_3.png,2.111111111
111.png,111_len5_len2_st_1.png,2.444444444
280.png,280_len6_len3_gb_3.png,2.333333333
18.png,18_len5_gb_2.png,2.555555556
173.png,173_len4_gn_2.png,2.6
74.png,74_len6_gb_2.png,2.0
229.png,229_len1_len5_st_2.png,2.3
237.png,237_len3_len5_gb_3.png,1.2
148.png,148_len6_len3_st_1.png,3.4
15.png,15_len2_bd_1.png,2.8
370.png,370_len2_gb_1.png,3.2
255.png,255_len5_gb_3.png,2.5
396.png,396_len4_len6_st_2.png,2.8
285.png,285_len1_gn_3.png,2.25
374.png,374_len1_st_2.png,2.0
11.png,11_len3_len5_bd_2.png,2.6
134.png,134_len4_gn_1.png,3.333333333
423.png,423_len3_len6_bd_1.png,3.125
100.png,100_len5_st_1.png,2.2
134.png,134_len4_len1_bd_3.png,1.7
108.png,108_len3_len6_gn_1.png,3.666666667
118.png,118_len3_bd_3.png,2.0
192.png,192_len1_gn_1.png,4.0
417.png,417_len2_len5_st_1.png,2.8
228.png,228_len5_gb_3.png,2.2
247.png,247_len1_st_3.png,2.0
302.png,302_len2_gn_2.png,2.9
121.png,121_len1_bd_1.png,4.0
219.png,219_len3_bd_1.png,3.0
360.png,360_len2_gb_3.png,2.888888889
178.png,178_len4_len1_gn_2.png,3.2
173.png,173_len4_gb_3.png,2.333333333
124.png,124_len3_len6_bd_2.png,2.222222222
329.png,329_len3_len1_bd_2.png,2.1
41.png,41_len3_len6_gb_1.png,3.2
71.png,71_len4_len1_gb_1.png,3.4
88.png,88_len3_gb_2.png,3.1
424.png,424_len4_gb_1.png,3.111111111
104.png,104_len1_len4_bd_1.png,3.333333333
214.png,214_len3_len6_gn_3.png,2.555555556
165.png,165_len4_gb_3.png,1.8
103.png,103_len1_len4_gn_3.png,2.375
364.png,364_len3_gn_1.png,3.0
21.png,21_len6_gn_1.png,3.7
135.png,135_len5_gb_3.png,1.571428571
395.png,395_len3_len6_bd_1.png,3.2
353.png,353_len2_len5_gb_1.png,3.0
174.png,174_len6_gb_3.png,2.444444444
33.png,33_len3_gn_3.png,3.8
100.png,100_len5_bd_2.png,2.571428571
401.png,401_len1_len4_gn_2.png,2.6
327.png,327_len5_st_3.png,2.7
202.png,202_len2_gn_3.png,2.2
42.png,42_len3_st_3.png,2.333333333
92.png,92_len5_st_2.png,2.333333333
217.png,217_len2_st_1.png,2.8
79.png,79_len1_st_3.png,2.222222222
241.png,241_len4_len1_st_1.png,2.222222222
108.png,108_len3_st_1.png,2.9
12.png,12_len1_len4_bd_2.png,2.333333333
231.png,231_len1_len4_gn_2.png,2.7
54.png,54_len5_gb_1.png,3.5
178.png,178_len4_gb_1.png,4.0
303.png,303_len5_len2_st_3.png,2.2
331.png,331_len3_len5_bd_2.png,2.2
414.png,414_len2_gb_3.png,3.2
4.png,4_len3_gn_2.png,3.0
418.png,418_len5_len3_gn_3.png,2.3
257.png,257_len3_len6_gn_1.png,3.125
242.png,242_len1_len4_st_3.png,2.0
422.png,422_len2_len5_st_1.png,1.8
122.png,122_len1_gn_2.png,3.0
97.png,97_len4_bd_3.png,2.444444444
9.png,9_len6_len2_bd_2.png,2.3
104.png,104_len1_len4_st_3.png,2.5
34.png,34_len3_len1_st_3.png,2.4
62.png,62_len5_len2_bd_2.png,2.2
98.png,98_len3_len6_st_3.png,1.8
5.png,5_len5_gn_1.png,3.222222222
428.png,428_len3_bd_1.png,3.7
167.png,167_len4_len1_bd_3.png,2.2
171.png,171_len3_gb_1.png,3.2
221.png,221_len6_gn_3.png,3.2
11.png,11_len3_st_2.png,1.8
390.png,390_len2_st_1.png,3.4
210.png,210_len1_len5_st_1.png,3.5
269.png,269_len3_len5_bd_1.png,3.0
312.png,312_len5_len3_gn_1.png,3.5
328.png,328_len2_len5_bd_3.png,2.0
136.png,136_len4_st_3.png,2.7
339.png,339_len4_gn_1.png,3.777777778
237.png,237_len3_len5_bd_1.png,2.666666667
13.png,13_len4_len1_st_1.png,3.2
42.png,42_len3_st_2.png,2.3
427.png,427_len4_st_3.png,2.125
227.png,227_len2_len5_st_3.png,2.4
239.png,239_len4_gb_2.png,3.2
317.png,317_len5_len1_gn_2.png,2.777777778
62.png,62_len5_st_2.png,2.8
347.png,347_len3_st_1.png,3.9
295.png,295_len3_len6_st_2.png,1.8
160.png,160_len1_st_3.png,2.6
236.png,236_len5_len2_bd_2.png,2.0
90.png,90_len5_len2_gb_2.png,2.625
34.png,34_len3_len1_bd_3.png,1.8
9.png,9_len6_st_1.png,3.3
12.png,12_len1_st_3.png,2.7
215.png,215_len4_gn_3.png,3.0
175.png,175_len5_len2_gb_1.png,3.4
235.png,235_len6_st_2.png,2.444444444
135.png,135_len5_st_1.png,3.222222222
37.png,37_len5_gn_3.png,3.111111111
311.png,311_len5_len3_bd_2.png,2.8
164.png,164_len6_bd_3.png,1.777777778
258.png,258_len2_gb_1.png,3.666666667
342.png,342_len3_len6_gb_3.png,2.3
255.png,255_len5_len1_gb_1.png,3.5
138.png,138_len4_gb_2.png,3.111111111
209.png,209_len3_len6_gn_2.png,2.333333333
242.png,242_len1_len4_bd_2.png,2.333333333
312.png,312_len5_len3_st_1.png,2.4
216.png,216_len2_st_1.png,3.2
219.png,219_len3_len5_bd_3.png,1.3
169.png,169_len6_st_3.png,2.8
85.png,85_len2_len5_st_2.png,1.625
141.png,141_len5_len2_st_1.png,2.375
207.png,207_len1_len4_gb_1.png,3.3
226.png,226_len5_gn_1.png,4.0
101.png,101_len1_len4_gb_3.png,1.3
346.png,346_len1_len3_gb_1.png,3.2
74.png,74_len6_st_1.png,2.666666667
427.png,427_len4_gn_2.png,2.8
226.png,226_len5_len2_st_3.png,1.4
394.png,394_len5_len2_gb_2.png,3.333333333
409.png,409_len2_len5_gb_1.png,3.444444444
73.png,73_len4_bd_2.png,2.888888889
192.png,192_len1_gb_2.png,3.555555556
290.png,290_len3_gb_1.png,3.5
300.png,300_len2_len5_st_1.png,3.3
281.png,281_len4_len6_bd_3.png,1.5
419.png,419_len5_gb_2.png,3.2
126.png,126_len1_len4_gb_3.png,1.888888889
280.png,280_len6_st_3.png,2.333333333
37.png,37_len5_st_1.png,3.222222222
18.png,18_len5_bd_2.png,2.5
339.png,339_len4_len1_gn_3.png,2.0
272.png,272_len3_len6_bd_1.png,2.8
409.png,409_len2_gb_3.png,3.111111111
203.png,203_len6_len3_gn_2.png,2.888888889
403.png,403_len3_len6_bd_1.png,3.1
13.png,13_len4_gn_3.png,2.6
382.png,382_len4_gb_1.png,2.8
148.png,148_len6_len3_gn_3.png,2.625
71.png,71_len4_gn_2.png,3.0
366.png,366_len3_gb_1.png,3.8
110.png,110_len5_len2_gb_2.png,2.5
291.png,291_len3_len6_st_3.png,2.9
190.png,190_len2_gn_1.png,3.333333333
121.png,121_len1_len5_st_2.png,2.1
154.png,154_len3_len6_st_2.png,3.9
301.png,301_len2_bd_1.png,3.6
304.png,304_len3_st_1.png,3.2
138.png,138_len4_st_3.png,2.2
271.png,271_len5_gn_2.png,2.8
54.png,54_len5_bd_3.png,2.714285714
179.png,179_len1_bd_1.png,3.625
143.png,143_len5_gn_3.png,2.888888889
300.png,300_len2_len5_gn_1.png,3.444444444
111.png,111_len5_gn_1.png,3.8
42.png,42_len3_len1_st_3.png,2.0
191.png,191_len2_gb_1.png,3.9
250.png,250_len2_len5_gb_3.png,1.888888889
240.png,240_len5_st_1.png,3.555555556
6.png,6_len4_len1_gb_1.png,3.2
202.png,202_len2_gn_2.png,2.7
69.png,69_len4_len1_gb_2.png,1.6
294.png,294_len2_len5_gb_3.png,1.9
206.png,206_len2_bd_1.png,2.7
121.png,121_len1_gb_2.png,3.125
58.png,58_len2_len4_st_2.png,2.333333333
280.png,280_len6_len3_st_2.png,1.9
193.png,193_len4_st_1.png,2.7
240.png,240_len5_len2_st_1.png,2.8
261.png,261_len4_len1_gb_3.png,2.2
199.png,199_len2_len5_gb_1.png,2.75
114.png,114_len1_bd_3.png,1.8
360.png,360_len2_len6_gb_1.png,2.8
165.png,165_len4_bd_1.png,3.5
181.png,181_len2_gb_1.png,3.5
221.png,221_len6_st_3.png,2.0
190.png,190_len2_gn_2.png,3.8
375.png,375_len1_len4_st_1.png,2.666666667
262.png,262_len3_len6_gn_1.png,3.375
14.png,14_len2_len6_gn_2.png,3.2
248.png,248_len2_len5_st_1.png,3.0
332.png,332_len4_len1_gn_1.png,3.5
160.png,160_len1_gn_2.png,3.2
76.png,76_len5_len2_gb_1.png,3.5
182.png,182_len1_bd_3.png,2.875
190.png,190_len2_len5_st_3.png,2.1
112.png,112_len2_gb_3.png,2.0
298.png,298_len3_bd_2.png,1.8
291.png,291_len3_gb_2.png,3.428571429
252.png,252_len2_gb_2.png,3.4
213.png,213_len4_len1_st_3.png,2.25
409.png,409_len2_len5_st_3.png,2.0
29.png,29_len6_len2_gn_1.png,3.777777778
24.png,24_len2_len6_gb_1.png,3.0
301.png,301_len2_len6_st_1.png,2.888888889
256.png,256_len4_gb_3.png,1.8
137.png,137_len4_len1_gb_3.png,1.6
374.png,374_len1_len4_st_2.png,2.2
136.png,136_len4_len1_st_1.png,2.5
73.png,73_len4_gb_1.png,3.4
28.png,28_len2_bd_1.png,3.666666667
8.png,8_len1_gn_3.png,2.6
382.png,382_len4_bd_3.png,3.0
162.png,162_len1_gn_3.png,2.8
149.png,149_len3_len6_st_1.png,1.666666667
152.png,152_len2_len5_gb_1.png,3.8
173.png,173_len4_len1_gb_2.png,2.3
276.png,276_len6_len_3_st_2.png,1.888888889
134.png,134_len4_gb_2.png,3.0
374.png,374_len1_len4_gn_1.png,3.0
284.png,284_len1_gb_2.png,2.2
398.png,398_len1_len4_bd_2.png,2.1
408.png,408_len5_len2_bd_2.png,2.8
76.png,76_len5_gb_2.png,2.8
193.png,193_len4_len6_st_1.png,2.888888889
389.png,389_len5_bd_2.png,3.0
172.png,172_len4_len1_gn_3.png,2.625
203.png,203_len6_bd_1.png,3.2
128.png,128_len6_gn_1.png,3.6
371.png,371_len3_len6_gb_3.png,2.0
40.png,40_len6_len3_gb_2.png,2.1
168.png,168_len5_len2_st_3.png,2.2
245.png,245_len2_gb_3.png,2.3
340.png,340_len3_len5_st_1.png,2.7
136.png,136_len4_bd_1.png,3.8
186.png,186_len2_len5_bd_1.png,2.555555556
131.png,131_len6_gn_3.png,2.714285714
374.png,374_len1_bd_3.png,2.3
152.png,152_len2_st_1.png,3.25
234.png,234_len5_len2_gb_1.png,3.1
304.png,304_len3_gb_3.png,3.0
395.png,395_len3_gb_1.png,3.7
314.png,314_len5_bd_3.png,2.6
397.png,397_len6_gn_1.png,3.0
170.png,170_len2_len5_st_3.png,2.2
408.png,408_len5_len2_st_1.png,3.0
381.png,381_len1_st_2.png,3.555555556
130.png,130_len2_len4_gb_3.png,1.666666667
281.png,281_len4_gb_3.png,2.444444444
67.png,67_len2_len5_bd_3.png,2.2
382.png,382_len4_st_3.png,2.1
402.png,402_len3_len6_gn_2.png,2.5
26.png,26_len3_gn_1.png,3.4
19.png,19_len2_len6_gn_2.png,2.7
65.png,65_len4_gb_1.png,3.0
46.png,46_len2_len6_gn_2.png,2.4
424.png,424_len4_gn_2.png,3.5
395.png,395_len3_gn_3.png,3.0
265.png,265_len4_len1_st_3.png,2.555555556
106.png,106_len6_bd_2.png,2.4
343.png,343_len3_len5_bd_3.png,1.5
177.png,177_len3_len6_gn_3.png,2.4
66.png,66_len4_len6_bd_1.png,3.0
144.png,144_len2_len5_gb_2.png,3.111111111
178.png,178_len4_len1_bd_2.png,3.0
241.png,241_len4_len1_gn_2.png,3.222222222
267.png,267_len2_len5_st_2.png,2.666666667
229.png,229_len1_st_2.png,2.2
408.png,408_len5_gn_1.png,3.444444444
51.png,51_len3_gn_3.png,2.6
366.png,366_len3_len6_gb_2.png,2.444444444
264.png,264_len2_len4_gn_3.png,2.5
167.png,167_len4_len1_st_2.png,2.555555556
232.png,232_len2_gn_2.png,2.8
110.png,110_len5_gn_2.png,2.555555556
417.png,417_len2_len5_gb_1.png,3.8
177.png,177_len3_len6_gn_2.png,2.875
50.png,50_len6_gb_3.png,2.777777778
87.png,87_len3_len6_gb_3.png,2.4
243.png,243_len1_len4_st_1.png,2.8
264.png,264_len2_bd_3.png,2.0
120.png,120_len1_len4_gn_3.png,2.3
222.png,222_len1_bd_2.png,2.8
48.png,48_len4_bd_3.png,2.3
41.png,41_len3_gn_1.png,4.0
99.png,99_len6_gb_1.png,3.6
385.png,385_len5_gb_2.png,2.8
135.png,135_len5_gn_3.png,2.4
66.png,66_len4_bd_1.png,3.222222222
34.png,34_len3_len1_gn_2.png,3.3
38.png,38_len5_len1_gb_3.png,2.2
409.png,409_len2_st_2.png,2.6
368.png,368_len3_st_2.png,3.2
261.png,261_len4_gn_1.png,3.1
212.png,212_len5_gn_2.png,3.3
105.png,105_len5_len3_bd_2.png,2.8
3.png,3_len5_len2_gb_1.png,3.0
200.png,200_len3_gb_1.png,3.0
369.png,369_len1_len3_bd_2.png,2.2
221.png,221_len6_gn_2.png,3.9
38.png,38_len5_len1_gb_2.png,2.9
302.png,302_len2_len6_gn_2.png,2.5
123.png,123_len4_len1_gb_3.png,2.0
96.png,96_len2_len6_gn_3.png,2.6
156.png,156_len1_bd_3.png,2.2
26.png,26_len3_len6_bd_1.png,2.375
214.png,214_len3_len6_st_1.png,2.3
191.png,191_len2_len5_st_2.png,2.0
291.png,291_len3_st_1.png,3.5
224.png,224_len3_gn_1.png,3.2
353.png,353_len2_len5_gn_3.png,2.6
157.png,157_len3_len6_gb_1.png,3.333333333
50.png,50_len6_len3_st_1.png,3.666666667
158.png,158_len2_len5_bd_1.png,3.8
65.png,65_len4_st_3.png,1.8
25.png,25_len2_gn_3.png,3.0
38.png,38_len5_gn_1.png,3.8
43.png,43_len6_len4_gb_1.png,3.2
267.png,267_len2_len5_gb_3.png,1.9
115.png,115_len6_gn_1.png,3.555555556
94.png,94_len5_len2_st_3.png,2.1
368.png,368_len3_len6_st_3.png,2.2
322.png,322_len1_len3_bd_1.png,3.0
423.png,423_len3_bd_1.png,3.5
281.png,281_len4_gn_1.png,3.888888889
5.png,5_len5_bd_1.png,4.0
40.png,40_len6_gn_1.png,3.5
402.png,402_len3_gb_2.png,2.5
91.png,91_len4_len6_gb_3.png,2.111111111
250.png,250_len2_len5_bd_1.png,3.0
82.png,82_len1_len3_gn_1.png,4.3
349.png,349_len3_len5_bd_1.png,2.8
2.png,2_len2_len5_gn_1.png,3.3
94.png,94_len5_gb_2.png,3.6
368.png,368_len3_len6_gn_1.png,3.666666667
191.png,191_len2_st_1.png,3.8
310.png,310_len4_len1_gb_1.png,2.777777778
166.png,166_len4_st_2.png,2.625
61.png,61_len4_len1_gn_2.png,2.5
89.png,89_len2_len5_st_3.png,2.0
113.png,113_len3_bd_3.png,2.4
416.png,416_len3_gn_2.png,2.888888889
150.png,150_len2_st_1.png,2.0
82.png,82_len1_gn_3.png,3.625
3.png,3_len5_len2_gb_3.png,2.2
237.png,237_len3_len5_gn_2.png,2.3
112.png,112_len2_len4_gn_3.png,2.5
54.png,54_len5_len2_gb_3.png,1.777777778
213.png,213_len4_gb_2.png,3.2
362.png,362_len2_bd_1.png,3.111111111
254.png,254_len1_len4_bd_2.png,2.444444444
188.png,188_len2_len5_st_1.png,2.3
350.png,350_len2_len5_st_2.png,1.6
364.png,364_len3_bd_2.png,2.8
258.png,258_len2_st_1.png,2.2
233.png,233_len4_st_1.png,2.3
414.png,414_len2_len5_bd_3.png,2.444444444
259.png,259_len5_gb_1.png,3.8
73.png,73_len4_gn_2.png,3.4
59.png,59_len1_gn_1.png,3.2
332.png,332_len4_len1_gn_3.png,2.444444444
162.png,162_len1_gn_2.png,2.9
102.png,102_len2_len6_gb_1.png,3.3
147.png,147_len5_len2_gn_2.png,2.7
317.png,317_len5_bd_1.png,2.625
294.png,294_len2_bd_1.png,3.6
189.png,189_len4_len1_gn_1.png,3.111111111
180.png,180_len3_gn_3.png,2.555555556
158.png,158_len2_len5_gb_1.png,3.6
387.png,387_len1_len4_bd_1.png,3.2
106.png,106_len6_len2_bd_1.png,3.2
119.png,119_len3_bd_2.png,2.7
330.png,330_len3_bd_3.png,2.9
389.png,389_len5_len3_st_1.png,3.444444444
367.png,367_len2_st_1.png,2.777777778
167.png,167_len4_len1_bd_2.png,2.555555556
48.png,48_len4_len1_gb_3.png,2.0
390.png,390_len2_len5_bd_3.png,1.666666667
64.png,64_len1_len5_bd_2.png,2.0
381.png,381_len1_len4_gn_1.png,3.5
333.png,333_len3_len5_st_3.png,1.5
283.png,283_len6_gb_3.png,2.9
201.png,201_len2_st_3.png,2.7
354.png,354_len5_st_2.png,2.666666667
256.png,256_len4_st_2.png,2.5
150.png,150_len2_len5_gb_2.png,3.0
415.png,415_len3_bd_3.png,2.444444444
76.png,76_len5_len2_gb_3.png,2.3
89.png,89_len2_len5_bd_1.png,3.2
66.png,66_len4_gb_1.png,4.2
245.png,245_len2_len5_bd_2.png,2.625
413.png,413_len2_len5_gb_1.png,3.0
255.png,255_len5_len1_st_3.png,2.1
5.png,5_len5_len3_bd_2.png,3.2
280.png,280_len6_len3_gb_1.png,2.9
208.png,208_len4_len1_bd_2.png,1.8
152.png,152_len2_len5_st_1.png,3.0
323.png,323_len4_len1_gb_2.png,2.0
215.png,215_len4_len1_st_2.png,2.2
79.png,79_len1_bd_2.png,3.0
237.png,237_len3_gb_3.png,2.4
79.png,79_len1_len3_gb_2.png,2.8
59.png,59_len1_len5_st_2.png,2.333333333
214.png,214_len3_gb_2.png,3.555555556
211.png,211_len6_len3_gn_3.png,1.8
425.png,425_len3_gn_1.png,3.375
330.png,330_len3_len5_gn_2.png,2.5
430.png,430_len4_len1_gn_3.png,2.6
260.png,260_len4_len6_gn_1.png,3.25
124.png,124_len3_st_1.png,3.1
87.png,87_len3_gb_1.png,3.2
179.png,179_len1_len4_bd_2.png,2.25
113.png,113_len3_gb_3.png,2.4
402.png,402_len3_bd_2.png,3.111111111
161.png,161_len4_len1_gb_3.png,2.0
369.png,369_len1_len3_gb_2.png,3.2
318.png,318_len4_len6_gb_1.png,3.333333333
370.png,370_len2_gn_3.png,2.7
40.png,40_len6_bd_1.png,3.5
306.png,306_len2_gb_1.png,2.8
70.png,70_len1_len4_st_1.png,2.888888889
103.png,103_len1_bd_3.png,2.5
96.png,96_len2_len6_bd_1.png,2.5
424.png,424_len4_len1_gn_3.png,2.8
6.png,6_len4_len1_st_2.png,1.777777778
178.png,178_len4_len1_bd_3.png,1.75
196.png,196_len2_st_1.png,3.444444444
14.png,14_len2_gb_3.png,3.111111111
320.png,320_len3_st_1.png,2.8
378.png,378_len3_bd_1.png,3.3
14.png,14_len2_gn_3.png,3.8
417.png,417_len2_gb_2.png,3.0
64.png,64_len1_st_3.png,1.8
199.png,199_len2_gn_2.png,2.5
198.png,198_len2_gb_3.png,2.3
21.png,21_len6_len2_st_1.png,2.875
204.png,204_len4_gn_3.png,3.5
282.png,282_len1_gn_2.png,3.777777778
259.png,259_len5_st_3.png,1.8
86.png,86_len4_st_3.png,2.5
17.png,17_len1_len3_st_1.png,2.8
200.png,200_len3_len6_gn_1.png,3.0
152.png,152_len2_len5_st_2.png,1.5
59.png,59_len1_bd_2.png,2.8
87.png,87_len3_len6_bd_1.png,3.3
367.png,367_len2_gb_1.png,3.5
149.png,149_len3_gn_2.png,2.8
130.png,130_len2_len4_gb_1.png,2.888888889
159.png,159_len4_len1_st_2.png,2.7
7.png,7_len4_len1_st_3.png,2.7
272.png,272_len3_gn_1.png,3.2
87.png,87_len3_len6_st_2.png,2.2
282.png,282_len1_len4_gn_3.png,2.3
235.png,235_len6_len4_st_1.png,3.111111111
327.png,327_len5_len3_bd_3.png,1.8
358.png,358_len6_len3_gb_1.png,3.2
427.png,427_len4_gb_3.png,2.5
258.png,258_len2_bd_2.png,2.8
14.png,14_len2_len6_gb_1.png,3.3
54.png,54_len5_len2_bd_2.png,2.3
22.png,22_len1_len4_st_3.png,2.8
239.png,239_len4_st_3.png,3.8
25.png,25_len2_len6_st_1.png,2.2
183.png,183_len2_len5_gb_3.png,2.2
49.png,49_len5_len1_gb_3.png,2.25
267.png,267_len2_len5_bd_1.png,3.1
331.png,331_len3_gn_1.png,3.5
136.png,136_len4_gn_2.png,3.4
131.png,131_len6_gn_1.png,3.8
289.png,289_len4_len2_gb_2.png,2.777777778
349.png,349_len3_len5_gb_1.png,3.666666667
414.png,414_len2_gb_2.png,3.333333333
311.png,311_len5_gb_1.png,3.5
271.png,271_len5_len2_bd_3.png,1.7
196.png,196_len2_len5_st_1.png,2.8
296.png,296_len6_st_3.png,1.9
81.png,81_len4_bd_1.png,3.444444444
61.png,61_len4_len1_bd_2.png,2.8
215.png,215_len4_gn_1.png,3.6
239.png,239_len4_gb_1.png,3.8
393.png,393_len3_bd_1.png,3.444444444
371.png,371_len3_len6_st_1.png,2.555555556
353.png,353_len2_bd_3.png,2.4
224.png,224_len3_len6_gb_1.png,3.2
224.png,224_len3_st_2.png,2.444444444
371.png,371_len3_st_1.png,3.2
41.png,41_len3_st_3.png,2.75
324.png,324_len5_bd_3.png,2.5
131.png,131_len6_len3_gn_2.png,3.0
230.png,230_len3_gn_1.png,3.777777778
388.png,388_len3_len6_bd_3.png,1.555555556
102.png,102_len2_gn_1.png,3.666666667
22.png,22_len1_len4_st_2.png,2.0
337.png,337_len3_len6_gn_3.png,2.2
156.png,156_len1_len4_gn_3.png,2.222222222
284.png,284_len1_bd_2.png,2.9
401.png,401_len1_st_2.png,1.8
225.png,225_len3_st_3.png,2.333333333
326.png,326_len5_len2_gn_2.png,2.666666667
286.png,286_len2_gn_1.png,3.428571429
55.png,55_len5_len2_st_1.png,3.0
318.png,318_len4_len6_gb_2.png,2.1
93.png,93_len4_len1_gn_3.png,2.888888889
291.png,291_len3_len6_st_2.png,2.2
34.png,34_len3_st_1.png,3.4
306.png,306_len2_len5_st_1.png,2.7
12.png,12_len1_bd_1.png,3.0
179.png,179_len1_bd_2.png,3.2
80.png,80_len3_len5_bd_2.png,2.444444444
375.png,375_len1_len4_gn_1.png,3.3
419.png,419_len5_gb_3.png,3.0
270.png,270_len1_len4_gb_1.png,2.9
202.png,202_len2_gb_3.png,2.444444444
179.png,179_len1_len4_gn_1.png,3.555555556
47.png,47_len3_len5_bd_2.png,1.8
136.png,136_len4_len1_gn_1.png,3.333333333
402.png,402_len3_len6_st_1.png,3.5
194.png,194_len4_len1_bd_2.png,2.0
57.png,57_len1_len4_gb_2.png,2.333333333
167.png,167_len4_gn_2.png,3.4
267.png,267_len2_gn_1.png,3.3
352.png,352_len4_gn_3.png,3.2
295.png,295_len3_st_2.png,3.0
420.png,420_len3_len6_gb_2.png,2.111111111
23.png,23_len4_gb_3.png,3.0
25.png,25_len2_len6_st_2.png,2.0
126.png,126_len1_len4_gn_2.png,3.0
22.png,22_len1_bd_1.png,3.0
287.png,287_len4_bd_1.png,3.4
137.png,137_len4_gn_1.png,3.6
7.png,7_len4_len1_st_1.png,2.8
202.png,202_len2_bd_2.png,2.222222222
27.png,27_len1_gb_3.png,1.888888889
82.png,82_len1_len3_bd_1.png,4.0
338.png,338_len2_gn_3.png,3.25
324.png,324_len5_st_3.png,2.4
234.png,234_len5_len2_st_3.png,1.8
29.png,29_len6_len2_st_2.png,2.0
175.png,175_len5_st_2.png,2.777777778
146.png,146_len4_gb_3.png,2.666666667
288.png,288_len4_gb_1.png,3.3
8.png,8_len1_gb_2.png,2.3
355.png,355_len3_len5_gn_1.png,3.555555556
236.png,236_len5_bd_1.png,3.625
344.png,344_len2_len5_bd_2.png,2.25
423.png,423_len3_len6_gn_3.png,2.0
9.png,9_len6_bd_3.png,2.2
403.png,403_len3_gn_1.png,4.2
422.png,422_len2_len5_bd_1.png,2.8
3.png,3_len5_gb_3.png,3.0
161.png,161_len4_len1_gn_3.png,3.0
120.png,120_len1_gn_3.png,3.0
42.png,42_len3_gn_1.png,3.666666667
3.png,3_len5_bd_3.png,2.222222222
259.png,259_len5_len2_gb_1.png,3.111111111
343.png,343_len3_bd_1.png,3.3
232.png,232_len2_gb_1.png,3.888888889
415.png,415_len3_len5_gn_3.png,2.444444444
368.png,368_len3_gn_3.png,3.0
201.png,201_len2_len5_st_3.png,2.5
28.png,28_len2_len6_gn_1.png,3.2
345.png,345_len2_len5_bd_2.png,1.8
276.png,276_len6_gn_1.png,3.7
251.png,251_len2_len6_gb_2.png,2.5
170.png,170_len2_gn_1.png,4.3
78.png,78_len4_gb_2.png,2.5
208.png,208_len4_len1_gn_2.png,2.6
214.png,214_len3_gn_1.png,2.875
162.png,162_len1_len4_gb_2.png,3.0
229.png,229_len1_len5_bd_1.png,3.1
230.png,230_len3_len6_st_3.png,1.8
82.png,82_len1_len3_gn_2.png,3.0
168.png,168_len5_len2_gn_2.png,3.0
243.png,243_len1_gb_3.png,1.9
227.png,227_len2_gn_3.png,4.111111111
370.png,370_len2_len6_st_3.png,1.8
86.png,86_len4_len1_gn_1.png,3.555555556
292.png,292_len5_st_1.png,3.7
327.png,327_len5_bd_1.png,3.375
430.png,430_len4_len1_bd_3.png,1.25
77.png,77_len5_gb_2.png,2.5
105.png,105_len5_gn_1.png,4.0
324.png,324_len5_gn_2.png,3.1
246.png,246_len4_len2_gb_1.png,3.5
268.png,268_len4_len1_bd_3.png,1.8
369.png,369_len1_len3_st_2.png,2.0
233.png,233_len4_gb_1.png,3.6
131.png,131_len6_len3_bd_3.png,1.625
393.png,393_len3_len6_gb_3.png,2.2
138.png,138_len4_bd_1.png,3.4
393.png,393_len3_gn_2.png,3.2
192.png,192_len1_len4_st_2.png,1.8
421.png,421_len3_len6_bd_2.png,2.4
113.png,113_len3_len6_bd_1.png,2.8
130.png,130_len2_st_2.png,2.777777778
331.png,331_len3_st_2.png,2.2
317.png,317_len5_len1_st_2.png,1.9
180.png,180_len3_gb_2.png,3.2
130.png,130_len2_bd_2.png,2.888888889
35.png,35_len4_len1_bd_2.png,3.2
200.png,200_len3_len6_bd_2.png,2.0
103.png,103_len1_st_2.png,2.625
25.png,25_len2_bd_2.png,2.888888889
241.png,241_len4_len1_gb_1.png,1.8
209.png,209_len3_len6_bd_3.png,1.5
18.png,18_len5_len3_st_2.png,3.0
76.png,76_len5_len2_gb_2.png,2.777777778
221.png,221_len6_len3_gb_1.png,3.555555556
396.png,396_len4_len6_gn_1.png,3.666666667
339.png,339_len4_st_3.png,1.9
69.png,69_len4_len1_bd_1.png,2.8
376.png,376_len3_gn_1.png,3.555555556
327.png,327_len5_gb_2.png,2.7
170.png,170_len2_len5_gn_3.png,2.8
274.png,274_len3_gb_2.png,2.6
1.png,1_len3_gb_3.png,2.5
185.png,185_len6_len3_bd_3.png,1.8
301.png,301_len2_st_1.png,2.3
189.png,189_len4_gn_3.png,2.9
136.png,136_len4_len1_gb_3.png,2.0
142.png,142_len6_len3_gn_2.png,2.444444444
183.png,183_len2_len5_st_3.png,1.666666667
116.png,116_len6_len2_bd_3.png,1.555555556
135.png,135_len5_len2_bd_2.png,2.0
426.png,426_len2_gb_3.png,2.5
303.png,303_len5_gn_3.png,2.666666667
318.png,318_len4_gb_2.png,2.9
316.png,316_len5_gn_1.png,3.6
389.png,389_len5_len3_bd_3.png,1.7
309.png,309_len3_st_3.png,2.4
405.png,405_len3_st_3.png,2.0
146.png,146_len4_bd_3.png,2.777777778
317.png,317_len5_gb_3.png,2.6
415.png,415_len3_len5_gb_2.png,2.8
175.png,175_len5_bd_3.png,1.9
251.png,251_len2_len6_bd_2.png,2.444444444
239.png,239_len4_len1_gn_1.png,3.8
176.png,176_len5_gb_3.png,3.0
252.png,252_len2_bd_2.png,2.333333333
148.png,148_len6_bd_1.png,3.777777778
183.png,183_len2_gn_3.png,2.7
202.png,202_len2_bd_1.png,3.4
57.png,57_len1_len4_gn_2.png,3.2
183.png,183_len2_gn_1.png,3.25
276.png,276_len6_len3_gb_3.png,2.2
294.png,294_len2_gn_1.png,3.555555556
325.png,325_len3_gn_3.png,2.888888889
347.png,347_len3_len6_gb_2.png,2.2
394.png,394_len5_gb_2.png,3.1
361.png,361_len2_gn_2.png,2.777777778
181.png,181_len2_bd_1.png,3.625
140.png,140_len4_len6_bd_1.png,2.3
123.png,123_len4_bd_1.png,4.111111111
25.png,25_len2_gb_1.png,3.6
385.png,385_len5_len2_gn_3.png,2.5
103.png,103_len1_gb_3.png,2.777777778
384.png,384_len1_len4_bd_2.png,2.444444444
209.png,209_len3_len6_st_1.png,3.0
281.png,281_len4_len6_st_3.png,1.666666667
72.png,72_len6_st_2.png,2.111111111
341.png,341_len2_gb_3.png,2.444444444
52.png,52_len1_len4_gn_2.png,3.2
400.png,400_len2_len6_gn_1.png,3.4
305.png,305_len2_len5_st_3.png,2.1
323.png,323_len4_st_3.png,1.8
228.png,228_len5_gn_2.png,3.555555556
303.png,303_len5_len2_gn_1.png,3.1
197.png,197_len1_len4_gn_2.png,3.2
407.png,407_len3_bd_3.png,2.4
19.png,19_len2_len6_st_2.png,1.6
299.png,299_len1_bd_1.png,2.9
233.png,233_len4_bd_3.png,2.2
421.png,421_len3_st_3.png,2.25
172.png,172_len4_len1_gb_1.png,3.3
109.png,109_len3_len6_st_2.png,1.9
160.png,160_len1_len4_st_3.png,2.0
3.png,3_len5_len2_gn_2.png,2.444444444
61.png,61_len4_st_2.png,2.0
231.png,231_len1_len4_bd_2.png,2.2
176.png,176_len5_bd_3.png,2.8
206.png,206_len2_len5_gn_2.png,2.375
72.png,72_len6_gb_1.png,3.4
150.png,150_len2_st_2.png,2.111111111
41.png,41_len3_len6_gn_2.png,2.714285714
161.png,161_len4_len1_bd_3.png,2.0
29.png,29_len6_gn_2.png,3.3
178.png,178_len4_len1_st_3.png,1.8
99.png,99_len6_bd_1.png,3.555555556
184.png,184_len6_len3_bd_3.png,1.555555556
327.png,327_len5_len3_gb_3.png,1.8
10.png,10_len5_len3_st_3.png,1.6
84.png,84_len4_len1_bd_2.png,1.8
53.png,53_len4_st_1.png,3.0
241.png,241_len4_bd_1.png,3.4
177.png,177_len3_len6_bd_2.png,2.555555556
363.png,363_len2_gb_2.png,3.0
25.png,25_len2_len6_bd_2.png,1.9
172.png,172_len4_st_1.png,3.2
16.png,16_len5_gb_2.png,2.2
334.png,334_len2_len4_gn_3.png,2.2
74.png,74_len6_gb_3.png,1.8
336.png,336_len4_len1_st_2.png,2.222222222
259.png,259_len5_gn_3.png,2.7
109.png,109_len3_gn_3.png,2.5
47.png,47_len3_len5_bd_3.png,1.6
62.png,62_len5_st_1.png,2.8
343.png,343_len3_len5_gb_2.png,2.6
77.png,77_len5_len2_gn_2.png,2.7
132.png,132_len6_gn_1.png,3.444444444
261.png,261_len4_len1_gn_3.png,2.125
309.png,309_len3_len6_gn_2.png,2.8
197.png,197_len1_gn_2.png,3.375
104.png,104_len1_st_1.png,3.222222222
44.png,44_len2_gb_3.png,2.8
324.png,324_len5_len3_gb_3.png,1.8
408.png,408_len5_len2_bd_3.png,2.1
425.png,425_len6_len3_gn_2.png,3.0
382.png,382_len4_bd_2.png,3.0
100.png,100_len5_gb_3.png,2.4
300.png,300_len2_len5_gb_3.png,1.4
54.png,54_len5_len2_gn_1.png,3.2
263.png,263_len3_gb_2.png,1.9
140.png,140_len4_gn_2.png,2.9
198.png,198_len2_st_2.png,3.2
417.png,417_len2_len5_bd_2.png,3.2
63.png,63_len3_len6_gn_2.png,2.222222222
240.png,240_len5_len2_gn_1.png,3.4
232.png,232_len2_len5_gb_2.png,2.5
363.png,363_len2_bd_3.png,2.1
354.png,354_len5_st_3.png,2.777777778
311.png,311_len5_gn_1.png,3.6
160.png,160_len1_st_1.png,3.2
166.png,166_len4_gb_3.png,2.222222222
74.png,74_len6_len2_gb_3.png,1.4
243.png,243_len1_len4_st_3.png,1.8
85.png,85_len2_st_1.png,3.2
167.png,167_len4_len1_bd_1.png,3.125
303.png,303_len5_bd_2.png,2.7
203.png,203_len6_gb_1.png,3.222222222
194.png,194_len4_bd_1.png,3.0
353.png,353_len2_len5_st_1.png,2.9
35.png,35_len4_gb_1.png,3.8
399.png,399_len2_st_3.png,2.4
259.png,259_len5_gn_1.png,3.666666667
33.png,33_len3_len6_bd_3.png,1.2
64.png,64_len1_bd_2.png,3.0
109.png,109_len3_len6_gn_2.png,2.888888889
410.png,410_len1_bd_3.png,2.625
385.png,385_len5_bd_2.png,2.625
332.png,332_len4_bd_1.png,3.4
235.png,235_len6_len4_st_3.png,1.8
337.png,337_len3_bd_1.png,3.0
275.png,275_len3_bd_1.png,3.2
105.png,105_len5_gb_3.png,2.666666667
388.png,388_len3_len6_bd_1.png,2.333333333
334.png,334_len2_len4_gb_2.png,1.8
14.png,14_len2_bd_1.png,3.0
175.png,175_len5_gn_3.png,3.111111111
7.png,7_len4_len1_gb_3.png,2.0
78.png,78_len4_len6_gn_2.png,2.6
316.png,316_len5_len2_gb_3.png,2.0
406.png,406_len5_len3_gn_2.png,2.6
216.png,216_len2_len5_gb_3.png,1.666666667
71.png,71_len4_len1_st_1.png,2.2
359.png,359_len4_len1_st_1.png,2.444444444
73.png,73_len4_bd_3.png,2.7
389.png,389_len5_len3_gn_3.png,3.1
226.png,226_len5_len2_bd_1.png,3.5
407.png,407_len3_len5_gb_1.png,3.2
78.png,78_len4_bd_1.png,3.8
320.png,320_len3_len6_gb_3.png,2.0
345.png,345_len2_bd_3.png,2.0
205.png,205_len3_len6_gb_2.png,2.2
135.png,135_len5_gn_1.png,3.4
162.png,162_len1_len4_gb_3.png,1.75
293.png,293_len6_len3_bd_2.png,2.5
293.png,293_len6_len3_gb_3.png,1.777777778
274.png,274_len3_len5_gb_2.png,2.555555556
356.png,356_len6_len3_gn_3.png,2.666666667
114.png,114_len1_gb_2.png,2.2
180.png,180_len3_len6_gb_2.png,2.6
406.png,406_len5_len3_gb_3.png,1.555555556
428.png,428_len3_gb_3.png,2.3
102.png,102_len2_gn_2.png,3.3
124.png,124_len3_len6_gb_3.png,2.1
111.png,111_len5_len2_gb_3.png,2.8
319.png,319_len3_gb_1.png,3.222222222
149.png,149_len3_gb_2.png,2.7
267.png,267_len2_len5_gn_2.png,2.4
237.png,237_len3_len5_st_3.png,2.222222222
256.png,256_len4_len1_gn_1.png,3.1
208.png,208_len4_st_2.png,2.714285714
344.png,344_len2_len5_gb_2.png,2.4
298.png,298_len3_gn_3.png,2.75
77.png,77_len5_len2_bd_2.png,3.0
361.png,361_len2_bd_2.png,2.9
372.png,372_len3_len5_gn_2.png,3.2
199.png,199_len2_bd_2.png,2.0
190.png,190_len2_len5_gn_3.png,2.2
11.png,11_len3_len5_st_2.png,2.0
33.png,33_len3_len6_gn_2.png,3.2
362.png,362_len2_st_1.png,2.777777778
351.png,351_len2_gb_3.png,1.9
247.png,247_len1_len5_gb_1.png,2.8
86.png,86_len4_gn_2.png,3.3
30.png,30_len5_len3_gn_3.png,2.8
75.png,75_len3_len1_bd_1.png,2.9
39.png,39_len3_len1_gb_1.png,3.2
385.png,385_len5_len2_bd_2.png,2.333333333
355.png,355_len3_len5_bd_1.png,2.5
125.png,125_len2_st_3.png,2.625
258.png,258_len2_len5_gb_1.png,3.142857143
125.png,125_len2_len4_st_1.png,3.8
223.png,223_len3_bd_3.png,2.9
171.png,171_len3_len6_gn_1.png,4.0
419.png,419_len5_bd_1.png,3.666666667
53.png,53_len4_len1_st_2.png,3.0
38.png,38_len5_gn_2.png,3.222222222
327.png,327_len5_gn_2.png,3.1
329.png,329_len3_len1_st_1.png,2.5
334.png,334_len2_st_2.png,2.625
377.png,377_len4_gn_1.png,3.8
395.png,395_len3_gn_1.png,3.4
129.png,129_len2_len5_gn_2.png,3.0
335.png,335_len5_len3_gb_3.png,2.0
172.png,172_len4_len1_bd_2.png,2.9
244.png,244_len4_bd_3.png,1.8
336.png,336_len4_gb_3.png,2.666666667
262.png,262_len3_gb_2.png,2.777777778
30.png,30_len5_bd_2.png,2.8
399.png,399_len2_st_1.png,3.1
257.png,257_len3_len6_gb_1.png,3.1
324.png,324_len5_len3_st_2.png,2.222222222
235.png,235_len6_gb_1.png,3.2
207.png,207_len1_bd_1.png,3.3
305.png,305_len2_bd_2.png,2.5
230.png,230_len3_len6_gn_2.png,3.1
338.png,338_len2_len6_gn_1.png,3.0
105.png,105_len5_len3_gn_3.png,2.5
365.png,365_len3_len6_bd_3.png,2.2
284.png,284_len1_len4_st_3.png,2.2
182.png,182_len1_len4_st_3.png,1.6
391.png,391_len4_bd_3.png,2.8
21.png,21_len6_len2_bd_1.png,3.3
283.png,283_len6_gn_1.png,3.555555556
275.png,275_len3_gb_3.png,2.5
293.png,293_len6_gb_1.png,3.7
72.png,72_len6_st_1.png,2.9
388.png,388_len3_len6_gn_2.png,2.8
260.png,260_len4_len6_gb_2.png,2.6
150.png,150_len2_len5_bd_3.png,1.6
363.png,363_len2_len6_st_1.png,3.2
70.png,70_len1_st_2.png,2.666666667
361.png,361_len2_gb_3.png,3.2
401.png,401_len1_bd_2.png,2.8
335.png,335_len5_bd_2.png,2.6
6.png,6_len4_len1_gn_3.png,2.2
9.png,9_len6_len2_bd_3.png,2.111111111
359.png,359_len4_len1_gn_3.png,2.111111111
270.png,270_len1_len4_st_1.png,3.4
276.png,276_len6_len3_gn_3.png,2.222222222
363.png,363_len2_len6_gb_1.png,3.444444444
148.png,148_len6_gb_2.png,3.3
227.png,227_len2_len5_gb_3.png,1.8
206.png,206_len2_gn_1.png,3.0
278.png,278_len6_len2_gn_1.png,3.4
346.png,346_len1_len3_gn_2.png,2.0
283.png,283_len6_len4_bd_2.png,2.0
398.png,398_len1_gb_3.png,2.555555556
422.png,422_len2_len5_gb_1.png,3.8
417.png,417_len2_gb_1.png,3.6
140.png,140_len4_st_1.png,2.8
264.png,264_len2_len4_st_2.png,2.8
12.png,12_len1_bd_3.png,1.666666667
45.png,45_len2_len5_bd_1.png,2.8
10.png,10_len5_len3_bd_1.png,2.8
372.png,372_len3_len5_gn_1.png,3.5
229.png,229_len1_len5_bd_3.png,2.222222222
288.png,288_len4_gn_3.png,2.8
271.png,271_len5_gn_3.png,2.7
309.png,309_len3_st_1.png,2.8
399.png,399_len2_len5_st_2.png,2.3
127.png,127_len1_len4_st_3.png,3.2
87.png,87_len3_bd_3.png,2.3
178.png,178_len4_gn_3.png,3.222222222
325.png,325_len3_st_1.png,3.0
349.png,349_len3_bd_1.png,3.444444444
372.png,372_len3_st_1.png,2.666666667
258.png,258_len2_bd_3.png,2.5
281.png,281_len4_len6_bd_1.png,3.1
7.png,7_len4_len1_gn_2.png,2.7
369.png,369_len1_len3_gb_1.png,3.375
370.png,370_len2_len6_gb_3.png,1.8
155.png,155_len2_len5_st_3.png,2.333333333
325.png,325_len3_len6_gb_2.png,2.3
176.png,176_len5_gn_3.png,3.4
407.png,407_len3_len5_gn_1.png,3.0
115.png,115_len6_len3_st_3.png,1.7
115.png,115_len6_bd_1.png,3.2
79.png,79_len1_gb_3.png,2.8
94.png,94_len5_len2_st_1.png,2.777777778
162.png,162_len1_bd_2.png,2.444444444
82.png,82_len1_len3_st_2.png,2.75
280.png,280_len6_gn_3.png,2.8
79.png,79_len1_len3_gb_3.png,2.4
362.png,362_len2_len5_bd_2.png,2.2
248.png,248_len2_len5_gb_2.png,2.444444444
257.png,257_len3_gn_1.png,3.75
380.png,380_len2_len6_bd_1.png,3.0
416.png,416_len3_len6_gn_1.png,3.333333333
183.png,183_len2_len5_bd_1.png,3.0
139.png,139_len6_gn_2.png,2.8
293.png,293_len6_len3_gb_1.png,3.5
37.png,37_len5_bd_3.png,2.6
379.png,379_len5_len3_gn_3.png,2.111111111
4.png,4_len3_len5_gb_2.png,2.8
208.png,208_len4_len1_gn_1.png,3.3
100.png,100_len5_len2_bd_1.png,3.0
16.png,16_len5_len2_gb_3.png,1.555555556
281.png,281_len4_gb_2.png,2.8
10.png,10_len5_len3_gn_1.png,3.2
364.png,364_len3_len6_st_1.png,2.6
315.png,315_len6_bd_2.png,3.333333333
225.png,225_len3_len6_gb_1.png,2.666666667
390.png,390_len2_len5_bd_2.png,2.2
15.png,15_len2_st_1.png,2.8
135.png,135_len5_len2_gb_1.png,2.5
204.png,204_len4_len1_st_2.png,2.777777778
397.png,397_len6_len2_st_2.png,2.222222222
330.png,330_len3_len5_gb_1.png,3.111111111
2.png,2_len2_len5_gn_2.png,2.777777778
375.png,375_len1_len4_gn_2.png,3.2
367.png,367_len2_st_2.png,2.777777778
327.png,327_len5_len3_st_1.png,2.222222222
242.png,242_len1_gn_2.png,3.2
282.png,282_len1_len4_bd_3.png,1.9
287.png,287_len4_len1_st_3.png,1.8
120.png,120_len1_len4_bd_3.png,2.1
381.png,381_len1_len4_st_2.png,3.1
203.png,203_len6_len3_bd_1.png,2.625
23.png,23_len4_st_3.png,2.428571429
357.png,357_len5_gb_1.png,3.111111111
63.png,63_len3_bd_2.png,2.888888889
269.png,269_len3_gb_2.png,2.857142857
125.png,125_len2_len4_st_2.png,3.2
385.png,385_len5_len2_gn_1.png,3.8
421.png,421_len3_gb_3.png,3.0
290.png,290_len3_st_3.png,2.2
151.png,151_len3_len1_bd_1.png,2.3
368.png,368_len3_len6_bd_2.png,2.6
91.png,91_len4_gb_3.png,3.222222222
425.png,425_len6_len3_st_2.png,2.1
201.png,201_len2_len5_gn_1.png,3.2
225.png,225_len3_len6_st_1.png,2.555555556
402.png,402_len3_len6_gb_2.png,2.2
72.png,72_len6_len2_gb_1.png,3.0
235.png,235_len6_gn_3.png,3.1
78.png,78_len4_st_2.png,3.125
312.png,312_len5_gb_3.png,2.5
227.png,227_len2_len5_gn_2.png,2.8
148.png,148_len6_gn_3.png,3.2
332.png,332_len4_st_2.png,2.5
67.png,67_len2_len5_bd_2.png,2.875
300.png,300_len2_len5_st_3.png,2.222222222
257.png,257_len3_st_3.png,2.333333333
285.png,285_len1_len3_gb_3.png,2.0
170.png,170_len2_gb_2.png,3.0
338.png,338_len2_gb_2.png,2.875
94.png,94_len5_len2_gn_2.png,3.0
17.png,17_len1_len3_gn_3.png,2.444444444
105.png,105_len5_len3_gb_2.png,2.3
28.png,28_len2_len6_gb_2.png,3.111111111
135.png,135_len5_len2_gn_2.png,2.4
131.png,131_len6_gn_2.png,3.2
385.png,385_len5_len2_gn_2.png,2.9
158.png,158_len2_len5_st_2.png,2.222222222
146.png,146_len4_len1_gb_3.png,1.8
11.png,11_len3_bd_1.png,3.2
346.png,346_len1_bd_3.png,2.2
216.png,216_len2_bd_1.png,3.0
72.png,72_len6_bd_1.png,3.333333333
53.png,53_len4_len1_gb_3.png,1.8
425.png,425_len3_gn_2.png,2.857142857
349.png,349_len3_len5_st_2.png,1.75
60.png,60_len1_len4_bd_1.png,2.8
23.png,23_len4_len1_gb_2.png,3.8
90.png,90_len5_gn_3.png,3.6
283.png,283_len6_bd_2.png,2.6
279.png,279_len5_len3_st_3.png,2.222222222
260.png,260_len4_len6_st_3.png,2.7
95.png,95_len4_len6_gn_3.png,3.2
47.png,47_len3_bd_2.png,2.4
258.png,258_len2_len5_bd_2.png,2.2
29.png,29_len6_st_1.png,3.1
20.png,20_len3_len6_st_2.png,2.2
348.png,348_len3_len6_gb_1.png,3.111111111
169.png,169_len6_len3_bd_2.png,2.444444444
231.png,231_len1_gn_1.png,3.8
37.png,37_len5_gb_1.png,3.875
218.png,218_len5_st_1.png,2.555555556
63.png,63_len3_len6_bd_3.png,1.5
150.png,150_len2_gb_2.png,3.1
262.png,262_len3_len6_gn_2.png,2.4
382.png,382_len4_gn_1.png,3.0
427.png,427_len4_bd_3.png,2.222222222
427.png,427_len2_len4_gb_1.png,2.875
80.png,80_len3_len5_gb_2.png,1.8
72.png,72_len6_gb_2.png,2.9
308.png,308_len1_st_1.png,3.3
332.png,332_len4_gb_2.png,2.5
159.png,159_len4_gb_2.png,3.125
66.png,66_len4_bd_2.png,2.2
200.png,200_len3_len6_gn_3.png,2.3
95.png,95_len4_st_1.png,2.5
338.png,338_len2_bd_2.png,2.7
145.png,145_len6_len3_gn_1.png,3.444444444
29.png,29_len6_len2_gb_2.png,2.444444444
159.png,159_len4_gn_1.png,2.555555556
366.png,366_len3_bd_1.png,3.5
196.png,196_len2_len5_st_2.png,2.777777778
136.png,136_len4_len1_gn_3.png,2.2
372.png,372_len3_len5_gn_3.png,2.6
353.png,353_len2_len5_bd_3.png,2.2
282.png,282_len1_st_2.png,2.1
356.png,356_len6_len3_bd_1.png,3.3
400.png,400_len2_len6_st_1.png,1.8
263.png,263_len3_len6_bd_2.png,2.222222222
47.png,47_len3_len5_st_3.png,1.888888889
300.png,300_len2_gn_1.png,3.666666667
376.png,376_len3_len1_bd_2.png,2.2
63.png,63_len3_len6_gb_1.png,3.6
279.png,279_len5_bd_2.png,3.0
346.png,346_len1_len3_gb_2.png,2.6
2.png,2_len2_bd_2.png,2.555555556
295.png,295_len3_bd_2.png,2.8
396.png,396_len4_len6_gb_1.png,3.2
181.png,181_len2_len5_st_3.png,2.555555556
140.png,140_len4_gn_1.png,3.2
144.png,144_len2_len5_gn_1.png,3.777777778
237.png,237_len3_len5_gb_1.png,3.444444444
388.png,388_len3_len6_st_2.png,2.9
30.png,30_len5_len3_st_3.png,2.0
370.png,370_len2_len6_gn_2.png,2.8
26.png,26_len3_gb_1.png,3.2
373.png,373_len2_len4_st_1.png,2.555555556
288.png,288_len4_len1_gb_1.png,3.1
413.png,413_len2_gn_2.png,3.0
98.png,98_len3_st_1.png,2.444444444
287.png,287_len4_bd_3.png,2.2
204.png,204_len4_st_2.png,3.2
127.png,127_len1_st_1.png,3.2
195.png,195_len4_gn_1.png,3.8
264.png,264_len2_len4_gn_2.png,2.8
257.png,257_len3_len6_st_2.png,1.7
403.png,403_len3_len6_st_1.png,2.444444444
90.png,90_len5_len2_gn_2.png,3.375
115.png,115_len6_len3_bd_3.png,1.8
370.png,370_len2_len6_bd_2.png,2.2
93.png,93_len4_gn_3.png,3.2
26.png,26_len3_gb_2.png,2.777777778
151.png,151_len3_st_1.png,2.888888889
81.png,81_len4_len6_gb_1.png,3.666666667
430.png,430_len4_gb_1.png,3.2
322.png,322_len1_len3_gb_2.png,3.0
288.png,288_len4_bd_1.png,3.111111111
20.png,20_len3_len6_bd_2.png,2.2
312.png,312_len5_gb_2.png,3.0
241.png,241_len4_st_2.png,2.2
22.png,22_len1_gn_3.png,2.666666667
377.png,377_len4_len2_gb_2.png,2.2
356.png,356_len6_len3_gb_3.png,2.4
181.png,181_len2_gn_2.png,4.2
292.png,292_len5_len3_gn_2.png,2.8
291.png,291_len3_len6_bd_1.png,3.1
15.png,15_len2_len4_bd_3.png,1.75
253.png,253_len2_st_3.png,2.5
142.png,142_len6_len3_st_1.png,2.8
205.png,205_len3_bd_3.png,2.2
211.png,211_len6_len3_gn_1.png,3.2
195.png,195_len4_gn_3.png,3.2
325.png,325_len3_len6_gb_1.png,3.2
45.png,45_len2_len5_bd_3.png,1.8
36.png,36_len1_len5_gb_1.png,2.8
128.png,128_len6_gn_3.png,3.2
386.png,386_len5_gb_1.png,3.8
384.png,384_len1_gn_2.png,2.9
116.png,116_len6_gb_2.png,3.0
77.png,77_len5_len2_gb_1.png,3.1
316.png,316_len5_len2_bd_1.png,3.222222222
389.png,389_len5_len3_gb_1.png,3.5
131.png,131_len6_len3_bd_1.png,3.2
223.png,223_len3_gb_1.png,3.888888889
24.png,24_len2_len6_gb_3.png,2.1
43.png,43_len6_bd_1.png,3.3
412.png,412_len3_bd_3.png,3.0
116.png,116_len6_len2_bd_1.png,2.9
81.png,81_len4_bd_2.png,2.6
354.png,354_len5_gb_2.png,2.7
49.png,49_len5_len1_gn_1.png,3.0
179.png,179_len1_len4_st_1.png,3.0
48.png,48_len4_len1_gn_3.png,3.2
227.png,227_len2_len5_gb_2.png,2.2
315.png,315_len6_len2_gb_3.png,1.555555556
255.png,255_len5_gb_1.png,3.8
265.png,265_len4_len1_gb_1.png,3.2
390.png,390_len2_len5_st_2.png,1.9
140.png,140_len4_len6_bd_2.png,2.2
248.png,248_len2_bd_2.png,3.0
308.png,308_len1_len5_gn_2.png,2.2
400.png,400_len2_len6_bd_2.png,2.2
302.png,302_len2_len6_bd_3.png,1.375
315.png,315_len6_len2_st_3.png,1.555555556
203.png,203_len6_bd_3.png,2.222222222
290.png,290_len3_len5_gb_1.png,3.0
250.png,250_len2_len5_gn_2.png,2.6
79.png,79_len1_len3_gn_2.png,2.666666667
192.png,192_len1_gb_1.png,3.8
357.png,357_len5_len3_gn_3.png,2.3
164.png,164_len6_gn_2.png,2.8
132.png,132_len6_len3_bd_3.png,1.8
337.png,337_len3_len6_gn_1.png,3.4
53.png,53_len4_len1_gn_1.png,2.8
320.png,320_len3_st_2.png,2.222222222
420.png,420_len3_gn_2.png,3.3
207.png,207_len1_gn_2.png,3.0
274.png,274_len3_gb_1.png,3.4
70.png,70_len1_len4_gb_1.png,3.5
58.png,58_len2_len4_gn_1.png,4.111111111
81.png,81_len4_gn_2.png,2.8
194.png,194_len4_len1_gn_3.png,2.4
35.png,35_len4_len1_gn_3.png,2.555555556
378.png,378_len3_st_2.png,2.555555556
207.png,207_len1_len4_gn_3.png,2.3
350.png,350_len2_len5_gn_3.png,2.111111111
321.png,321_len2_bd_2.png,2.8
268.png,268_len4_len1_gb_1.png,3.333333333
37.png,37_len5_gb_3.png,2.875
81.png,81_len4_len6_bd_3.png,1.555555556
344.png,344_len2_gb_2.png,3.0
194.png,194_len4_gn_2.png,3.2
349.png,349_len3_len5_gn_3.png,2.2
181.png,181_len2_gb_3.png,2.5
296.png,296_len6_gb_2.png,2.777777778
89.png,89_len2_gn_1.png,4.333333333
203.png,203_len6_gn_3.png,2.5
373.png,373_len2_gb_3.png,2.444444444
232.png,232_len2_bd_3.png,2.8
163.png,163_len5_st_3.png,1.8
260.png,260_len4_bd_2.png,3.222222222
219.png,219_len3_gb_1.png,2.8
405.png,405_len3_len6_st_1.png,2.555555556
363.png,363_len2_len6_st_3.png,2.111111111
122.png,122_len1_gb_2.png,3.2
75.png,75_len3_len1_gb_3.png,2.2
253.png,253_len2_len5_gb_3.png,1.8
226.png,226_len5_gn_2.png,3.6
379.png,379_len5_len3_gb_1.png,2.555555556
239.png,239_len4_bd_1.png,3.111111111
121.png,121_len1_gn_2.png,3.0
298.png,298_len3_gb_3.png,1.888888889
394.png,394_len5_gb_3.png,2.7
11.png,11_len3_gn_3.png,2.2
141.png,141_len5_bd_2.png,3.1
163.png,163_len5_gn_3.png,3.3
58.png,58_len2_len4_gb_1.png,3.8
173.png,173_len4_len1_bd_3.png,1.428571429
87.png,87_len3_len6_gn_2.png,2.5
143.png,143_len5_st_2.png,2.6
207.png,207_len1_gn_1.png,3.0
323.png,323_len4_st_1.png,2.8
412.png,412_len3_gb_2.png,3.666666667
48.png,48_len4_gb_2.png,2.888888889
91.png,91_len4_len6_st_3.png,2.0
295.png,295_len3_len6_gn_3.png,2.222222222
131.png,131_len6_len3_gb_3.png,1.8
412.png,412_len3_gn_2.png,2.8
27.png,27_len1_bd_1.png,3.1
90.png,90_len5_len2_gb_3.png,2.25
89.png,89_len2_st_3.png,2.111111111
124.png,124_len3_len6_bd_3.png,2.625
269.png,269_len3_bd_2.png,3.0
356.png,356_len6_gn_2.png,2.555555556
3.png,3_len5_len2_st_2.png,2.8
366.png,366_len3_st_3.png,1.9
362.png,362_len2_gn_1.png,3.777777778
256.png,256_len4_len1_gb_3.png,1.5
364.png,364_len3_len6_st_2.png,1.888888889
57.png,57_len1_len4_gn_1.png,3.3
133.png,133_len1_len4_gb_1.png,3.4
283.png,283_len6_st_1.png,2.3
2.png,2_len2_len5_bd_3.png,1.777777778
297.png,297_len2_len4_gb_3.png,1.8
100.png,100_len5_gb_2.png,3.1
215.png,215_len4_gb_1.png,2.888888889
314.png,314_len5_gb_1.png,3.666666667
218.png,218_len5_gb_2.png,3.2
194.png,194_len4_len1_st_2.png,1.8
245.png,245_len2_len5_gb_3.png,1.6
280.png,280_len6_bd_2.png,3.0
84.png,84_len4_len1_st_2.png,2.6
382.png,382_len4_st_1.png,2.7
343.png,343_len3_bd_2.png,3.2
337.png,337_len3_gb_3.png,2.2
143.png,143_len5_len2_st_3.png,2.0
121.png,121_len1_st_2.png,2.2
242.png,242_len1_bd_2.png,2.8
256.png,256_len4_len1_st_1.png,2.555555556
132.png,132_len6_len3_gb_2.png,2.0
322.png,322_len1_len3_gn_1.png,3.8
63.png,63_len3_st_2.png,2.888888889
349.png,349_len3_len5_gb_3.png,2.25
326.png,326_len5_bd_3.png,2.5
56.png,56_len1_len4_st_2.png,2.444444444
26.png,26_len3_gn_2.png,3.1
407.png,407_len3_len5_gb_2.png,2.0
350.png,350_len2_gn_2.png,3.222222222
18.png,18_len5_len3_gn_2.png,1.8
280.png,280_len6_gb_2.png,2.777777778
400.png,400_len2_bd_1.png,3.2
210.png,210_len1_st_2.png,2.6
311.png,311_len5_len3_bd_1.png,3.0
362.png,362_len2_len5_bd_3.png,2.0
428.png,428_len3_gb_2.png,2.9
16.png,16_len5_len2_gn_3.png,2.555555556
325.png,325_len3_len6_bd_2.png,2.6
120.png,120_len1_len4_bd_1.png,3.3
205.png,205_len3_st_2.png,2.555555556
318.png,318_len4_len6_gn_3.png,2.444444444
310.png,310_len4_gb_2.png,3.0
371.png,371_len3_gn_1.png,3.333333333
376.png,376_len3_st_3.png,2.2
385.png,385_len5_bd_1.png,3.222222222
404.png,404_len3_gn_3.png,2.777777778
12.png,12_len1_len4_gn_2.png,3.2
153.png,153_len1_len4_gn_3.png,3.2
106.png,106_len6_len2_bd_2.png,2.2
394.png,394_len5_gn_1.png,3.6
213.png,213_len4_len1_bd_1.png,3.6
164.png,164_len6_gn_1.png,3.333333333
251.png,251_len2_gn_1.png,3.777777778
380.png,380_len2_len6_gn_1.png,3.6
245.png,245_len2_st_3.png,2.125
202.png,202_len2_st_1.png,1.8
171.png,171_len3_st_3.png,2.111111111
304.png,304_len3_len6_st_1.png,2.7
121.png,121_len1_len5_gn_3.png,2.5
352.png,352_len4_len1_gb_2.png,2.555555556
31.png,31_len3_st_2.png,2.6
169.png,169_len6_len3_gn_2.png,3.2
412.png,412_len3_len6_gn_1.png,3.4
228.png,228_len5_len2_bd_2.png,2.222222222
225.png,225_len3_len6_gn_1.png,2.777777778
9.png,9_len6_gn_1.png,3.7
32.png,32_len2_gn_1.png,3.8
211.png,211_len6_st_3.png,2.333333333
137.png,137_len4_len1_st_3.png,1.2
107.png,107_len1_st_2.png,2.7
62.png,62_len5_len2_st_2.png,2.8
292.png,292_len5_bd_1.png,3.7
127.png,127_len1_gb_1.png,3.1
90.png,90_len5_len2_gn_1.png,4.0
123.png,123_len4_gn_1.png,4.25
111.png,111_len5_len2_gb_2.png,2.5
229.png,229_len1_len5_gb_1.png,3.666666667
92.png,92_len5_len1_gb_2.png,2.2
140.png,140_len4_gb_2.png,2.777777778
22.png,22_len1_len4_gb_1.png,3.0
140.png,140_len4_len6_gb_2.png,1.888888889
183.png,183_len2_st_1.png,3.0
67.png,67_len2_gb_1.png,4.3
376.png,376_len3_len1_st_2.png,1.555555556
409.png,409_len2_bd_1.png,2.9
389.png,389_len5_st_3.png,3.2
275.png,275_len3_len6_bd_2.png,2.0
38.png,38_len5_gb_1.png,3.0
50.png,50_len6_gn_2.png,3.2
400.png,400_len2_gb_2.png,3.0
310.png,310_len4_gn_3.png,2.6
56.png,56_len1_gn_2.png,3.0
364.png,364_len3_len6_gb_3.png,2.222222222
284.png,284_len1_st_1.png,2.9
109.png,109_len3_len6_bd_1.png,3.222222222
226.png,226_len5_len2_st_1.png,2.333333333
321.png,321_len2_len4_gn_1.png,3.555555556
429.png,429_len3_len1_gn_1.png,3.2
22.png,22_len1_gb_2.png,2.75
164.png,164_len6_len3_gb_2.png,2.8
35.png,35_len4_gb_3.png,2.444444444
13.png,13_len4_len1_gb_2.png,2.8
22.png,22_len1_len4_gb_3.png,1.8
402.png,402_len3_len6_bd_2.png,2.0
56.png,56_len1_bd_3.png,2.4
9.png,9_len6_gb_3.png,2.222222222
279.png,279_len5_gn_2.png,2.777777778
26.png,26_len3_gn_3.png,3.3
146.png,146_len4_len1_st_1.png,2.5
326.png,326_len5_len2_gn_1.png,3.375
77.png,77_len5_st_3.png,2.1
250.png,250_len2_gb_1.png,3.5
285.png,285_len1_len3_gn_1.png,3.0
69.png,69_len4_len1_gb_1.png,2.6
26.png,26_len3_gb_3.png,3.1
361.png,361_len2_gn_3.png,2.8
314.png,314_len5_len2_bd_3.png,1.666666667
414.png,414_len2_bd_1.png,3.4
136.png,136_len4_len1_st_3.png,2.0
208.png,208_len4_len1_gb_2.png,2.125
267.png,267_len2_len5_gn_3.png,2.2
288.png,288_len4_gb_3.png,2.444444444
211.png,211_len6_len3_bd_1.png,2.5
183.png,183_len2_len5_gn_2.png,2.8
104.png,104_len1_bd_3.png,2.9
94.png,94_len5_len2_bd_3.png,1.888888889
197.png,197_len1_len4_gb_2.png,2.2
417.png,417_len2_st_1.png,3.5
258.png,258_len2_st_3.png,2.111111111
74.png,74_len6_len2_gb_2.png,1.8
308.png,308_len1_len5_st_2.png,2.666666667
162.png,162_len1_len4_gn_2.png,2.5
84.png,84_len4_bd_1.png,2.142857143
333.png,333_len3_gb_3.png,2.4
337.png,337_len3_gn_2.png,3.0
26.png,26_len3_len6_bd_3.png,1.3
144.png,144_len2_bd_3.png,2.777777778
185.png,185_len6_st_3.png,2.2
83.png,83_len5_len2_bd_2.png,2.4
21.png,21_len6_bd_3.png,2.3
379.png,379_len5_gn_3.png,2.7
36.png,36_len1_gn_1.png,3.2
217.png,217_len2_len5_gb_1.png,3.7
271.png,271_len5_len2_gb_1.png,3.3
303.png,303_len5_st_3.png,3.0
178.png,178_len4_len1_bd_1.png,3.5
58.png,58_len2_len4_gn_2.png,3.2
43.png,43_len6_gn_2.png,3.8
92.png,92_len5_gn_1.png,3.0
10.png,10_len5_st_2.png,2.428571429
253.png,253_len2_gb_3.png,2.6
308.png,308_len1_len5_gb_3.png,1.8
349.png,349_len3_len5_gn_2.png,2.8
405.png,405_len3_gn_3.png,2.444444444
406.png,406_len5_len3_st_2.png,1.9
169.png,169_len6_bd_3.png,2.2
279.png,279_len5_gn_3.png,2.9
190.png,190_len2_len5_bd_1.png,3.2
351.png,351_len2_st_2.png,2.7
316.png,316_len5_st_3.png,2.3
174.png,174_len6_len3_gn_1.png,3.8
212.png,212_len5_bd_1.png,3.3
426.png,426_len5_len2_gb_2.png,2.125
16.png,16_len5_len2_st_2.png,2.2
166.png,166_len4_gn_1.png,3.6
20.png,20_len3_gn_2.png,3.333333333
413.png,413_len2_len5_bd_2.png,2.25
175.png,175_len5_len2_st_1.png,3.2
71.png,71_len4_len1_bd_1.png,3.0
346.png,346_len1_len3_st_1.png,2.7
367.png,367_len2_len5_st_1.png,3.0
206.png,206_len2_gb_1.png,3.1
125.png,125_len2_len4_bd_3.png,1.3
88.png,88_len3_bd_3.png,3.111111111
195.png,195_len4_len1_gn_1.png,3.4
261.png,261_len4_len1_bd_2.png,2.4
63.png,63_len3_gb_1.png,4.0
430.png,430_len4_len1_gn_2.png,3.0
336.png,336_len4_st_3.png,2.2
173.png,173_len4_len1_bd_2.png,1.888888889
368.png,368_len3_st_1.png,2.8
108.png,108_len3_gb_3.png,1.75
393.png,393_len3_bd_2.png,2.7
210.png,210_len1_gb_1.png,3.8
400.png,400_len2_len6_gb_1.png,2.9
188.png,188_len2_st_3.png,1.2
265.png,265_len4_st_1.png,2.9
49.png,49_len5_gn_1.png,3.9
259.png,259_len5_len2_st_1.png,2.7
108.png,108_len3_len6_bd_2.png,2.444444444
232.png,232_len2_gn_1.png,4.0
286.png,286_len2_len6_bd_3.png,1.0
308.png,308_len1_len5_gn_1.png,3.5
85.png,85_len2_len5_gb_2.png,2.0
318.png,318_len4_gn_2.png,3.4
165.png,165_len4_gb_1.png,3.2
295.png,295_len3_len6_gb_1.png,2.9
298.png,298_len3_len1_gn_3.png,2.1
346.png,346_len1_bd_1.png,3.2
94.png,94_len5_len2_bd_2.png,2.2
31.png,31_len3_st_3.png,1.6
407.png,407_len3_gb_2.png,2.8
132.png,132_len6_len3_gb_3.png,2.0
279.png,279_len5_len3_bd_1.png,2.875
127.png,127_len1_bd_3.png,1.6
23.png,23_len4_bd_1.png,3.714285714
162.png,162_len1_gb_2.png,2.444444444
374.png,374_len1_gn_3.png,3.1
384.png,384_len1_len4_st_1.png,2.7
235.png,235_len6_gb_3.png,2.6
149.png,149_len3_len6_st_2.png,2.8
348.png,348_len3_len6_bd_1.png,2.5
170.png,170_len2_gb_3.png,2.7
298.png,298_len3_bd_1.png,3.2
241.png,241_len4_len1_st_2.png,1.75
224.png,224_len3_len6_gn_2.png,3.4
157.png,157_len3_gn_2.png,3.2
400.png,400_len2_bd_3.png,2.3
176.png,176_len5_gn_1.png,4.3
125.png,125_len2_len4_gn_1.png,2.9
241.png,241_len4_gb_2.png,2.8
266.png,266_len2_st_1.png,3.1
308.png,308_len1_len5_bd_2.png,1.8
30.png,30_len5_gn_2.png,2.888888889
46.png,46_len2_st_1.png,4.125
383.png,383_len3_len1_gb_3.png,2.444444444
68.png,68_len3_len5_st_1.png,2.5
320.png,320_len3_gn_3.png,2.444444444
355.png,355_len3_gn_3.png,3.0
14.png,14_len2_len6_bd_2.png,3.0
379.png,379_len5_bd_1.png,3.2
310.png,310_len4_bd_1.png,3.2
78.png,78_len4_bd_2.png,2.222222222
163.png,163_len5_gn_2.png,3.5
305.png,305_len2_bd_3.png,2.0
98.png,98_len3_st_3.png,1.8
237.png,237_len3_gb_1.png,2.8
201.png,201_len2_gb_3.png,2.666666667
7.png,7_len4_st_1.png,3.2
322.png,322_len1_len3_bd_3.png,1.5
219.png,219_len3_len5_gb_2.png,1.8
85.png,85_len2_bd_3.png,1.8
350.png,350_len2_len5_st_3.png,1.8
140.png,140_len4_gb_1.png,3.1
275.png,275_len3_gb_2.png,2.875
222.png,222_len1_bd_3.png,2.0
163.png,163_len5_st_2.png,2.2
35.png,35_len4_gb_2.png,3.2
33.png,33_len3_len6_gb_3.png,1.5
385.png,385_len5_len2_gb_3.png,2.1
167.png,167_len4_gb_3.png,2.5
326.png,326_len5_len2_st_2.png,2.0
293.png,293_len6_gb_2.png,3.0
429.png,429_len3_len1_gn_2.png,2.875
379.png,379_len5_len3_gn_2.png,2.3
205.png,205_len3_gn_1.png,3.625
132.png,132_len6_st_3.png,2.2
396.png,396_len4_len6_bd_2.png,2.5
156.png,156_len1_len4_st_3.png,2.0
365.png,365_len3_gb_1.png,2.888888889
390.png,390_len2_len5_gn_3.png,3.2
325.png,325_len3_bd_2.png,2.7
293.png,293_len6_st_2.png,3.222222222
108.png,108_len3_len6_gb_3.png,2.3
26.png,26_len3_bd_1.png,3.2
361.png,361_len2_bd_3.png,2.111111111
52.png,52_len1_len4_gb_3.png,2.2
35.png,35_len4_st_2.png,3.2
119.png,119_len3_st_2.png,2.444444444
378.png,378_len3_len5_gn_3.png,2.0
139.png,139_len6_len3_st_3.png,1.5
245.png,245_len2_bd_1.png,2.625
404.png,404_len3_st_2.png,2.4
290.png,290_len3_len5_gn_2.png,3.0
79.png,79_len1_len3_st_1.png,2.2
406.png,406_len5_len3_st_1.png,2.333333333
202.png,202_len2_len5_st_2.png,2.3
4.png,4_len3_len5_st_3.png,1.777777778
193.png,193_len4_gn_1.png,4.333333333
371.png,371_len3_len6_gn_1.png,3.8
217.png,217_len2_gn_3.png,3.0
415.png,415_len3_len5_gn_2.png,3.111111111
336.png,336_len4_len1_gb_3.png,2.2
217.png,217_len2_gb_1.png,4.0
332.png,332_len4_len1_gn_2.png,1.9
234.png,234_len5_len2_bd_1.png,3.2
321.png,321_len2_len4_gb_1.png,3.1
115.png,115_len6_gn_2.png,3.111111111
353.png,353_len2_len5_gn_2.png,2.8
311.png,311_len5_bd_3.png,2.6
299.png,299_len1_bd_3.png,1.777777778
76.png,76_len5_len2_gn_1.png,3.8
201.png,201_len2_gn_2.png,3.0
177.png,177_len3_len6_bd_3.png,1.666666667
305.png,305_len2_len5_gn_1.png,3.555555556
198.png,198_len2_bd_1.png,3.3
400.png,400_len2_len6_gb_3.png,2.0
102.png,102_len2_len6_gn_2.png,3.0
178.png,178_len4_st_2.png,3.0
299.png,299_len1_len4_st_3.png,1.6
371.png,371_len3_gn_3.png,2.75
426.png,426_len5_len2_gn_3.png,3.0
422.png,422_len2_gb_1.png,3.2
338.png,338_len2_len6_st_2.png,2.2
283.png,283_len6_len4_bd_3.png,1.333333333
284.png,284_len1_len4_gn_1.png,3.4
60.png,60_len1_gb_2.png,3.0
133.png,133_len1_len4_gb_3.png,2.4
420.png,420_len3_len6_bd_1.png,3.111111111
398.png,398_len1_len4_st_3.png,1.8
358.png,358_len6_st_3.png,2.1
397.png,397_len6_len2_st_3.png,2.111111111
342.png,342_len3_gn_2.png,3.555555556
396.png,396_len4_st_1.png,3.111111111
139.png,139_len6_gn_3.png,3.0
68.png,68_len3_len5_bd_3.png,1.7
387.png,387_len1_st_1.png,3.2
138.png,138_len4_len1_bd_3.png,1.7
94.png,94_len5_st_1.png,2.4
262.png,262_len3_bd_2.png,2.9
106.png,106_len6_len2_gn_3.png,2.5
313.png,313_len2_len5_bd_3.png,1.4
359.png,359_len4_len1_bd_1.png,3.25
76.png,76_len5_len2_st_3.png,2.0
3.png,3_len5_st_1.png,4.125
245.png,245_len2_gb_1.png,3.0
139.png,139_len6_len3_gb_2.png,2.2
216.png,216_len2_bd_2.png,2.8
384.png,384_len1_len4_st_2.png,2.6
249.png,249_len2_gn_2.png,3.4
160.png,160_len1_bd_2.png,2.9
93.png,93_len4_len1_st_2.png,2.125
219.png,219_len3_gn_3.png,2.5
409.png,409_len2_len5_st_1.png,2.875
12.png,12_len1_gn_2.png,2.8
75.png,75_len3_st_2.png,2.5
367.png,367_len2_len5_st_2.png,2.7
306.png,306_len2_len5_gb_3.png,1.5
334.png,334_len2_len4_st_2.png,1.7
71.png,71_len4_gb_1.png,3.444444444
365.png,365_len3_len6_bd_1.png,2.7
199.png,199_len2_len5_st_3.png,3.2
383.png,383_len3_bd_2.png,3.8
97.png,97_len4_len1_bd_1.png,3.3
417.png,417_len2_len5_bd_1.png,3.444444444
98.png,98_len3_gb_3.png,2.444444444
430.png,430_len4_gn_3.png,2.8
302.png,302_len2_len6_gn_3.png,2.5
44.png,44_len2_gn_1.png,3.555555556
247.png,247_len1_bd_3.png,2.1
234.png,234_len5_gb_2.png,2.444444444
158.png,158_len2_len5_gn_2.png,2.75
148.png,148_len6_len3_st_2.png,2.75
391.png,391_len4_gn_1.png,3.6
172.png,172_len4_gb_1.png,3.222222222
276.png,276_len6_bd_3.png,2.1
213.png,213_len4_gb_3.png,2.2
202.png,202_len2_st_2.png,2.2
107.png,107_len1_st_1.png,3.444444444
88.png,88_len3_len6_gb_3.png,2.1
56.png,56_len1_st_3.png,2.75
203.png,203_len6_len3_bd_3.png,1.5
178.png,178_len4_gn_2.png,3.333333333
396.png,396_len4_bd_2.png,2.8
197.png,197_len1_len4_gb_3.png,2.444444444
60.png,60_len1_len4_bd_2.png,3.1
426.png,426_len2_bd_3.png,2.0
340.png,340_len3_len5_gb_1.png,2.6
228.png,228_len5_bd_2.png,3.375
271.png,271_len5_len2_st_2.png,2.25
145.png,145_len6_gn_3.png,2.9
341.png,341_len2_len6_gb_1.png,3.444444444
290.png,290_len3_len5_bd_3.png,2.0
2.png,2_len2_gn_2.png,3.2
192.png,192_len1_len4_bd_1.png,2.5
361.png,361_len2_len4_gb_2.png,2.5
12.png,12_len1_bd_2.png,2.4
164.png,164_len6_gb_3.png,2.0
412.png,412_len3_len6_st_1.png,2.5
30.png,30_len5_len3_bd_2.png,2.2
267.png,267_len2_len5_bd_2.png,2.0
118.png,118_len3_len6_bd_2.png,2.9
336.png,336_len4_bd_2.png,2.8
315.png,315_len6_st_2.png,2.7
296.png,296_len6_gn_2.png,3.2
302.png,302_len2_len6_gb_3.png,2.7
132.png,132_len6_len3_st_3.png,1.6
373.png,373_len2_st_2.png,2.9
